ISO-10303-21;
HEADER;
/* Generated by software containing ST-Developer
 * from STEP Tools, Inc. (www.steptools.com) 
 */

FILE_DESCRIPTION(
/* description */ (''),
/* implementation_level */ '2;1');

FILE_NAME(
/* name */ 'headphone_holder.step',
/* time_stamp */ '2026-02-19T21:20:02Z',
/* author */ (''),
/* organization */ (''),
/* preprocessor_version */ 'ST-DEVELOPER v20.1',
/* originating_system */ 'Autodesk Translation Framework v14.24.0.0',
/* authorisation */ '');

FILE_SCHEMA (('AUTOMOTIVE_DESIGN { 1 0 10303 214 3 1 1 }'));
ENDSEC;

DATA;
#10=MECHANICAL_DESIGN_GEOMETRIC_PRESENTATION_REPRESENTATION('',(#13),#7061);
#11=SHAPE_REPRESENTATION_RELATIONSHIP('SRR','None',#7068,#12);
#12=ADVANCED_BREP_SHAPE_REPRESENTATION('',(#14),#7060);
#13=STYLED_ITEM('',(#7077),#14);
#14=MANIFOLD_SOLID_BREP('Body2',#3925);
#15=FACE_BOUND('',#1093,.T.);
#16=PLANE('',#4083);
#17=PLANE('',#4084);
#18=PLANE('',#4085);
#19=PLANE('',#4100);
#20=PLANE('',#4101);
#21=PLANE('',#4102);
#22=PLANE('',#4103);
#23=PLANE('',#4104);
#24=PLANE('',#4105);
#25=PLANE('',#4106);
#26=PLANE('',#4107);
#27=PLANE('',#4108);
#28=PLANE('',#4109);
#29=PLANE('',#4110);
#30=PLANE('',#4477);
#31=PLANE('',#4478);
#32=PLANE('',#4479);
#33=PLANE('',#4480);
#34=PLANE('',#4481);
#35=PLANE('',#4482);
#36=PLANE('',#4483);
#37=PLANE('',#4484);
#38=PLANE('',#4485);
#39=PLANE('',#4486);
#40=PLANE('',#4487);
#41=PLANE('',#4488);
#42=PLANE('',#4489);
#43=PLANE('',#4490);
#44=PLANE('',#4491);
#45=PLANE('',#4492);
#46=PLANE('',#4493);
#47=PLANE('',#4494);
#48=PLANE('',#4495);
#49=PLANE('',#4496);
#50=PLANE('',#4497);
#51=PLANE('',#4498);
#52=PLANE('',#4499);
#53=PLANE('',#4500);
#54=PLANE('',#4501);
#55=PLANE('',#4502);
#56=PLANE('',#4503);
#57=PLANE('',#4504);
#58=PLANE('',#4505);
#59=PLANE('',#4506);
#60=PLANE('',#4507);
#61=PLANE('',#4508);
#62=PLANE('',#4509);
#63=LINE('',#5943,#327);
#64=LINE('',#5944,#328);
#65=LINE('',#5964,#329);
#66=LINE('',#5965,#330);
#67=LINE('',#5967,#331);
#68=LINE('',#5968,#332);
#69=LINE('',#5988,#333);
#70=LINE('',#5989,#334);
#71=LINE('',#6007,#335);
#72=LINE('',#6008,#336);
#73=LINE('',#6010,#337);
#74=LINE('',#6011,#338);
#75=LINE('',#6029,#339);
#76=LINE('',#6030,#340);
#77=LINE('',#6048,#341);
#78=LINE('',#6049,#342);
#79=LINE('',#6051,#343);
#80=LINE('',#6052,#344);
#81=LINE('',#6068,#345);
#82=LINE('',#6069,#346);
#83=LINE('',#6085,#347);
#84=LINE('',#6086,#348);
#85=LINE('',#6088,#349);
#86=LINE('',#6089,#350);
#87=LINE('',#6107,#351);
#88=LINE('',#6108,#352);
#89=LINE('',#6126,#353);
#90=LINE('',#6127,#354);
#91=LINE('',#6129,#355);
#92=LINE('',#6130,#356);
#93=LINE('',#6148,#357);
#94=LINE('',#6149,#358);
#95=LINE('',#6160,#359);
#96=LINE('',#6161,#360);
#97=LINE('',#6163,#361);
#98=LINE('',#6164,#362);
#99=LINE('',#6166,#363);
#100=LINE('',#6167,#364);
#101=LINE('',#6169,#365);
#102=LINE('',#6170,#366);
#103=LINE('',#6172,#367);
#104=LINE('',#6173,#368);
#105=LINE('',#6175,#369);
#106=LINE('',#6176,#370);
#107=LINE('',#6178,#371);
#108=LINE('',#6179,#372);
#109=LINE('',#6181,#373);
#110=LINE('',#6182,#374);
#111=LINE('',#6184,#375);
#112=LINE('',#6185,#376);
#113=LINE('',#6187,#377);
#114=LINE('',#6188,#378);
#115=LINE('',#6190,#379);
#116=LINE('',#6191,#380);
#117=LINE('',#6193,#381);
#118=LINE('',#6194,#382);
#119=LINE('',#6196,#383);
#120=LINE('',#6197,#384);
#121=LINE('',#6199,#385);
#122=LINE('',#6200,#386);
#123=LINE('',#6202,#387);
#124=LINE('',#6203,#388);
#125=LINE('',#6205,#389);
#126=LINE('',#6206,#390);
#127=LINE('',#6208,#391);
#128=LINE('',#6209,#392);
#129=LINE('',#6211,#393);
#130=LINE('',#6212,#394);
#131=LINE('',#6214,#395);
#132=LINE('',#6215,#396);
#133=LINE('',#6217,#397);
#134=LINE('',#6218,#398);
#135=LINE('',#6224,#399);
#136=LINE('',#6226,#400);
#137=LINE('',#6230,#401);
#138=LINE('',#6234,#402);
#139=LINE('',#6236,#403);
#140=LINE('',#6238,#404);
#141=LINE('',#6242,#405);
#142=LINE('',#6246,#406);
#143=LINE('',#6248,#407);
#144=LINE('',#6250,#408);
#145=LINE('',#6254,#409);
#146=LINE('',#6258,#410);
#147=LINE('',#6260,#411);
#148=LINE('',#6262,#412);
#149=LINE('',#6266,#413);
#150=LINE('',#6270,#414);
#151=LINE('',#6272,#415);
#152=LINE('',#6274,#416);
#153=LINE('',#6278,#417);
#154=LINE('',#6282,#418);
#155=LINE('',#6284,#419);
#156=LINE('',#6286,#420);
#157=LINE('',#6290,#421);
#158=LINE('',#6294,#422);
#159=LINE('',#6296,#423);
#160=LINE('',#6298,#424);
#161=LINE('',#6300,#425);
#162=LINE('',#6302,#426);
#163=LINE('',#6304,#427);
#164=LINE('',#6306,#428);
#165=LINE('',#6310,#429);
#166=LINE('',#6313,#430);
#167=LINE('',#6338,#431);
#168=LINE('',#6347,#432);
#169=LINE('',#6348,#433);
#170=LINE('',#6365,#434);
#171=LINE('',#6366,#435);
#172=LINE('',#6368,#436);
#173=LINE('',#6369,#437);
#174=LINE('',#6377,#438);
#175=LINE('',#6386,#439);
#176=LINE('',#6387,#440);
#177=LINE('',#6404,#441);
#178=LINE('',#6405,#442);
#179=LINE('',#6407,#443);
#180=LINE('',#6408,#444);
#181=LINE('',#6444,#445);
#182=LINE('',#6474,#446);
#183=LINE('',#6483,#447);
#184=LINE('',#6484,#448);
#185=LINE('',#6486,#449);
#186=LINE('',#6487,#450);
#187=LINE('',#6504,#451);
#188=LINE('',#6505,#452);
#189=LINE('',#6507,#453);
#190=LINE('',#6508,#454);
#191=LINE('',#6516,#455);
#192=LINE('',#6525,#456);
#193=LINE('',#6526,#457);
#194=LINE('',#6543,#458);
#195=LINE('',#6544,#459);
#196=LINE('',#6546,#460);
#197=LINE('',#6547,#461);
#198=LINE('',#6583,#462);
#199=LINE('',#6607,#463);
#200=LINE('',#6608,#464);
#201=LINE('',#6616,#465);
#202=LINE('',#6625,#466);
#203=LINE('',#6626,#467);
#204=LINE('',#6643,#468);
#205=LINE('',#6644,#469);
#206=LINE('',#6646,#470);
#207=LINE('',#6647,#471);
#208=LINE('',#6655,#472);
#209=LINE('',#6664,#473);
#210=LINE('',#6665,#474);
#211=LINE('',#6682,#475);
#212=LINE('',#6683,#476);
#213=LINE('',#6685,#477);
#214=LINE('',#6686,#478);
#215=LINE('',#6720,#479);
#216=LINE('',#6742,#480);
#217=LINE('',#6743,#481);
#218=LINE('',#6751,#482);
#219=LINE('',#6760,#483);
#220=LINE('',#6761,#484);
#221=LINE('',#6763,#485);
#222=LINE('',#6764,#486);
#223=LINE('',#6781,#487);
#224=LINE('',#6782,#488);
#225=LINE('',#6784,#489);
#226=LINE('',#6785,#490);
#227=LINE('',#6793,#491);
#228=LINE('',#6802,#492);
#229=LINE('',#6803,#493);
#230=LINE('',#6820,#494);
#231=LINE('',#6821,#495);
#232=LINE('',#6823,#496);
#233=LINE('',#6824,#497);
#234=LINE('',#6860,#498);
#235=LINE('',#6862,#499);
#236=LINE('',#6880,#500);
#237=LINE('',#6881,#501);
#238=LINE('',#6883,#502);
#239=LINE('',#6884,#503);
#240=LINE('',#6886,#504);
#241=LINE('',#6887,#505);
#242=LINE('',#6889,#506);
#243=LINE('',#6890,#507);
#244=LINE('',#6892,#508);
#245=LINE('',#6893,#509);
#246=LINE('',#6895,#510);
#247=LINE('',#6896,#511);
#248=LINE('',#6898,#512);
#249=LINE('',#6899,#513);
#250=LINE('',#6901,#514);
#251=LINE('',#6903,#515);
#252=LINE('',#6904,#516);
#253=LINE('',#6906,#517);
#254=LINE('',#6907,#518);
#255=LINE('',#6909,#519);
#256=LINE('',#6911,#520);
#257=LINE('',#6913,#521);
#258=LINE('',#6914,#522);
#259=LINE('',#6916,#523);
#260=LINE('',#6918,#524);
#261=LINE('',#6919,#525);
#262=LINE('',#6921,#526);
#263=LINE('',#6923,#527);
#264=LINE('',#6924,#528);
#265=LINE('',#6926,#529);
#266=LINE('',#6927,#530);
#267=LINE('',#6929,#531);
#268=LINE('',#6930,#532);
#269=LINE('',#6932,#533);
#270=LINE('',#6933,#534);
#271=LINE('',#6935,#535);
#272=LINE('',#6937,#536);
#273=LINE('',#6938,#537);
#274=LINE('',#6940,#538);
#275=LINE('',#6941,#539);
#276=LINE('',#6943,#540);
#277=LINE('',#6945,#541);
#278=LINE('',#6947,#542);
#279=LINE('',#6948,#543);
#280=LINE('',#6950,#544);
#281=LINE('',#6952,#545);
#282=LINE('',#6953,#546);
#283=LINE('',#6955,#547);
#284=LINE('',#6956,#548);
#285=LINE('',#6958,#549);
#286=LINE('',#6960,#550);
#287=LINE('',#6961,#551);
#288=LINE('',#6963,#552);
#289=LINE('',#6964,#553);
#290=LINE('',#6966,#554);
#291=LINE('',#6967,#555);
#292=LINE('',#6969,#556);
#293=LINE('',#6970,#557);
#294=LINE('',#6972,#558);
#295=LINE('',#6974,#559);
#296=LINE('',#6975,#560);
#297=LINE('',#6977,#561);
#298=LINE('',#6978,#562);
#299=LINE('',#6980,#563);
#300=LINE('',#6982,#564);
#301=LINE('',#6984,#565);
#302=LINE('',#6985,#566);
#303=LINE('',#6987,#567);
#304=LINE('',#6989,#568);
#305=LINE('',#6990,#569);
#306=LINE('',#6992,#570);
#307=LINE('',#6993,#571);
#308=LINE('',#6995,#572);
#309=LINE('',#6997,#573);
#310=LINE('',#6998,#574);
#311=LINE('',#7000,#575);
#312=LINE('',#7001,#576);
#313=LINE('',#7003,#577);
#314=LINE('',#7004,#578);
#315=LINE('',#7006,#579);
#316=LINE('',#7007,#580);
#317=LINE('',#7009,#581);
#318=LINE('',#7011,#582);
#319=LINE('',#7012,#583);
#320=LINE('',#7014,#584);
#321=LINE('',#7015,#585);
#322=LINE('',#7017,#586);
#323=LINE('',#7019,#587);
#324=LINE('',#7021,#588);
#325=LINE('',#7022,#589);
#326=LINE('',#7024,#590);
#327=VECTOR('',#4540,10.);
#328=VECTOR('',#4541,10.);
#329=VECTOR('',#4564,10.);
#330=VECTOR('',#4565,10.);
#331=VECTOR('',#4568,10.);
#332=VECTOR('',#4569,10.);
#333=VECTOR('',#4592,10.);
#334=VECTOR('',#4593,10.);
#335=VECTOR('',#4614,10.);
#336=VECTOR('',#4615,10.);
#337=VECTOR('',#4618,10.);
#338=VECTOR('',#4619,10.);
#339=VECTOR('',#4640,10.);
#340=VECTOR('',#4641,10.);
#341=VECTOR('',#4662,10.);
#342=VECTOR('',#4663,10.);
#343=VECTOR('',#4666,10.);
#344=VECTOR('',#4667,10.);
#345=VECTOR('',#4686,10.);
#346=VECTOR('',#4687,10.);
#347=VECTOR('',#4706,10.);
#348=VECTOR('',#4707,10.);
#349=VECTOR('',#4710,10.);
#350=VECTOR('',#4711,10.);
#351=VECTOR('',#4732,10.);
#352=VECTOR('',#4733,10.);
#353=VECTOR('',#4754,10.);
#354=VECTOR('',#4755,10.);
#355=VECTOR('',#4758,10.);
#356=VECTOR('',#4759,10.);
#357=VECTOR('',#4780,10.);
#358=VECTOR('',#4781,10.);
#359=VECTOR('',#4794,10.);
#360=VECTOR('',#4795,10.);
#361=VECTOR('',#4798,10.);
#362=VECTOR('',#4799,10.);
#363=VECTOR('',#4802,10.);
#364=VECTOR('',#4803,10.);
#365=VECTOR('',#4806,10.);
#366=VECTOR('',#4807,10.);
#367=VECTOR('',#4810,10.);
#368=VECTOR('',#4811,10.);
#369=VECTOR('',#4814,10.);
#370=VECTOR('',#4815,10.);
#371=VECTOR('',#4818,10.);
#372=VECTOR('',#4819,10.);
#373=VECTOR('',#4822,10.);
#374=VECTOR('',#4823,10.);
#375=VECTOR('',#4826,10.);
#376=VECTOR('',#4827,10.);
#377=VECTOR('',#4830,10.);
#378=VECTOR('',#4831,10.);
#379=VECTOR('',#4834,10.);
#380=VECTOR('',#4835,10.);
#381=VECTOR('',#4838,10.);
#382=VECTOR('',#4839,10.);
#383=VECTOR('',#4842,10.);
#384=VECTOR('',#4843,10.);
#385=VECTOR('',#4846,10.);
#386=VECTOR('',#4847,10.);
#387=VECTOR('',#4850,10.);
#388=VECTOR('',#4851,10.);
#389=VECTOR('',#4854,10.);
#390=VECTOR('',#4855,10.);
#391=VECTOR('',#4858,10.);
#392=VECTOR('',#4859,10.);
#393=VECTOR('',#4862,10.);
#394=VECTOR('',#4863,10.);
#395=VECTOR('',#4866,10.);
#396=VECTOR('',#4867,10.);
#397=VECTOR('',#4870,10.);
#398=VECTOR('',#4871,10.);
#399=VECTOR('',#4878,10.);
#400=VECTOR('',#4879,10.);
#401=VECTOR('',#4882,10.);
#402=VECTOR('',#4885,10.);
#403=VECTOR('',#4886,10.);
#404=VECTOR('',#4887,10.);
#405=VECTOR('',#4890,10.);
#406=VECTOR('',#4893,10.);
#407=VECTOR('',#4894,10.);
#408=VECTOR('',#4895,10.);
#409=VECTOR('',#4898,10.);
#410=VECTOR('',#4901,10.);
#411=VECTOR('',#4902,10.);
#412=VECTOR('',#4903,10.);
#413=VECTOR('',#4906,10.);
#414=VECTOR('',#4909,10.);
#415=VECTOR('',#4910,10.);
#416=VECTOR('',#4911,10.);
#417=VECTOR('',#4914,10.);
#418=VECTOR('',#4917,10.);
#419=VECTOR('',#4918,10.);
#420=VECTOR('',#4919,10.);
#421=VECTOR('',#4922,10.);
#422=VECTOR('',#4925,10.);
#423=VECTOR('',#4926,10.);
#424=VECTOR('',#4927,10.);
#425=VECTOR('',#4928,10.);
#426=VECTOR('',#4929,10.);
#427=VECTOR('',#4930,10.);
#428=VECTOR('',#4931,10.);
#429=VECTOR('',#4934,10.);
#430=VECTOR('',#4937,10.);
#431=VECTOR('',#4978,10.);
#432=VECTOR('',#4989,10.);
#433=VECTOR('',#4990,10.);
#434=VECTOR('',#5011,10.);
#435=VECTOR('',#5012,10.);
#436=VECTOR('',#5015,10.);
#437=VECTOR('',#5016,10.);
#438=VECTOR('',#5027,10.);
#439=VECTOR('',#5038,10.);
#440=VECTOR('',#5039,10.);
#441=VECTOR('',#5060,10.);
#442=VECTOR('',#5061,10.);
#443=VECTOR('',#5064,10.);
#444=VECTOR('',#5065,10.);
#445=VECTOR('',#5110,10.);
#446=VECTOR('',#5147,10.);
#447=VECTOR('',#5158,10.);
#448=VECTOR('',#5159,10.);
#449=VECTOR('',#5162,10.);
#450=VECTOR('',#5163,10.);
#451=VECTOR('',#5184,10.);
#452=VECTOR('',#5185,10.);
#453=VECTOR('',#5188,10.);
#454=VECTOR('',#5189,10.);
#455=VECTOR('',#5200,10.);
#456=VECTOR('',#5211,10.);
#457=VECTOR('',#5212,10.);
#458=VECTOR('',#5233,10.);
#459=VECTOR('',#5234,10.);
#460=VECTOR('',#5237,10.);
#461=VECTOR('',#5238,10.);
#462=VECTOR('',#5283,10.);
#463=VECTOR('',#5312,10.);
#464=VECTOR('',#5313,10.);
#465=VECTOR('',#5324,10.);
#466=VECTOR('',#5335,10.);
#467=VECTOR('',#5336,10.);
#468=VECTOR('',#5357,10.);
#469=VECTOR('',#5358,10.);
#470=VECTOR('',#5361,10.);
#471=VECTOR('',#5362,10.);
#472=VECTOR('',#5373,10.);
#473=VECTOR('',#5384,10.);
#474=VECTOR('',#5385,10.);
#475=VECTOR('',#5406,10.);
#476=VECTOR('',#5407,10.);
#477=VECTOR('',#5410,10.);
#478=VECTOR('',#5411,10.);
#479=VECTOR('',#5454,10.);
#480=VECTOR('',#5481,10.);
#481=VECTOR('',#5482,10.);
#482=VECTOR('',#5493,10.);
#483=VECTOR('',#5504,10.);
#484=VECTOR('',#5505,10.);
#485=VECTOR('',#5508,10.);
#486=VECTOR('',#5509,10.);
#487=VECTOR('',#5530,10.);
#488=VECTOR('',#5531,10.);
#489=VECTOR('',#5534,10.);
#490=VECTOR('',#5535,10.);
#491=VECTOR('',#5546,10.);
#492=VECTOR('',#5557,10.);
#493=VECTOR('',#5558,10.);
#494=VECTOR('',#5579,10.);
#495=VECTOR('',#5580,10.);
#496=VECTOR('',#5583,10.);
#497=VECTOR('',#5584,10.);
#498=VECTOR('',#5629,10.);
#499=VECTOR('',#5632,10.);
#500=VECTOR('',#5653,10.);
#501=VECTOR('',#5654,10.);
#502=VECTOR('',#5657,10.);
#503=VECTOR('',#5658,10.);
#504=VECTOR('',#5661,10.);
#505=VECTOR('',#5662,10.);
#506=VECTOR('',#5665,10.);
#507=VECTOR('',#5666,10.);
#508=VECTOR('',#5669,10.);
#509=VECTOR('',#5670,10.);
#510=VECTOR('',#5673,10.);
#511=VECTOR('',#5674,10.);
#512=VECTOR('',#5677,10.);
#513=VECTOR('',#5678,10.);
#514=VECTOR('',#5681,10.);
#515=VECTOR('',#5684,10.);
#516=VECTOR('',#5685,10.);
#517=VECTOR('',#5688,10.);
#518=VECTOR('',#5689,10.);
#519=VECTOR('',#5692,10.);
#520=VECTOR('',#5695,10.);
#521=VECTOR('',#5698,10.);
#522=VECTOR('',#5699,10.);
#523=VECTOR('',#5702,10.);
#524=VECTOR('',#5705,10.);
#525=VECTOR('',#5706,10.);
#526=VECTOR('',#5709,10.);
#527=VECTOR('',#5712,10.);
#528=VECTOR('',#5713,10.);
#529=VECTOR('',#5716,10.);
#530=VECTOR('',#5717,10.);
#531=VECTOR('',#5720,10.);
#532=VECTOR('',#5721,10.);
#533=VECTOR('',#5724,10.);
#534=VECTOR('',#5725,10.);
#535=VECTOR('',#5728,10.);
#536=VECTOR('',#5731,10.);
#537=VECTOR('',#5732,10.);
#538=VECTOR('',#5735,10.);
#539=VECTOR('',#5736,10.);
#540=VECTOR('',#5739,10.);
#541=VECTOR('',#5742,10.);
#542=VECTOR('',#5745,10.);
#543=VECTOR('',#5746,10.);
#544=VECTOR('',#5749,10.);
#545=VECTOR('',#5752,10.);
#546=VECTOR('',#5753,10.);
#547=VECTOR('',#5756,10.);
#548=VECTOR('',#5757,10.);
#549=VECTOR('',#5760,10.);
#550=VECTOR('',#5763,10.);
#551=VECTOR('',#5764,10.);
#552=VECTOR('',#5767,10.);
#553=VECTOR('',#5768,10.);
#554=VECTOR('',#5771,10.);
#555=VECTOR('',#5772,10.);
#556=VECTOR('',#5775,10.);
#557=VECTOR('',#5776,10.);
#558=VECTOR('',#5779,10.);
#559=VECTOR('',#5782,10.);
#560=VECTOR('',#5783,10.);
#561=VECTOR('',#5786,10.);
#562=VECTOR('',#5787,10.);
#563=VECTOR('',#5790,10.);
#564=VECTOR('',#5793,10.);
#565=VECTOR('',#5796,10.);
#566=VECTOR('',#5797,10.);
#567=VECTOR('',#5800,10.);
#568=VECTOR('',#5803,10.);
#569=VECTOR('',#5804,10.);
#570=VECTOR('',#5807,10.);
#571=VECTOR('',#5808,10.);
#572=VECTOR('',#5811,10.);
#573=VECTOR('',#5814,10.);
#574=VECTOR('',#5815,10.);
#575=VECTOR('',#5818,10.);
#576=VECTOR('',#5819,10.);
#577=VECTOR('',#5822,10.);
#578=VECTOR('',#5823,10.);
#579=VECTOR('',#5826,10.);
#580=VECTOR('',#5827,10.);
#581=VECTOR('',#5830,10.);
#582=VECTOR('',#5833,10.);
#583=VECTOR('',#5834,10.);
#584=VECTOR('',#5837,10.);
#585=VECTOR('',#5838,10.);
#586=VECTOR('',#5841,10.);
#587=VECTOR('',#5844,10.);
#588=VECTOR('',#5847,10.);
#589=VECTOR('',#5848,10.);
#590=VECTOR('',#5851,10.);
#591=CYLINDRICAL_SURFACE('',#3952,0.5);
#592=CYLINDRICAL_SURFACE('',#3963,0.5);
#593=CYLINDRICAL_SURFACE('',#3964,0.5);
#594=CYLINDRICAL_SURFACE('',#3975,0.5);
#595=CYLINDRICAL_SURFACE('',#3985,0.5);
#596=CYLINDRICAL_SURFACE('',#3986,0.5);
#597=CYLINDRICAL_SURFACE('',#3996,0.5);
#598=CYLINDRICAL_SURFACE('',#4006,0.5);
#599=CYLINDRICAL_SURFACE('',#4007,0.5);
#600=CYLINDRICAL_SURFACE('',#4016,0.5);
#601=CYLINDRICAL_SURFACE('',#4025,0.5);
#602=CYLINDRICAL_SURFACE('',#4026,0.5);
#603=CYLINDRICAL_SURFACE('',#4036,0.5);
#604=CYLINDRICAL_SURFACE('',#4046,0.5);
#605=CYLINDRICAL_SURFACE('',#4047,0.5);
#606=CYLINDRICAL_SURFACE('',#4057,0.5);
#607=CYLINDRICAL_SURFACE('',#4063,0.5);
#608=CYLINDRICAL_SURFACE('',#4064,0.5);
#609=CYLINDRICAL_SURFACE('',#4065,0.5);
#610=CYLINDRICAL_SURFACE('',#4066,0.5);
#611=CYLINDRICAL_SURFACE('',#4067,0.5);
#612=CYLINDRICAL_SURFACE('',#4068,0.5);
#613=CYLINDRICAL_SURFACE('',#4069,0.5);
#614=CYLINDRICAL_SURFACE('',#4070,0.5);
#615=CYLINDRICAL_SURFACE('',#4071,0.5);
#616=CYLINDRICAL_SURFACE('',#4072,0.5);
#617=CYLINDRICAL_SURFACE('',#4073,0.5);
#618=CYLINDRICAL_SURFACE('',#4074,0.5);
#619=CYLINDRICAL_SURFACE('',#4075,0.5);
#620=CYLINDRICAL_SURFACE('',#4076,0.5);
#621=CYLINDRICAL_SURFACE('',#4077,0.5);
#622=CYLINDRICAL_SURFACE('',#4078,0.5);
#623=CYLINDRICAL_SURFACE('',#4079,0.5);
#624=CYLINDRICAL_SURFACE('',#4080,0.5);
#625=CYLINDRICAL_SURFACE('',#4081,0.5);
#626=CYLINDRICAL_SURFACE('',#4082,0.5);
#627=CYLINDRICAL_SURFACE('',#4119,0.5);
#628=CYLINDRICAL_SURFACE('',#4124,0.5);
#629=CYLINDRICAL_SURFACE('',#4134,0.5);
#630=CYLINDRICAL_SURFACE('',#4135,0.5);
#631=CYLINDRICAL_SURFACE('',#4140,0.5);
#632=CYLINDRICAL_SURFACE('',#4145,0.5);
#633=CYLINDRICAL_SURFACE('',#4155,0.5);
#634=CYLINDRICAL_SURFACE('',#4156,0.5);
#635=CYLINDRICAL_SURFACE('',#4178,0.5);
#636=CYLINDRICAL_SURFACE('',#4196,0.5);
#637=CYLINDRICAL_SURFACE('',#4201,0.5);
#638=CYLINDRICAL_SURFACE('',#4202,0.5);
#639=CYLINDRICAL_SURFACE('',#4212,0.5);
#640=CYLINDRICAL_SURFACE('',#4213,0.5);
#641=CYLINDRICAL_SURFACE('',#4218,0.5);
#642=CYLINDRICAL_SURFACE('',#4223,0.5);
#643=CYLINDRICAL_SURFACE('',#4233,0.5);
#644=CYLINDRICAL_SURFACE('',#4234,0.5);
#645=CYLINDRICAL_SURFACE('',#4256,0.5);
#646=CYLINDRICAL_SURFACE('',#4270,0.5);
#647=CYLINDRICAL_SURFACE('',#4275,0.5);
#648=CYLINDRICAL_SURFACE('',#4280,0.5);
#649=CYLINDRICAL_SURFACE('',#4290,0.5);
#650=CYLINDRICAL_SURFACE('',#4291,0.5);
#651=CYLINDRICAL_SURFACE('',#4296,0.5);
#652=CYLINDRICAL_SURFACE('',#4301,0.5);
#653=CYLINDRICAL_SURFACE('',#4311,0.5);
#654=CYLINDRICAL_SURFACE('',#4312,0.5);
#655=CYLINDRICAL_SURFACE('',#4333,0.5);
#656=CYLINDRICAL_SURFACE('',#4346,0.5);
#657=CYLINDRICAL_SURFACE('',#4351,0.5);
#658=CYLINDRICAL_SURFACE('',#4356,0.5);
#659=CYLINDRICAL_SURFACE('',#4357,0.5);
#660=CYLINDRICAL_SURFACE('',#4367,0.5);
#661=CYLINDRICAL_SURFACE('',#4368,0.5);
#662=CYLINDRICAL_SURFACE('',#4373,0.5);
#663=CYLINDRICAL_SURFACE('',#4378,0.5);
#664=CYLINDRICAL_SURFACE('',#4388,0.5);
#665=CYLINDRICAL_SURFACE('',#4389,0.5);
#666=CYLINDRICAL_SURFACE('',#4411,0.5);
#667=CYLINDRICAL_SURFACE('',#4412,0.5);
#668=CYLINDRICAL_SURFACE('',#4422,0.5);
#669=CYLINDRICAL_SURFACE('',#4423,0.5);
#670=CYLINDRICAL_SURFACE('',#4424,0.5);
#671=CYLINDRICAL_SURFACE('',#4425,0.5);
#672=CYLINDRICAL_SURFACE('',#4426,0.5);
#673=CYLINDRICAL_SURFACE('',#4427,0.5);
#674=CYLINDRICAL_SURFACE('',#4428,0.5);
#675=CYLINDRICAL_SURFACE('',#4429,0.5);
#676=CYLINDRICAL_SURFACE('',#4430,0.5);
#677=CYLINDRICAL_SURFACE('',#4431,0.5);
#678=CYLINDRICAL_SURFACE('',#4432,0.5);
#679=CYLINDRICAL_SURFACE('',#4433,0.5);
#680=CYLINDRICAL_SURFACE('',#4434,0.5);
#681=CYLINDRICAL_SURFACE('',#4435,0.5);
#682=CYLINDRICAL_SURFACE('',#4436,0.5);
#683=CYLINDRICAL_SURFACE('',#4437,0.5);
#684=CYLINDRICAL_SURFACE('',#4438,0.5);
#685=CYLINDRICAL_SURFACE('',#4439,0.5);
#686=CYLINDRICAL_SURFACE('',#4440,0.5);
#687=CYLINDRICAL_SURFACE('',#4441,0.5);
#688=CYLINDRICAL_SURFACE('',#4442,0.5);
#689=CYLINDRICAL_SURFACE('',#4443,0.5);
#690=CYLINDRICAL_SURFACE('',#4444,0.5);
#691=CYLINDRICAL_SURFACE('',#4445,0.5);
#692=CYLINDRICAL_SURFACE('',#4446,0.5);
#693=CYLINDRICAL_SURFACE('',#4447,0.5);
#694=CYLINDRICAL_SURFACE('',#4448,0.5);
#695=CYLINDRICAL_SURFACE('',#4449,0.5);
#696=CYLINDRICAL_SURFACE('',#4450,0.5);
#697=CYLINDRICAL_SURFACE('',#4451,0.5);
#698=CYLINDRICAL_SURFACE('',#4452,0.5);
#699=CYLINDRICAL_SURFACE('',#4453,0.5);
#700=CYLINDRICAL_SURFACE('',#4454,0.5);
#701=CYLINDRICAL_SURFACE('',#4455,0.5);
#702=CYLINDRICAL_SURFACE('',#4456,0.5);
#703=CYLINDRICAL_SURFACE('',#4457,0.5);
#704=CYLINDRICAL_SURFACE('',#4458,0.5);
#705=CYLINDRICAL_SURFACE('',#4459,0.5);
#706=CYLINDRICAL_SURFACE('',#4460,0.5);
#707=CYLINDRICAL_SURFACE('',#4461,0.5);
#708=CYLINDRICAL_SURFACE('',#4462,0.5);
#709=CYLINDRICAL_SURFACE('',#4463,0.5);
#710=CYLINDRICAL_SURFACE('',#4464,0.5);
#711=CYLINDRICAL_SURFACE('',#4465,0.5);
#712=CYLINDRICAL_SURFACE('',#4466,0.5);
#713=CYLINDRICAL_SURFACE('',#4467,0.5);
#714=CYLINDRICAL_SURFACE('',#4468,0.5);
#715=CYLINDRICAL_SURFACE('',#4469,0.5);
#716=CYLINDRICAL_SURFACE('',#4470,0.5);
#717=CYLINDRICAL_SURFACE('',#4471,0.5);
#718=CYLINDRICAL_SURFACE('',#4472,0.5);
#719=CYLINDRICAL_SURFACE('',#4473,0.5);
#720=CYLINDRICAL_SURFACE('',#4474,0.5);
#721=CYLINDRICAL_SURFACE('',#4475,0.5);
#722=CYLINDRICAL_SURFACE('',#4476,0.5);
#723=TOROIDAL_SURFACE('',#3943,0.999999999999999,0.5);
#724=TOROIDAL_SURFACE('',#3953,0.999999999999996,0.499999999999998);
#725=TOROIDAL_SURFACE('',#3958,1.,0.5);
#726=TOROIDAL_SURFACE('',#3965,0.999999999999996,0.5);
#727=TOROIDAL_SURFACE('',#3970,0.999999999999996,0.499999999999998);
#728=TOROIDAL_SURFACE('',#3980,1.,0.5);
#729=TOROIDAL_SURFACE('',#3987,1.,0.5);
#730=TOROIDAL_SURFACE('',#4001,0.999999999999996,0.499999999999998);
#731=TOROIDAL_SURFACE('',#4027,0.999999999999996,0.499999999999998);
#732=TOROIDAL_SURFACE('',#4041,1.00000000000001,0.499999999999998);
#733=TOROIDAL_SURFACE('',#4048,1.00000000000001,0.499999999999998);
#734=TOROIDAL_SURFACE('',#4058,0.999999999999996,0.499999999999998);
#735=TOROIDAL_SURFACE('',#4115,0.999999999999999,0.5);
#736=TOROIDAL_SURFACE('',#4129,0.999999999999999,0.5);
#737=TOROIDAL_SURFACE('',#4136,0.999999999999996,0.499999999999998);
#738=TOROIDAL_SURFACE('',#4146,0.999999999999996,0.499999999999998);
#739=TOROIDAL_SURFACE('',#4150,0.999999999999996,0.5);
#740=TOROIDAL_SURFACE('',#4161,0.999999999999996,0.5);
#741=TOROIDAL_SURFACE('',#4166,0.999999999999999,0.5);
#742=TOROIDAL_SURFACE('',#4179,0.999999999999999,0.5);
#743=TOROIDAL_SURFACE('',#4192,1.,0.5);
#744=TOROIDAL_SURFACE('',#4207,1.,0.5);
#745=TOROIDAL_SURFACE('',#4214,0.999999999999996,0.499999999999998);
#746=TOROIDAL_SURFACE('',#4224,1.00000000000001,0.500000000000007);
#747=TOROIDAL_SURFACE('',#4228,0.999999999999996,0.5);
#748=TOROIDAL_SURFACE('',#4239,1.00000000000001,0.5);
#749=TOROIDAL_SURFACE('',#4244,0.999999999999999,0.5);
#750=TOROIDAL_SURFACE('',#4257,0.999999999999999,0.5);
#751=TOROIDAL_SURFACE('',#4271,0.999999999999999,0.5);
#752=TOROIDAL_SURFACE('',#4285,0.999999999999999,0.5);
#753=TOROIDAL_SURFACE('',#4292,1.,0.5);
#754=TOROIDAL_SURFACE('',#4306,0.999999999999996,0.5);
#755=TOROIDAL_SURFACE('',#4347,0.999999999999999,0.5);
#756=TOROIDAL_SURFACE('',#4362,0.999999999999999,0.5);
#757=TOROIDAL_SURFACE('',#4369,0.999999999999996,0.499999999999998);
#758=TOROIDAL_SURFACE('',#4379,0.999999999999996,0.499999999999998);
#759=TOROIDAL_SURFACE('',#4383,1.,0.5);
#760=TOROIDAL_SURFACE('',#4394,1.00000000000001,0.5);
#761=TOROIDAL_SURFACE('',#4399,0.999999999999999,0.5);
#762=TOROIDAL_SURFACE('',#4413,0.999999999999999,0.5);
#763=FACE_OUTER_BOUND('',#1030,.T.);
#764=FACE_OUTER_BOUND('',#1031,.T.);
#765=FACE_OUTER_BOUND('',#1032,.T.);
#766=FACE_OUTER_BOUND('',#1033,.T.);
#767=FACE_OUTER_BOUND('',#1034,.T.);
#768=FACE_OUTER_BOUND('',#1035,.T.);
#769=FACE_OUTER_BOUND('',#1036,.T.);
#770=FACE_OUTER_BOUND('',#1037,.T.);
#771=FACE_OUTER_BOUND('',#1038,.T.);
#772=FACE_OUTER_BOUND('',#1039,.T.);
#773=FACE_OUTER_BOUND('',#1040,.T.);
#774=FACE_OUTER_BOUND('',#1041,.T.);
#775=FACE_OUTER_BOUND('',#1042,.T.);
#776=FACE_OUTER_BOUND('',#1043,.T.);
#777=FACE_OUTER_BOUND('',#1044,.T.);
#778=FACE_OUTER_BOUND('',#1045,.T.);
#779=FACE_OUTER_BOUND('',#1046,.T.);
#780=FACE_OUTER_BOUND('',#1047,.T.);
#781=FACE_OUTER_BOUND('',#1048,.T.);
#782=FACE_OUTER_BOUND('',#1049,.T.);
#783=FACE_OUTER_BOUND('',#1050,.T.);
#784=FACE_OUTER_BOUND('',#1051,.T.);
#785=FACE_OUTER_BOUND('',#1052,.T.);
#786=FACE_OUTER_BOUND('',#1053,.T.);
#787=FACE_OUTER_BOUND('',#1054,.T.);
#788=FACE_OUTER_BOUND('',#1055,.T.);
#789=FACE_OUTER_BOUND('',#1056,.T.);
#790=FACE_OUTER_BOUND('',#1057,.T.);
#791=FACE_OUTER_BOUND('',#1058,.T.);
#792=FACE_OUTER_BOUND('',#1059,.T.);
#793=FACE_OUTER_BOUND('',#1060,.T.);
#794=FACE_OUTER_BOUND('',#1061,.T.);
#795=FACE_OUTER_BOUND('',#1062,.T.);
#796=FACE_OUTER_BOUND('',#1063,.T.);
#797=FACE_OUTER_BOUND('',#1064,.T.);
#798=FACE_OUTER_BOUND('',#1065,.T.);
#799=FACE_OUTER_BOUND('',#1066,.T.);
#800=FACE_OUTER_BOUND('',#1067,.T.);
#801=FACE_OUTER_BOUND('',#1068,.T.);
#802=FACE_OUTER_BOUND('',#1069,.T.);
#803=FACE_OUTER_BOUND('',#1070,.T.);
#804=FACE_OUTER_BOUND('',#1071,.T.);
#805=FACE_OUTER_BOUND('',#1072,.T.);
#806=FACE_OUTER_BOUND('',#1073,.T.);
#807=FACE_OUTER_BOUND('',#1074,.T.);
#808=FACE_OUTER_BOUND('',#1075,.T.);
#809=FACE_OUTER_BOUND('',#1076,.T.);
#810=FACE_OUTER_BOUND('',#1077,.T.);
#811=FACE_OUTER_BOUND('',#1078,.T.);
#812=FACE_OUTER_BOUND('',#1079,.T.);
#813=FACE_OUTER_BOUND('',#1080,.T.);
#814=FACE_OUTER_BOUND('',#1081,.T.);
#815=FACE_OUTER_BOUND('',#1082,.T.);
#816=FACE_OUTER_BOUND('',#1083,.T.);
#817=FACE_OUTER_BOUND('',#1084,.T.);
#818=FACE_OUTER_BOUND('',#1085,.T.);
#819=FACE_OUTER_BOUND('',#1086,.T.);
#820=FACE_OUTER_BOUND('',#1087,.T.);
#821=FACE_OUTER_BOUND('',#1088,.T.);
#822=FACE_OUTER_BOUND('',#1089,.T.);
#823=FACE_OUTER_BOUND('',#1090,.T.);
#824=FACE_OUTER_BOUND('',#1091,.T.);
#825=FACE_OUTER_BOUND('',#1092,.T.);
#826=FACE_OUTER_BOUND('',#1094,.T.);
#827=FACE_OUTER_BOUND('',#1095,.T.);
#828=FACE_OUTER_BOUND('',#1096,.T.);
#829=FACE_OUTER_BOUND('',#1097,.T.);
#830=FACE_OUTER_BOUND('',#1098,.T.);
#831=FACE_OUTER_BOUND('',#1099,.T.);
#832=FACE_OUTER_BOUND('',#1100,.T.);
#833=FACE_OUTER_BOUND('',#1101,.T.);
#834=FACE_OUTER_BOUND('',#1102,.T.);
#835=FACE_OUTER_BOUND('',#1103,.T.);
#836=FACE_OUTER_BOUND('',#1104,.T.);
#837=FACE_OUTER_BOUND('',#1105,.T.);
#838=FACE_OUTER_BOUND('',#1106,.T.);
#839=FACE_OUTER_BOUND('',#1107,.T.);
#840=FACE_OUTER_BOUND('',#1108,.T.);
#841=FACE_OUTER_BOUND('',#1109,.T.);
#842=FACE_OUTER_BOUND('',#1110,.T.);
#843=FACE_OUTER_BOUND('',#1111,.T.);
#844=FACE_OUTER_BOUND('',#1112,.T.);
#845=FACE_OUTER_BOUND('',#1113,.T.);
#846=FACE_OUTER_BOUND('',#1114,.T.);
#847=FACE_OUTER_BOUND('',#1115,.T.);
#848=FACE_OUTER_BOUND('',#1116,.T.);
#849=FACE_OUTER_BOUND('',#1117,.T.);
#850=FACE_OUTER_BOUND('',#1118,.T.);
#851=FACE_OUTER_BOUND('',#1119,.T.);
#852=FACE_OUTER_BOUND('',#1120,.T.);
#853=FACE_OUTER_BOUND('',#1121,.T.);
#854=FACE_OUTER_BOUND('',#1122,.T.);
#855=FACE_OUTER_BOUND('',#1123,.T.);
#856=FACE_OUTER_BOUND('',#1124,.T.);
#857=FACE_OUTER_BOUND('',#1125,.T.);
#858=FACE_OUTER_BOUND('',#1126,.T.);
#859=FACE_OUTER_BOUND('',#1127,.T.);
#860=FACE_OUTER_BOUND('',#1128,.T.);
#861=FACE_OUTER_BOUND('',#1129,.T.);
#862=FACE_OUTER_BOUND('',#1130,.T.);
#863=FACE_OUTER_BOUND('',#1131,.T.);
#864=FACE_OUTER_BOUND('',#1132,.T.);
#865=FACE_OUTER_BOUND('',#1133,.T.);
#866=FACE_OUTER_BOUND('',#1134,.T.);
#867=FACE_OUTER_BOUND('',#1135,.T.);
#868=FACE_OUTER_BOUND('',#1136,.T.);
#869=FACE_OUTER_BOUND('',#1137,.T.);
#870=FACE_OUTER_BOUND('',#1138,.T.);
#871=FACE_OUTER_BOUND('',#1139,.T.);
#872=FACE_OUTER_BOUND('',#1140,.T.);
#873=FACE_OUTER_BOUND('',#1141,.T.);
#874=FACE_OUTER_BOUND('',#1142,.T.);
#875=FACE_OUTER_BOUND('',#1143,.T.);
#876=FACE_OUTER_BOUND('',#1144,.T.);
#877=FACE_OUTER_BOUND('',#1145,.T.);
#878=FACE_OUTER_BOUND('',#1146,.T.);
#879=FACE_OUTER_BOUND('',#1147,.T.);
#880=FACE_OUTER_BOUND('',#1148,.T.);
#881=FACE_OUTER_BOUND('',#1149,.T.);
#882=FACE_OUTER_BOUND('',#1150,.T.);
#883=FACE_OUTER_BOUND('',#1151,.T.);
#884=FACE_OUTER_BOUND('',#1152,.T.);
#885=FACE_OUTER_BOUND('',#1153,.T.);
#886=FACE_OUTER_BOUND('',#1154,.T.);
#887=FACE_OUTER_BOUND('',#1155,.T.);
#888=FACE_OUTER_BOUND('',#1156,.T.);
#889=FACE_OUTER_BOUND('',#1157,.T.);
#890=FACE_OUTER_BOUND('',#1158,.T.);
#891=FACE_OUTER_BOUND('',#1159,.T.);
#892=FACE_OUTER_BOUND('',#1160,.T.);
#893=FACE_OUTER_BOUND('',#1161,.T.);
#894=FACE_OUTER_BOUND('',#1162,.T.);
#895=FACE_OUTER_BOUND('',#1163,.T.);
#896=FACE_OUTER_BOUND('',#1164,.T.);
#897=FACE_OUTER_BOUND('',#1165,.T.);
#898=FACE_OUTER_BOUND('',#1166,.T.);
#899=FACE_OUTER_BOUND('',#1167,.T.);
#900=FACE_OUTER_BOUND('',#1168,.T.);
#901=FACE_OUTER_BOUND('',#1169,.T.);
#902=FACE_OUTER_BOUND('',#1170,.T.);
#903=FACE_OUTER_BOUND('',#1171,.T.);
#904=FACE_OUTER_BOUND('',#1172,.T.);
#905=FACE_OUTER_BOUND('',#1173,.T.);
#906=FACE_OUTER_BOUND('',#1174,.T.);
#907=FACE_OUTER_BOUND('',#1175,.T.);
#908=FACE_OUTER_BOUND('',#1176,.T.);
#909=FACE_OUTER_BOUND('',#1177,.T.);
#910=FACE_OUTER_BOUND('',#1178,.T.);
#911=FACE_OUTER_BOUND('',#1179,.T.);
#912=FACE_OUTER_BOUND('',#1180,.T.);
#913=FACE_OUTER_BOUND('',#1181,.T.);
#914=FACE_OUTER_BOUND('',#1182,.T.);
#915=FACE_OUTER_BOUND('',#1183,.T.);
#916=FACE_OUTER_BOUND('',#1184,.T.);
#917=FACE_OUTER_BOUND('',#1185,.T.);
#918=FACE_OUTER_BOUND('',#1186,.T.);
#919=FACE_OUTER_BOUND('',#1187,.T.);
#920=FACE_OUTER_BOUND('',#1188,.T.);
#921=FACE_OUTER_BOUND('',#1189,.T.);
#922=FACE_OUTER_BOUND('',#1190,.T.);
#923=FACE_OUTER_BOUND('',#1191,.T.);
#924=FACE_OUTER_BOUND('',#1192,.T.);
#925=FACE_OUTER_BOUND('',#1193,.T.);
#926=FACE_OUTER_BOUND('',#1194,.T.);
#927=FACE_OUTER_BOUND('',#1195,.T.);
#928=FACE_OUTER_BOUND('',#1196,.T.);
#929=FACE_OUTER_BOUND('',#1197,.T.);
#930=FACE_OUTER_BOUND('',#1198,.T.);
#931=FACE_OUTER_BOUND('',#1199,.T.);
#932=FACE_OUTER_BOUND('',#1200,.T.);
#933=FACE_OUTER_BOUND('',#1201,.T.);
#934=FACE_OUTER_BOUND('',#1202,.T.);
#935=FACE_OUTER_BOUND('',#1203,.T.);
#936=FACE_OUTER_BOUND('',#1204,.T.);
#937=FACE_OUTER_BOUND('',#1205,.T.);
#938=FACE_OUTER_BOUND('',#1206,.T.);
#939=FACE_OUTER_BOUND('',#1207,.T.);
#940=FACE_OUTER_BOUND('',#1208,.T.);
#941=FACE_OUTER_BOUND('',#1209,.T.);
#942=FACE_OUTER_BOUND('',#1210,.T.);
#943=FACE_OUTER_BOUND('',#1211,.T.);
#944=FACE_OUTER_BOUND('',#1212,.T.);
#945=FACE_OUTER_BOUND('',#1213,.T.);
#946=FACE_OUTER_BOUND('',#1214,.T.);
#947=FACE_OUTER_BOUND('',#1215,.T.);
#948=FACE_OUTER_BOUND('',#1216,.T.);
#949=FACE_OUTER_BOUND('',#1217,.T.);
#950=FACE_OUTER_BOUND('',#1218,.T.);
#951=FACE_OUTER_BOUND('',#1219,.T.);
#952=FACE_OUTER_BOUND('',#1220,.T.);
#953=FACE_OUTER_BOUND('',#1221,.T.);
#954=FACE_OUTER_BOUND('',#1222,.T.);
#955=FACE_OUTER_BOUND('',#1223,.T.);
#956=FACE_OUTER_BOUND('',#1224,.T.);
#957=FACE_OUTER_BOUND('',#1225,.T.);
#958=FACE_OUTER_BOUND('',#1226,.T.);
#959=FACE_OUTER_BOUND('',#1227,.T.);
#960=FACE_OUTER_BOUND('',#1228,.T.);
#961=FACE_OUTER_BOUND('',#1229,.T.);
#962=FACE_OUTER_BOUND('',#1230,.T.);
#963=FACE_OUTER_BOUND('',#1231,.T.);
#964=FACE_OUTER_BOUND('',#1232,.T.);
#965=FACE_OUTER_BOUND('',#1233,.T.);
#966=FACE_OUTER_BOUND('',#1234,.T.);
#967=FACE_OUTER_BOUND('',#1235,.T.);
#968=FACE_OUTER_BOUND('',#1236,.T.);
#969=FACE_OUTER_BOUND('',#1237,.T.);
#970=FACE_OUTER_BOUND('',#1238,.T.);
#971=FACE_OUTER_BOUND('',#1239,.T.);
#972=FACE_OUTER_BOUND('',#1240,.T.);
#973=FACE_OUTER_BOUND('',#1241,.T.);
#974=FACE_OUTER_BOUND('',#1242,.T.);
#975=FACE_OUTER_BOUND('',#1243,.T.);
#976=FACE_OUTER_BOUND('',#1244,.T.);
#977=FACE_OUTER_BOUND('',#1245,.T.);
#978=FACE_OUTER_BOUND('',#1246,.T.);
#979=FACE_OUTER_BOUND('',#1247,.T.);
#980=FACE_OUTER_BOUND('',#1248,.T.);
#981=FACE_OUTER_BOUND('',#1249,.T.);
#982=FACE_OUTER_BOUND('',#1250,.T.);
#983=FACE_OUTER_BOUND('',#1251,.T.);
#984=FACE_OUTER_BOUND('',#1252,.T.);
#985=FACE_OUTER_BOUND('',#1253,.T.);
#986=FACE_OUTER_BOUND('',#1254,.T.);
#987=FACE_OUTER_BOUND('',#1255,.T.);
#988=FACE_OUTER_BOUND('',#1256,.T.);
#989=FACE_OUTER_BOUND('',#1257,.T.);
#990=FACE_OUTER_BOUND('',#1258,.T.);
#991=FACE_OUTER_BOUND('',#1259,.T.);
#992=FACE_OUTER_BOUND('',#1260,.T.);
#993=FACE_OUTER_BOUND('',#1261,.T.);
#994=FACE_OUTER_BOUND('',#1262,.T.);
#995=FACE_OUTER_BOUND('',#1263,.T.);
#996=FACE_OUTER_BOUND('',#1264,.T.);
#997=FACE_OUTER_BOUND('',#1265,.T.);
#998=FACE_OUTER_BOUND('',#1266,.T.);
#999=FACE_OUTER_BOUND('',#1267,.T.);
#1000=FACE_OUTER_BOUND('',#1268,.T.);
#1001=FACE_OUTER_BOUND('',#1269,.T.);
#1002=FACE_OUTER_BOUND('',#1270,.T.);
#1003=FACE_OUTER_BOUND('',#1271,.T.);
#1004=FACE_OUTER_BOUND('',#1272,.T.);
#1005=FACE_OUTER_BOUND('',#1273,.T.);
#1006=FACE_OUTER_BOUND('',#1274,.T.);
#1007=FACE_OUTER_BOUND('',#1275,.T.);
#1008=FACE_OUTER_BOUND('',#1276,.T.);
#1009=FACE_OUTER_BOUND('',#1277,.T.);
#1010=FACE_OUTER_BOUND('',#1278,.T.);
#1011=FACE_OUTER_BOUND('',#1279,.T.);
#1012=FACE_OUTER_BOUND('',#1280,.T.);
#1013=FACE_OUTER_BOUND('',#1281,.T.);
#1014=FACE_OUTER_BOUND('',#1282,.T.);
#1015=FACE_OUTER_BOUND('',#1283,.T.);
#1016=FACE_OUTER_BOUND('',#1284,.T.);
#1017=FACE_OUTER_BOUND('',#1285,.T.);
#1018=FACE_OUTER_BOUND('',#1286,.T.);
#1019=FACE_OUTER_BOUND('',#1287,.T.);
#1020=FACE_OUTER_BOUND('',#1288,.T.);
#1021=FACE_OUTER_BOUND('',#1289,.T.);
#1022=FACE_OUTER_BOUND('',#1290,.T.);
#1023=FACE_OUTER_BOUND('',#1291,.T.);
#1024=FACE_OUTER_BOUND('',#1292,.T.);
#1025=FACE_OUTER_BOUND('',#1293,.T.);
#1026=FACE_OUTER_BOUND('',#1294,.T.);
#1027=FACE_OUTER_BOUND('',#1295,.T.);
#1028=FACE_OUTER_BOUND('',#1296,.T.);
#1029=FACE_OUTER_BOUND('',#1297,.T.);
#1030=EDGE_LOOP('',(#2474,#2475,#2476));
#1031=EDGE_LOOP('',(#2477,#2478,#2479,#2480));
#1032=EDGE_LOOP('',(#2481,#2482,#2483));
#1033=EDGE_LOOP('',(#2484,#2485,#2486,#2487));
#1034=EDGE_LOOP('',(#2488,#2489,#2490,#2491));
#1035=EDGE_LOOP('',(#2492,#2493,#2494,#2495));
#1036=EDGE_LOOP('',(#2496,#2497,#2498,#2499));
#1037=EDGE_LOOP('',(#2500,#2501,#2502,#2503));
#1038=EDGE_LOOP('',(#2504,#2505,#2506,#2507));
#1039=EDGE_LOOP('',(#2508,#2509,#2510,#2511));
#1040=EDGE_LOOP('',(#2512,#2513,#2514,#2515));
#1041=EDGE_LOOP('',(#2516,#2517,#2518));
#1042=EDGE_LOOP('',(#2519,#2520,#2521,#2522));
#1043=EDGE_LOOP('',(#2523,#2524,#2525,#2526));
#1044=EDGE_LOOP('',(#2527,#2528,#2529,#2530));
#1045=EDGE_LOOP('',(#2531,#2532,#2533,#2534));
#1046=EDGE_LOOP('',(#2535,#2536,#2537));
#1047=EDGE_LOOP('',(#2538,#2539,#2540,#2541));
#1048=EDGE_LOOP('',(#2542,#2543,#2544));
#1049=EDGE_LOOP('',(#2545,#2546,#2547,#2548));
#1050=EDGE_LOOP('',(#2549,#2550,#2551,#2552));
#1051=EDGE_LOOP('',(#2553,#2554,#2555,#2556));
#1052=EDGE_LOOP('',(#2557,#2558,#2559));
#1053=EDGE_LOOP('',(#2560,#2561,#2562));
#1054=EDGE_LOOP('',(#2563,#2564,#2565,#2566));
#1055=EDGE_LOOP('',(#2567,#2568,#2569));
#1056=EDGE_LOOP('',(#2570,#2571,#2572));
#1057=EDGE_LOOP('',(#2573,#2574,#2575,#2576));
#1058=EDGE_LOOP('',(#2577,#2578,#2579,#2580));
#1059=EDGE_LOOP('',(#2581,#2582,#2583,#2584));
#1060=EDGE_LOOP('',(#2585,#2586,#2587));
#1061=EDGE_LOOP('',(#2588,#2589,#2590,#2591));
#1062=EDGE_LOOP('',(#2592,#2593,#2594));
#1063=EDGE_LOOP('',(#2595,#2596,#2597,#2598));
#1064=EDGE_LOOP('',(#2599,#2600,#2601,#2602));
#1065=EDGE_LOOP('',(#2603,#2604,#2605,#2606));
#1066=EDGE_LOOP('',(#2607,#2608,#2609,#2610));
#1067=EDGE_LOOP('',(#2611,#2612,#2613));
#1068=EDGE_LOOP('',(#2614,#2615,#2616,#2617));
#1069=EDGE_LOOP('',(#2618,#2619,#2620,#2621));
#1070=EDGE_LOOP('',(#2622,#2623,#2624,#2625));
#1071=EDGE_LOOP('',(#2626,#2627,#2628,#2629));
#1072=EDGE_LOOP('',(#2630,#2631,#2632,#2633));
#1073=EDGE_LOOP('',(#2634,#2635,#2636,#2637));
#1074=EDGE_LOOP('',(#2638,#2639,#2640,#2641));
#1075=EDGE_LOOP('',(#2642,#2643,#2644,#2645));
#1076=EDGE_LOOP('',(#2646,#2647,#2648,#2649));
#1077=EDGE_LOOP('',(#2650,#2651,#2652,#2653));
#1078=EDGE_LOOP('',(#2654,#2655,#2656,#2657));
#1079=EDGE_LOOP('',(#2658,#2659,#2660,#2661));
#1080=EDGE_LOOP('',(#2662,#2663,#2664,#2665));
#1081=EDGE_LOOP('',(#2666,#2667,#2668,#2669));
#1082=EDGE_LOOP('',(#2670,#2671,#2672,#2673));
#1083=EDGE_LOOP('',(#2674,#2675,#2676,#2677));
#1084=EDGE_LOOP('',(#2678,#2679,#2680,#2681));
#1085=EDGE_LOOP('',(#2682,#2683,#2684,#2685));
#1086=EDGE_LOOP('',(#2686,#2687,#2688,#2689));
#1087=EDGE_LOOP('',(#2690,#2691,#2692,#2693));
#1088=EDGE_LOOP('',(#2694,#2695,#2696,#2697));
#1089=EDGE_LOOP('',(#2698,#2699,#2700,#2701));
#1090=EDGE_LOOP('',(#2702,#2703,#2704,#2705));
#1091=EDGE_LOOP('',(#2706,#2707,#2708,#2709));
#1092=EDGE_LOOP('',(#2710,#2711,#2712,#2713,#2714,#2715,#2716,#2717,#2718,
#2719,#2720,#2721,#2722,#2723,#2724,#2725,#2726,#2727,#2728,#2729,#2730,
#2731,#2732,#2733,#2734,#2735,#2736,#2737,#2738,#2739,#2740,#2741,#2742,
#2743,#2744,#2745,#2746,#2747,#2748,#2749,#2750,#2751,#2752,#2753,#2754,
#2755));
#1093=EDGE_LOOP('',(#2756,#2757,#2758,#2759,#2760,#2761,#2762,#2763));
#1094=EDGE_LOOP('',(#2764,#2765,#2766,#2767));
#1095=EDGE_LOOP('',(#2768,#2769,#2770,#2771));
#1096=EDGE_LOOP('',(#2772,#2773,#2774,#2775));
#1097=EDGE_LOOP('',(#2776,#2777,#2778,#2779));
#1098=EDGE_LOOP('',(#2780,#2781,#2782,#2783));
#1099=EDGE_LOOP('',(#2784,#2785,#2786,#2787));
#1100=EDGE_LOOP('',(#2788,#2789,#2790,#2791,#2792,#2793,#2794,#2795,#2796,
#2797,#2798,#2799,#2800,#2801,#2802,#2803));
#1101=EDGE_LOOP('',(#2804,#2805,#2806,#2807));
#1102=EDGE_LOOP('',(#2808,#2809,#2810,#2811,#2812,#2813,#2814,#2815,#2816,
#2817,#2818,#2819,#2820,#2821,#2822,#2823));
#1103=EDGE_LOOP('',(#2824,#2825,#2826,#2827));
#1104=EDGE_LOOP('',(#2828,#2829,#2830,#2831));
#1105=EDGE_LOOP('',(#2832,#2833,#2834));
#1106=EDGE_LOOP('',(#2835,#2836,#2837,#2838));
#1107=EDGE_LOOP('',(#2839,#2840,#2841,#2842));
#1108=EDGE_LOOP('',(#2843,#2844,#2845));
#1109=EDGE_LOOP('',(#2846,#2847,#2848,#2849));
#1110=EDGE_LOOP('',(#2850,#2851,#2852));
#1111=EDGE_LOOP('',(#2853,#2854,#2855,#2856));
#1112=EDGE_LOOP('',(#2857,#2858,#2859,#2860));
#1113=EDGE_LOOP('',(#2861,#2862,#2863,#2864));
#1114=EDGE_LOOP('',(#2865,#2866,#2867,#2868));
#1115=EDGE_LOOP('',(#2869,#2870,#2871,#2872));
#1116=EDGE_LOOP('',(#2873,#2874,#2875));
#1117=EDGE_LOOP('',(#2876,#2877,#2878,#2879));
#1118=EDGE_LOOP('',(#2880,#2881,#2882,#2883));
#1119=EDGE_LOOP('',(#2884,#2885,#2886,#2887));
#1120=EDGE_LOOP('',(#2888,#2889,#2890,#2891));
#1121=EDGE_LOOP('',(#2892,#2893,#2894,#2895));
#1122=EDGE_LOOP('',(#2896,#2897,#2898));
#1123=EDGE_LOOP('',(#2899,#2900,#2901,#2902));
#1124=EDGE_LOOP('',(#2903,#2904,#2905,#2906));
#1125=EDGE_LOOP('',(#2907,#2908,#2909));
#1126=EDGE_LOOP('',(#2910,#2911,#2912));
#1127=EDGE_LOOP('',(#2913,#2914,#2915,#2916));
#1128=EDGE_LOOP('',(#2917,#2918,#2919,#2920));
#1129=EDGE_LOOP('',(#2921,#2922,#2923));
#1130=EDGE_LOOP('',(#2924,#2925,#2926));
#1131=EDGE_LOOP('',(#2927,#2928,#2929,#2930));
#1132=EDGE_LOOP('',(#2931,#2932,#2933,#2934));
#1133=EDGE_LOOP('',(#2935,#2936,#2937));
#1134=EDGE_LOOP('',(#2938,#2939,#2940,#2941));
#1135=EDGE_LOOP('',(#2942,#2943,#2944,#2945));
#1136=EDGE_LOOP('',(#2946,#2947,#2948));
#1137=EDGE_LOOP('',(#2949,#2950,#2951,#2952));
#1138=EDGE_LOOP('',(#2953,#2954,#2955,#2956));
#1139=EDGE_LOOP('',(#2957,#2958,#2959,#2960));
#1140=EDGE_LOOP('',(#2961,#2962,#2963,#2964));
#1141=EDGE_LOOP('',(#2965,#2966,#2967,#2968));
#1142=EDGE_LOOP('',(#2969,#2970,#2971));
#1143=EDGE_LOOP('',(#2972,#2973,#2974,#2975));
#1144=EDGE_LOOP('',(#2976,#2977,#2978,#2979));
#1145=EDGE_LOOP('',(#2980,#2981,#2982,#2983));
#1146=EDGE_LOOP('',(#2984,#2985,#2986,#2987));
#1147=EDGE_LOOP('',(#2988,#2989,#2990,#2991));
#1148=EDGE_LOOP('',(#2992,#2993,#2994));
#1149=EDGE_LOOP('',(#2995,#2996,#2997,#2998));
#1150=EDGE_LOOP('',(#2999,#3000,#3001,#3002));
#1151=EDGE_LOOP('',(#3003,#3004,#3005));
#1152=EDGE_LOOP('',(#3006,#3007,#3008));
#1153=EDGE_LOOP('',(#3009,#3010,#3011,#3012));
#1154=EDGE_LOOP('',(#3013,#3014,#3015,#3016));
#1155=EDGE_LOOP('',(#3017,#3018,#3019));
#1156=EDGE_LOOP('',(#3020,#3021,#3022));
#1157=EDGE_LOOP('',(#3023,#3024,#3025,#3026));
#1158=EDGE_LOOP('',(#3027,#3028,#3029,#3030));
#1159=EDGE_LOOP('',(#3031,#3032,#3033,#3034));
#1160=EDGE_LOOP('',(#3035,#3036,#3037));
#1161=EDGE_LOOP('',(#3038,#3039,#3040,#3041));
#1162=EDGE_LOOP('',(#3042,#3043,#3044));
#1163=EDGE_LOOP('',(#3045,#3046,#3047,#3048));
#1164=EDGE_LOOP('',(#3049,#3050,#3051,#3052));
#1165=EDGE_LOOP('',(#3053,#3054,#3055,#3056));
#1166=EDGE_LOOP('',(#3057,#3058,#3059,#3060));
#1167=EDGE_LOOP('',(#3061,#3062,#3063,#3064));
#1168=EDGE_LOOP('',(#3065,#3066,#3067));
#1169=EDGE_LOOP('',(#3068,#3069,#3070,#3071));
#1170=EDGE_LOOP('',(#3072,#3073,#3074));
#1171=EDGE_LOOP('',(#3075,#3076,#3077,#3078));
#1172=EDGE_LOOP('',(#3079,#3080,#3081,#3082));
#1173=EDGE_LOOP('',(#3083,#3084,#3085,#3086));
#1174=EDGE_LOOP('',(#3087,#3088,#3089));
#1175=EDGE_LOOP('',(#3090,#3091,#3092));
#1176=EDGE_LOOP('',(#3093,#3094,#3095));
#1177=EDGE_LOOP('',(#3096,#3097,#3098));
#1178=EDGE_LOOP('',(#3099,#3100,#3101));
#1179=EDGE_LOOP('',(#3102,#3103,#3104,#3105));
#1180=EDGE_LOOP('',(#3106,#3107,#3108));
#1181=EDGE_LOOP('',(#3109,#3110,#3111));
#1182=EDGE_LOOP('',(#3112,#3113,#3114));
#1183=EDGE_LOOP('',(#3115,#3116,#3117,#3118));
#1184=EDGE_LOOP('',(#3119,#3120,#3121,#3122));
#1185=EDGE_LOOP('',(#3123,#3124,#3125,#3126));
#1186=EDGE_LOOP('',(#3127,#3128,#3129));
#1187=EDGE_LOOP('',(#3130,#3131,#3132,#3133));
#1188=EDGE_LOOP('',(#3134,#3135,#3136,#3137));
#1189=EDGE_LOOP('',(#3138,#3139,#3140));
#1190=EDGE_LOOP('',(#3141,#3142,#3143,#3144));
#1191=EDGE_LOOP('',(#3145,#3146,#3147,#3148));
#1192=EDGE_LOOP('',(#3149,#3150,#3151,#3152));
#1193=EDGE_LOOP('',(#3153,#3154,#3155,#3156));
#1194=EDGE_LOOP('',(#3157,#3158,#3159,#3160));
#1195=EDGE_LOOP('',(#3161,#3162,#3163));
#1196=EDGE_LOOP('',(#3164,#3165,#3166,#3167));
#1197=EDGE_LOOP('',(#3168,#3169,#3170,#3171));
#1198=EDGE_LOOP('',(#3172,#3173,#3174,#3175));
#1199=EDGE_LOOP('',(#3176,#3177,#3178,#3179));
#1200=EDGE_LOOP('',(#3180,#3181,#3182,#3183));
#1201=EDGE_LOOP('',(#3184,#3185,#3186));
#1202=EDGE_LOOP('',(#3187,#3188,#3189,#3190));
#1203=EDGE_LOOP('',(#3191,#3192,#3193,#3194));
#1204=EDGE_LOOP('',(#3195,#3196,#3197));
#1205=EDGE_LOOP('',(#3198,#3199,#3200));
#1206=EDGE_LOOP('',(#3201,#3202,#3203,#3204));
#1207=EDGE_LOOP('',(#3205,#3206,#3207,#3208));
#1208=EDGE_LOOP('',(#3209,#3210,#3211,#3212));
#1209=EDGE_LOOP('',(#3213,#3214,#3215));
#1210=EDGE_LOOP('',(#3216,#3217,#3218,#3219));
#1211=EDGE_LOOP('',(#3220,#3221,#3222,#3223));
#1212=EDGE_LOOP('',(#3224,#3225,#3226,#3227));
#1213=EDGE_LOOP('',(#3228,#3229,#3230,#3231));
#1214=EDGE_LOOP('',(#3232,#3233,#3234,#3235));
#1215=EDGE_LOOP('',(#3236,#3237,#3238,#3239));
#1216=EDGE_LOOP('',(#3240,#3241,#3242,#3243));
#1217=EDGE_LOOP('',(#3244,#3245,#3246,#3247));
#1218=EDGE_LOOP('',(#3248,#3249,#3250,#3251));
#1219=EDGE_LOOP('',(#3252,#3253,#3254,#3255));
#1220=EDGE_LOOP('',(#3256,#3257,#3258,#3259));
#1221=EDGE_LOOP('',(#3260,#3261,#3262,#3263));
#1222=EDGE_LOOP('',(#3264,#3265,#3266,#3267));
#1223=EDGE_LOOP('',(#3268,#3269,#3270,#3271));
#1224=EDGE_LOOP('',(#3272,#3273,#3274,#3275));
#1225=EDGE_LOOP('',(#3276,#3277,#3278,#3279));
#1226=EDGE_LOOP('',(#3280,#3281,#3282,#3283));
#1227=EDGE_LOOP('',(#3284,#3285,#3286,#3287));
#1228=EDGE_LOOP('',(#3288,#3289,#3290,#3291));
#1229=EDGE_LOOP('',(#3292,#3293,#3294,#3295));
#1230=EDGE_LOOP('',(#3296,#3297,#3298,#3299));
#1231=EDGE_LOOP('',(#3300,#3301,#3302,#3303));
#1232=EDGE_LOOP('',(#3304,#3305,#3306,#3307));
#1233=EDGE_LOOP('',(#3308,#3309,#3310,#3311));
#1234=EDGE_LOOP('',(#3312,#3313,#3314,#3315));
#1235=EDGE_LOOP('',(#3316,#3317,#3318,#3319));
#1236=EDGE_LOOP('',(#3320,#3321,#3322,#3323));
#1237=EDGE_LOOP('',(#3324,#3325,#3326,#3327));
#1238=EDGE_LOOP('',(#3328,#3329,#3330,#3331));
#1239=EDGE_LOOP('',(#3332,#3333,#3334,#3335));
#1240=EDGE_LOOP('',(#3336,#3337,#3338,#3339));
#1241=EDGE_LOOP('',(#3340,#3341,#3342,#3343));
#1242=EDGE_LOOP('',(#3344,#3345,#3346,#3347));
#1243=EDGE_LOOP('',(#3348,#3349,#3350,#3351));
#1244=EDGE_LOOP('',(#3352,#3353,#3354,#3355));
#1245=EDGE_LOOP('',(#3356,#3357,#3358,#3359));
#1246=EDGE_LOOP('',(#3360,#3361,#3362,#3363));
#1247=EDGE_LOOP('',(#3364,#3365,#3366,#3367));
#1248=EDGE_LOOP('',(#3368,#3369,#3370,#3371));
#1249=EDGE_LOOP('',(#3372,#3373,#3374,#3375));
#1250=EDGE_LOOP('',(#3376,#3377,#3378,#3379));
#1251=EDGE_LOOP('',(#3380,#3381,#3382,#3383));
#1252=EDGE_LOOP('',(#3384,#3385,#3386,#3387));
#1253=EDGE_LOOP('',(#3388,#3389,#3390,#3391));
#1254=EDGE_LOOP('',(#3392,#3393,#3394,#3395));
#1255=EDGE_LOOP('',(#3396,#3397,#3398,#3399));
#1256=EDGE_LOOP('',(#3400,#3401,#3402,#3403));
#1257=EDGE_LOOP('',(#3404,#3405,#3406,#3407));
#1258=EDGE_LOOP('',(#3408,#3409,#3410,#3411));
#1259=EDGE_LOOP('',(#3412,#3413,#3414,#3415));
#1260=EDGE_LOOP('',(#3416,#3417,#3418,#3419));
#1261=EDGE_LOOP('',(#3420,#3421,#3422,#3423));
#1262=EDGE_LOOP('',(#3424,#3425,#3426,#3427));
#1263=EDGE_LOOP('',(#3428,#3429,#3430,#3431));
#1264=EDGE_LOOP('',(#3432,#3433,#3434,#3435));
#1265=EDGE_LOOP('',(#3436,#3437,#3438,#3439));
#1266=EDGE_LOOP('',(#3440,#3441,#3442,#3443));
#1267=EDGE_LOOP('',(#3444,#3445,#3446,#3447));
#1268=EDGE_LOOP('',(#3448,#3449,#3450,#3451));
#1269=EDGE_LOOP('',(#3452,#3453,#3454,#3455));
#1270=EDGE_LOOP('',(#3456,#3457,#3458,#3459));
#1271=EDGE_LOOP('',(#3460,#3461,#3462,#3463));
#1272=EDGE_LOOP('',(#3464,#3465,#3466,#3467));
#1273=EDGE_LOOP('',(#3468,#3469,#3470,#3471));
#1274=EDGE_LOOP('',(#3472,#3473,#3474,#3475));
#1275=EDGE_LOOP('',(#3476,#3477,#3478,#3479));
#1276=EDGE_LOOP('',(#3480,#3481,#3482,#3483));
#1277=EDGE_LOOP('',(#3484,#3485,#3486,#3487));
#1278=EDGE_LOOP('',(#3488,#3489,#3490,#3491));
#1279=EDGE_LOOP('',(#3492,#3493,#3494,#3495));
#1280=EDGE_LOOP('',(#3496,#3497,#3498,#3499));
#1281=EDGE_LOOP('',(#3500,#3501,#3502,#3503));
#1282=EDGE_LOOP('',(#3504,#3505,#3506,#3507));
#1283=EDGE_LOOP('',(#3508,#3509,#3510,#3511));
#1284=EDGE_LOOP('',(#3512,#3513,#3514,#3515));
#1285=EDGE_LOOP('',(#3516,#3517,#3518,#3519));
#1286=EDGE_LOOP('',(#3520,#3521,#3522,#3523,#3524,#3525,#3526,#3527,#3528,
#3529,#3530,#3531,#3532,#3533,#3534,#3535,#3536,#3537,#3538,#3539,#3540,
#3541,#3542,#3543,#3544,#3545,#3546,#3547,#3548,#3549,#3550,#3551,#3552,
#3553,#3554,#3555,#3556,#3557,#3558,#3559,#3560,#3561,#3562,#3563,#3564,
#3565));
#1287=EDGE_LOOP('',(#3566,#3567,#3568,#3569));
#1288=EDGE_LOOP('',(#3570,#3571,#3572,#3573));
#1289=EDGE_LOOP('',(#3574,#3575,#3576,#3577));
#1290=EDGE_LOOP('',(#3578,#3579,#3580,#3581));
#1291=EDGE_LOOP('',(#3582,#3583,#3584,#3585));
#1292=EDGE_LOOP('',(#3586,#3587,#3588,#3589));
#1293=EDGE_LOOP('',(#3590,#3591,#3592,#3593));
#1294=EDGE_LOOP('',(#3594,#3595,#3596,#3597));
#1295=EDGE_LOOP('',(#3598,#3599,#3600,#3601));
#1296=EDGE_LOOP('',(#3602,#3603,#3604,#3605));
#1297=EDGE_LOOP('',(#3606,#3607,#3608,#3609));
#1298=CIRCLE('',#3940,0.499999999999998);
#1299=CIRCLE('',#3941,0.5);
#1300=CIRCLE('',#3942,0.499999999999998);
#1301=CIRCLE('',#3944,0.999999999999998);
#1302=CIRCLE('',#3945,0.499999999999998);
#1303=CIRCLE('',#3946,0.5);
#1304=CIRCLE('',#3947,0.5);
#1305=CIRCLE('',#3949,0.5);
#1306=CIRCLE('',#3950,0.499999999999998);
#1307=CIRCLE('',#3951,0.5);
#1308=CIRCLE('',#3954,0.499999999999998);
#1309=CIRCLE('',#3955,0.499999999999998);
#1310=CIRCLE('',#3956,0.499999999999998);
#1311=CIRCLE('',#3957,0.999999999999996);
#1312=CIRCLE('',#3959,1.);
#1313=CIRCLE('',#3960,0.499999999999998);
#1314=CIRCLE('',#3961,0.5);
#1315=CIRCLE('',#3962,0.5);
#1316=CIRCLE('',#3966,0.999999999999996);
#1317=CIRCLE('',#3967,0.5);
#1318=CIRCLE('',#3968,0.499999999999998);
#1319=CIRCLE('',#3969,0.5);
#1320=CIRCLE('',#3971,0.499999999999998);
#1321=CIRCLE('',#3972,0.499999999999998);
#1322=CIRCLE('',#3973,0.5);
#1323=CIRCLE('',#3974,0.999999999999996);
#1324=CIRCLE('',#3977,0.499999999999998);
#1325=CIRCLE('',#3978,0.499999999999998);
#1326=CIRCLE('',#3979,0.499999999999998);
#1327=CIRCLE('',#3981,0.5);
#1328=CIRCLE('',#3982,0.5);
#1329=CIRCLE('',#3983,1.);
#1330=CIRCLE('',#3984,0.5);
#1331=CIRCLE('',#3988,0.5);
#1332=CIRCLE('',#3989,0.499999999999998);
#1333=CIRCLE('',#3990,0.499999999999998);
#1334=CIRCLE('',#3991,0.999999999999996);
#1335=CIRCLE('',#3993,0.499999999999998);
#1336=CIRCLE('',#3994,0.500000000000007);
#1337=CIRCLE('',#3995,0.5);
#1338=CIRCLE('',#3998,0.499999999999998);
#1339=CIRCLE('',#3999,0.499999999999998);
#1340=CIRCLE('',#4000,0.499999999999998);
#1341=CIRCLE('',#4002,0.499999999999998);
#1342=CIRCLE('',#4003,0.5);
#1343=CIRCLE('',#4004,0.5);
#1344=CIRCLE('',#4005,1.);
#1345=CIRCLE('',#4009,0.499999999999998);
#1346=CIRCLE('',#4010,0.499999999999998);
#1347=CIRCLE('',#4011,0.499999999999998);
#1348=CIRCLE('',#4013,0.499999999999998);
#1349=CIRCLE('',#4014,0.499999999999989);
#1350=CIRCLE('',#4015,0.5);
#1351=CIRCLE('',#4018,0.499999999999998);
#1352=CIRCLE('',#4019,0.499999999999998);
#1353=CIRCLE('',#4020,0.499999999999998);
#1354=CIRCLE('',#4022,0.499999999999998);
#1355=CIRCLE('',#4023,0.499999999999998);
#1356=CIRCLE('',#4024,0.5);
#1357=CIRCLE('',#4028,0.499999999999998);
#1358=CIRCLE('',#4029,0.499999999999998);
#1359=CIRCLE('',#4030,0.499999999999998);
#1360=CIRCLE('',#4031,0.999999999999996);
#1361=CIRCLE('',#4033,0.499999999999989);
#1362=CIRCLE('',#4034,0.499999999999998);
#1363=CIRCLE('',#4035,0.5);
#1364=CIRCLE('',#4038,0.499999999999998);
#1365=CIRCLE('',#4039,0.499999999999998);
#1366=CIRCLE('',#4040,0.499999999999998);
#1367=CIRCLE('',#4042,0.499999999999998);
#1368=CIRCLE('',#4043,0.499999999999998);
#1369=CIRCLE('',#4044,0.5);
#1370=CIRCLE('',#4045,0.999999999999996);
#1371=CIRCLE('',#4049,0.499999999999998);
#1372=CIRCLE('',#4050,0.499999999999998);
#1373=CIRCLE('',#4051,0.499999999999998);
#1374=CIRCLE('',#4052,0.999999999999996);
#1375=CIRCLE('',#4054,0.499999999999998);
#1376=CIRCLE('',#4055,0.499999999999998);
#1377=CIRCLE('',#4056,0.5);
#1378=CIRCLE('',#4059,0.499999999999998);
#1379=CIRCLE('',#4060,0.500000000000007);
#1380=CIRCLE('',#4061,0.5);
#1381=CIRCLE('',#4062,1.00000000000001);
#1382=CIRCLE('',#4086,1.);
#1383=CIRCLE('',#4087,0.999999999999998);
#1384=CIRCLE('',#4088,1.);
#1385=CIRCLE('',#4089,1.);
#1386=CIRCLE('',#4090,1.);
#1387=CIRCLE('',#4091,0.999999999999996);
#1388=CIRCLE('',#4092,1.);
#1389=CIRCLE('',#4093,1.00000000000001);
#1390=CIRCLE('',#4094,1.);
#1391=CIRCLE('',#4095,1.00000000000001);
#1392=CIRCLE('',#4096,1.);
#1393=CIRCLE('',#4097,1.00000000000001);
#1394=CIRCLE('',#4098,1.);
#1395=CIRCLE('',#4099,1.00000000000001);
#1396=CIRCLE('',#4112,0.500000000000007);
#1397=CIRCLE('',#4113,0.5);
#1398=CIRCLE('',#4114,0.499999999999998);
#1399=CIRCLE('',#4116,0.500000000000007);
#1400=CIRCLE('',#4117,0.5);
#1401=CIRCLE('',#4118,0.5);
#1402=CIRCLE('',#4121,0.499999999999998);
#1403=CIRCLE('',#4122,0.499999999999998);
#1404=CIRCLE('',#4123,0.5);
#1405=CIRCLE('',#4126,0.499999999999998);
#1406=CIRCLE('',#4127,0.499999999999998);
#1407=CIRCLE('',#4128,0.5);
#1408=CIRCLE('',#4130,0.999999999999999);
#1409=CIRCLE('',#4131,0.499999999999998);
#1410=CIRCLE('',#4132,0.499999999999998);
#1411=CIRCLE('',#4133,0.5);
#1412=CIRCLE('',#4137,0.5);
#1413=CIRCLE('',#4138,0.5);
#1414=CIRCLE('',#4139,0.499999999999998);
#1415=CIRCLE('',#4142,0.499999999999998);
#1416=CIRCLE('',#4143,0.5);
#1417=CIRCLE('',#4144,0.499999999999998);
#1418=CIRCLE('',#4147,0.5);
#1419=CIRCLE('',#4148,0.5);
#1420=CIRCLE('',#4149,0.499999999999998);
#1421=CIRCLE('',#4151,0.999999999999996);
#1422=CIRCLE('',#4152,0.5);
#1423=CIRCLE('',#4153,0.499999999999998);
#1424=CIRCLE('',#4154,0.5);
#1425=CIRCLE('',#4158,0.499999999999998);
#1426=CIRCLE('',#4159,0.499999999999998);
#1427=CIRCLE('',#4160,0.5);
#1428=CIRCLE('',#4162,0.999999999999996);
#1429=CIRCLE('',#4163,0.5);
#1430=CIRCLE('',#4164,0.499999999999998);
#1431=CIRCLE('',#4165,0.5);
#1432=CIRCLE('',#4167,0.500000000000007);
#1433=CIRCLE('',#4168,0.5);
#1434=CIRCLE('',#4169,0.5);
#1435=CIRCLE('',#4171,0.499999999999998);
#1436=CIRCLE('',#4172,0.5);
#1437=CIRCLE('',#4173,0.499999999999998);
#1438=CIRCLE('',#4175,0.500000000000007);
#1439=CIRCLE('',#4176,0.5);
#1440=CIRCLE('',#4177,0.499999999999998);
#1441=CIRCLE('',#4180,0.999999999999999);
#1442=CIRCLE('',#4181,0.500000000000007);
#1443=CIRCLE('',#4182,0.499999999999998);
#1444=CIRCLE('',#4183,0.5);
#1445=CIRCLE('',#4185,0.500000000000007);
#1446=CIRCLE('',#4186,0.5);
#1447=CIRCLE('',#4187,0.500000000000007);
#1448=CIRCLE('',#4189,0.499999999999998);
#1449=CIRCLE('',#4190,0.5);
#1450=CIRCLE('',#4191,0.499999999999998);
#1451=CIRCLE('',#4193,0.499999999999998);
#1452=CIRCLE('',#4194,0.5);
#1453=CIRCLE('',#4195,0.5);
#1454=CIRCLE('',#4198,0.499999999999998);
#1455=CIRCLE('',#4199,0.500000000000007);
#1456=CIRCLE('',#4200,0.5);
#1457=CIRCLE('',#4204,0.499999999999998);
#1458=CIRCLE('',#4205,0.500000000000007);
#1459=CIRCLE('',#4206,0.5);
#1460=CIRCLE('',#4208,1.);
#1461=CIRCLE('',#4209,0.499999999999998);
#1462=CIRCLE('',#4210,0.500000000000003);
#1463=CIRCLE('',#4211,0.5);
#1464=CIRCLE('',#4215,0.499999999999999);
#1465=CIRCLE('',#4216,0.5);
#1466=CIRCLE('',#4217,0.499999999999998);
#1467=CIRCLE('',#4220,0.499999999999998);
#1468=CIRCLE('',#4221,0.5);
#1469=CIRCLE('',#4222,0.500000000000007);
#1470=CIRCLE('',#4225,0.5);
#1471=CIRCLE('',#4226,0.5);
#1472=CIRCLE('',#4227,0.500000000000007);
#1473=CIRCLE('',#4229,0.999999999999996);
#1474=CIRCLE('',#4230,0.5);
#1475=CIRCLE('',#4231,0.499999999999998);
#1476=CIRCLE('',#4232,0.5);
#1477=CIRCLE('',#4236,0.499999999999998);
#1478=CIRCLE('',#4237,0.499999999999998);
#1479=CIRCLE('',#4238,0.5);
#1480=CIRCLE('',#4240,1.00000000000001);
#1481=CIRCLE('',#4241,0.5);
#1482=CIRCLE('',#4242,0.500000000000007);
#1483=CIRCLE('',#4243,0.5);
#1484=CIRCLE('',#4245,0.500000000000007);
#1485=CIRCLE('',#4246,0.5);
#1486=CIRCLE('',#4247,0.5);
#1487=CIRCLE('',#4249,0.499999999999998);
#1488=CIRCLE('',#4250,0.5);
#1489=CIRCLE('',#4251,0.499999999999998);
#1490=CIRCLE('',#4253,0.500000000000007);
#1491=CIRCLE('',#4254,0.5);
#1492=CIRCLE('',#4255,0.5);
#1493=CIRCLE('',#4258,0.999999999999999);
#1494=CIRCLE('',#4259,0.500000000000007);
#1495=CIRCLE('',#4260,0.499999999999998);
#1496=CIRCLE('',#4261,0.5);
#1497=CIRCLE('',#4263,0.500000000000007);
#1498=CIRCLE('',#4264,0.5);
#1499=CIRCLE('',#4265,0.500000000000007);
#1500=CIRCLE('',#4267,0.499999999999998);
#1501=CIRCLE('',#4268,0.5);
#1502=CIRCLE('',#4269,0.5);
#1503=CIRCLE('',#4272,0.5);
#1504=CIRCLE('',#4273,0.5);
#1505=CIRCLE('',#4274,0.5);
#1506=CIRCLE('',#4277,0.500000000000007);
#1507=CIRCLE('',#4278,0.5);
#1508=CIRCLE('',#4279,0.499999999999998);
#1509=CIRCLE('',#4282,0.499999999999998);
#1510=CIRCLE('',#4283,0.500000000000007);
#1511=CIRCLE('',#4284,0.5);
#1512=CIRCLE('',#4286,0.999999999999999);
#1513=CIRCLE('',#4287,0.500000000000003);
#1514=CIRCLE('',#4288,0.499999999999998);
#1515=CIRCLE('',#4289,0.5);
#1516=CIRCLE('',#4293,0.5);
#1517=CIRCLE('',#4294,0.5);
#1518=CIRCLE('',#4295,0.5);
#1519=CIRCLE('',#4298,0.499999999999998);
#1520=CIRCLE('',#4299,0.5);
#1521=CIRCLE('',#4300,0.500000000000007);
#1522=CIRCLE('',#4303,0.500000000000007);
#1523=CIRCLE('',#4304,0.499999999999998);
#1524=CIRCLE('',#4305,0.5);
#1525=CIRCLE('',#4307,0.999999999999996);
#1526=CIRCLE('',#4308,0.5);
#1527=CIRCLE('',#4309,0.5);
#1528=CIRCLE('',#4310,0.5);
#1529=CIRCLE('',#4314,0.499999999999998);
#1530=CIRCLE('',#4315,0.499999999999998);
#1531=CIRCLE('',#4316,0.5);
#1532=CIRCLE('',#4318,0.5);
#1533=CIRCLE('',#4319,0.499999999999994);
#1534=CIRCLE('',#4320,0.500000000000007);
#1535=CIRCLE('',#4322,0.499999999999998);
#1536=CIRCLE('',#4323,0.499999999999998);
#1537=CIRCLE('',#4324,0.5);
#1538=CIRCLE('',#4326,0.499999999999998);
#1539=CIRCLE('',#4327,0.5);
#1540=CIRCLE('',#4328,0.499999999999998);
#1541=CIRCLE('',#4330,0.500000000000007);
#1542=CIRCLE('',#4331,0.5);
#1543=CIRCLE('',#4332,0.5);
#1544=CIRCLE('',#4335,0.5);
#1545=CIRCLE('',#4336,0.500000000000007);
#1546=CIRCLE('',#4337,0.499999999999994);
#1547=CIRCLE('',#4339,0.500000000000007);
#1548=CIRCLE('',#4340,0.5);
#1549=CIRCLE('',#4341,0.499999999999998);
#1550=CIRCLE('',#4343,0.499999999999998);
#1551=CIRCLE('',#4344,0.500000000000003);
#1552=CIRCLE('',#4345,0.5);
#1553=CIRCLE('',#4348,0.499999999999998);
#1554=CIRCLE('',#4349,0.5);
#1555=CIRCLE('',#4350,0.5);
#1556=CIRCLE('',#4353,0.499999999999998);
#1557=CIRCLE('',#4354,0.500000000000007);
#1558=CIRCLE('',#4355,0.5);
#1559=CIRCLE('',#4359,0.499999999999998);
#1560=CIRCLE('',#4360,0.500000000000007);
#1561=CIRCLE('',#4361,0.5);
#1562=CIRCLE('',#4363,0.999999999999999);
#1563=CIRCLE('',#4364,0.500000000000003);
#1564=CIRCLE('',#4365,0.499999999999998);
#1565=CIRCLE('',#4366,0.5);
#1566=CIRCLE('',#4370,0.5);
#1567=CIRCLE('',#4371,0.5);
#1568=CIRCLE('',#4372,0.499999999999998);
#1569=CIRCLE('',#4375,0.499999999999998);
#1570=CIRCLE('',#4376,0.5);
#1571=CIRCLE('',#4377,0.500000000000007);
#1572=CIRCLE('',#4380,0.5);
#1573=CIRCLE('',#4381,0.5);
#1574=CIRCLE('',#4382,0.499999999999998);
#1575=CIRCLE('',#4384,1.);
#1576=CIRCLE('',#4385,0.5);
#1577=CIRCLE('',#4386,0.499999999999998);
#1578=CIRCLE('',#4387,0.5);
#1579=CIRCLE('',#4391,0.499999999999998);
#1580=CIRCLE('',#4392,0.499999999999998);
#1581=CIRCLE('',#4393,0.5);
#1582=CIRCLE('',#4395,1.00000000000001);
#1583=CIRCLE('',#4396,0.5);
#1584=CIRCLE('',#4397,0.499999999999998);
#1585=CIRCLE('',#4398,0.5);
#1586=CIRCLE('',#4400,0.500000000000007);
#1587=CIRCLE('',#4401,0.5);
#1588=CIRCLE('',#4402,0.5);
#1589=CIRCLE('',#4404,0.499999999999998);
#1590=CIRCLE('',#4405,0.5);
#1591=CIRCLE('',#4406,0.500000000000003);
#1592=CIRCLE('',#4408,0.500000000000007);
#1593=CIRCLE('',#4409,0.5);
#1594=CIRCLE('',#4410,0.499999999999998);
#1595=CIRCLE('',#4414,0.999999999999999);
#1596=CIRCLE('',#4415,0.500000000000007);
#1597=CIRCLE('',#4416,0.499999999999998);
#1598=CIRCLE('',#4417,0.5);
#1599=CIRCLE('',#4419,0.500000000000007);
#1600=CIRCLE('',#4420,0.5);
#1601=CIRCLE('',#4421,0.499999999999998);
#1602=VERTEX_POINT('',#5920);
#1603=VERTEX_POINT('',#5921);
#1604=VERTEX_POINT('',#5923);
#1605=VERTEX_POINT('',#5927);
#1606=VERTEX_POINT('',#5928);
#1607=VERTEX_POINT('',#5930);
#1608=VERTEX_POINT('',#5932);
#1609=VERTEX_POINT('',#5936);
#1610=VERTEX_POINT('',#5937);
#1611=VERTEX_POINT('',#5939);
#1612=VERTEX_POINT('',#5946);
#1613=VERTEX_POINT('',#5947);
#1614=VERTEX_POINT('',#5949);
#1615=VERTEX_POINT('',#5951);
#1616=VERTEX_POINT('',#5955);
#1617=VERTEX_POINT('',#5956);
#1618=VERTEX_POINT('',#5958);
#1619=VERTEX_POINT('',#5960);
#1620=VERTEX_POINT('',#5970);
#1621=VERTEX_POINT('',#5971);
#1622=VERTEX_POINT('',#5973);
#1623=VERTEX_POINT('',#5975);
#1624=VERTEX_POINT('',#5979);
#1625=VERTEX_POINT('',#5980);
#1626=VERTEX_POINT('',#5982);
#1627=VERTEX_POINT('',#5984);
#1628=VERTEX_POINT('',#5991);
#1629=VERTEX_POINT('',#5992);
#1630=VERTEX_POINT('',#5994);
#1631=VERTEX_POINT('',#5998);
#1632=VERTEX_POINT('',#5999);
#1633=VERTEX_POINT('',#6001);
#1634=VERTEX_POINT('',#6003);
#1635=VERTEX_POINT('',#6013);
#1636=VERTEX_POINT('',#6014);
#1637=VERTEX_POINT('',#6016);
#1638=VERTEX_POINT('',#6018);
#1639=VERTEX_POINT('',#6022);
#1640=VERTEX_POINT('',#6023);
#1641=VERTEX_POINT('',#6025);
#1642=VERTEX_POINT('',#6032);
#1643=VERTEX_POINT('',#6033);
#1644=VERTEX_POINT('',#6035);
#1645=VERTEX_POINT('',#6039);
#1646=VERTEX_POINT('',#6040);
#1647=VERTEX_POINT('',#6042);
#1648=VERTEX_POINT('',#6044);
#1649=VERTEX_POINT('',#6054);
#1650=VERTEX_POINT('',#6055);
#1651=VERTEX_POINT('',#6057);
#1652=VERTEX_POINT('',#6061);
#1653=VERTEX_POINT('',#6062);
#1654=VERTEX_POINT('',#6064);
#1655=VERTEX_POINT('',#6071);
#1656=VERTEX_POINT('',#6072);
#1657=VERTEX_POINT('',#6074);
#1658=VERTEX_POINT('',#6078);
#1659=VERTEX_POINT('',#6079);
#1660=VERTEX_POINT('',#6081);
#1661=VERTEX_POINT('',#6091);
#1662=VERTEX_POINT('',#6092);
#1663=VERTEX_POINT('',#6094);
#1664=VERTEX_POINT('',#6096);
#1665=VERTEX_POINT('',#6100);
#1666=VERTEX_POINT('',#6101);
#1667=VERTEX_POINT('',#6103);
#1668=VERTEX_POINT('',#6110);
#1669=VERTEX_POINT('',#6111);
#1670=VERTEX_POINT('',#6113);
#1671=VERTEX_POINT('',#6117);
#1672=VERTEX_POINT('',#6118);
#1673=VERTEX_POINT('',#6120);
#1674=VERTEX_POINT('',#6122);
#1675=VERTEX_POINT('',#6132);
#1676=VERTEX_POINT('',#6133);
#1677=VERTEX_POINT('',#6135);
#1678=VERTEX_POINT('',#6137);
#1679=VERTEX_POINT('',#6141);
#1680=VERTEX_POINT('',#6142);
#1681=VERTEX_POINT('',#6144);
#1682=VERTEX_POINT('',#6151);
#1683=VERTEX_POINT('',#6152);
#1684=VERTEX_POINT('',#6154);
#1685=VERTEX_POINT('',#6156);
#1686=VERTEX_POINT('',#6222);
#1687=VERTEX_POINT('',#6223);
#1688=VERTEX_POINT('',#6225);
#1689=VERTEX_POINT('',#6227);
#1690=VERTEX_POINT('',#6229);
#1691=VERTEX_POINT('',#6231);
#1692=VERTEX_POINT('',#6233);
#1693=VERTEX_POINT('',#6235);
#1694=VERTEX_POINT('',#6237);
#1695=VERTEX_POINT('',#6239);
#1696=VERTEX_POINT('',#6241);
#1697=VERTEX_POINT('',#6243);
#1698=VERTEX_POINT('',#6245);
#1699=VERTEX_POINT('',#6247);
#1700=VERTEX_POINT('',#6249);
#1701=VERTEX_POINT('',#6251);
#1702=VERTEX_POINT('',#6253);
#1703=VERTEX_POINT('',#6255);
#1704=VERTEX_POINT('',#6257);
#1705=VERTEX_POINT('',#6259);
#1706=VERTEX_POINT('',#6261);
#1707=VERTEX_POINT('',#6263);
#1708=VERTEX_POINT('',#6265);
#1709=VERTEX_POINT('',#6267);
#1710=VERTEX_POINT('',#6269);
#1711=VERTEX_POINT('',#6271);
#1712=VERTEX_POINT('',#6273);
#1713=VERTEX_POINT('',#6275);
#1714=VERTEX_POINT('',#6277);
#1715=VERTEX_POINT('',#6279);
#1716=VERTEX_POINT('',#6281);
#1717=VERTEX_POINT('',#6283);
#1718=VERTEX_POINT('',#6285);
#1719=VERTEX_POINT('',#6287);
#1720=VERTEX_POINT('',#6289);
#1721=VERTEX_POINT('',#6291);
#1722=VERTEX_POINT('',#6293);
#1723=VERTEX_POINT('',#6295);
#1724=VERTEX_POINT('',#6297);
#1725=VERTEX_POINT('',#6299);
#1726=VERTEX_POINT('',#6301);
#1727=VERTEX_POINT('',#6303);
#1728=VERTEX_POINT('',#6305);
#1729=VERTEX_POINT('',#6307);
#1730=VERTEX_POINT('',#6309);
#1731=VERTEX_POINT('',#6311);
#1732=VERTEX_POINT('',#6326);
#1733=VERTEX_POINT('',#6327);
#1734=VERTEX_POINT('',#6332);
#1735=VERTEX_POINT('',#6333);
#1736=VERTEX_POINT('',#6340);
#1737=VERTEX_POINT('',#6341);
#1738=VERTEX_POINT('',#6343);
#1739=VERTEX_POINT('',#6350);
#1740=VERTEX_POINT('',#6352);
#1741=VERTEX_POINT('',#6356);
#1742=VERTEX_POINT('',#6357);
#1743=VERTEX_POINT('',#6359);
#1744=VERTEX_POINT('',#6361);
#1745=VERTEX_POINT('',#6371);
#1746=VERTEX_POINT('',#6372);
#1747=VERTEX_POINT('',#6379);
#1748=VERTEX_POINT('',#6380);
#1749=VERTEX_POINT('',#6382);
#1750=VERTEX_POINT('',#6389);
#1751=VERTEX_POINT('',#6390);
#1752=VERTEX_POINT('',#6395);
#1753=VERTEX_POINT('',#6396);
#1754=VERTEX_POINT('',#6398);
#1755=VERTEX_POINT('',#6400);
#1756=VERTEX_POINT('',#6410);
#1757=VERTEX_POINT('',#6412);
#1758=VERTEX_POINT('',#6416);
#1759=VERTEX_POINT('',#6417);
#1760=VERTEX_POINT('',#6419);
#1761=VERTEX_POINT('',#6421);
#1762=VERTEX_POINT('',#6425);
#1763=VERTEX_POINT('',#6426);
#1764=VERTEX_POINT('',#6431);
#1765=VERTEX_POINT('',#6432);
#1766=VERTEX_POINT('',#6434);
#1767=VERTEX_POINT('',#6438);
#1768=VERTEX_POINT('',#6439);
#1769=VERTEX_POINT('',#6446);
#1770=VERTEX_POINT('',#6447);
#1771=VERTEX_POINT('',#6449);
#1772=VERTEX_POINT('',#6451);
#1773=VERTEX_POINT('',#6455);
#1774=VERTEX_POINT('',#6456);
#1775=VERTEX_POINT('',#6461);
#1776=VERTEX_POINT('',#6462);
#1777=VERTEX_POINT('',#6464);
#1778=VERTEX_POINT('',#6468);
#1779=VERTEX_POINT('',#6469);
#1780=VERTEX_POINT('',#6476);
#1781=VERTEX_POINT('',#6477);
#1782=VERTEX_POINT('',#6479);
#1783=VERTEX_POINT('',#6489);
#1784=VERTEX_POINT('',#6491);
#1785=VERTEX_POINT('',#6495);
#1786=VERTEX_POINT('',#6496);
#1787=VERTEX_POINT('',#6498);
#1788=VERTEX_POINT('',#6500);
#1789=VERTEX_POINT('',#6510);
#1790=VERTEX_POINT('',#6511);
#1791=VERTEX_POINT('',#6518);
#1792=VERTEX_POINT('',#6519);
#1793=VERTEX_POINT('',#6521);
#1794=VERTEX_POINT('',#6528);
#1795=VERTEX_POINT('',#6529);
#1796=VERTEX_POINT('',#6534);
#1797=VERTEX_POINT('',#6535);
#1798=VERTEX_POINT('',#6537);
#1799=VERTEX_POINT('',#6539);
#1800=VERTEX_POINT('',#6549);
#1801=VERTEX_POINT('',#6551);
#1802=VERTEX_POINT('',#6555);
#1803=VERTEX_POINT('',#6556);
#1804=VERTEX_POINT('',#6558);
#1805=VERTEX_POINT('',#6560);
#1806=VERTEX_POINT('',#6564);
#1807=VERTEX_POINT('',#6565);
#1808=VERTEX_POINT('',#6570);
#1809=VERTEX_POINT('',#6571);
#1810=VERTEX_POINT('',#6573);
#1811=VERTEX_POINT('',#6577);
#1812=VERTEX_POINT('',#6578);
#1813=VERTEX_POINT('',#6585);
#1814=VERTEX_POINT('',#6586);
#1815=VERTEX_POINT('',#6588);
#1816=VERTEX_POINT('',#6590);
#1817=VERTEX_POINT('',#6594);
#1818=VERTEX_POINT('',#6595);
#1819=VERTEX_POINT('',#6600);
#1820=VERTEX_POINT('',#6601);
#1821=VERTEX_POINT('',#6603);
#1822=VERTEX_POINT('',#6610);
#1823=VERTEX_POINT('',#6611);
#1824=VERTEX_POINT('',#6618);
#1825=VERTEX_POINT('',#6619);
#1826=VERTEX_POINT('',#6621);
#1827=VERTEX_POINT('',#6628);
#1828=VERTEX_POINT('',#6630);
#1829=VERTEX_POINT('',#6634);
#1830=VERTEX_POINT('',#6635);
#1831=VERTEX_POINT('',#6637);
#1832=VERTEX_POINT('',#6639);
#1833=VERTEX_POINT('',#6649);
#1834=VERTEX_POINT('',#6650);
#1835=VERTEX_POINT('',#6657);
#1836=VERTEX_POINT('',#6658);
#1837=VERTEX_POINT('',#6660);
#1838=VERTEX_POINT('',#6667);
#1839=VERTEX_POINT('',#6669);
#1840=VERTEX_POINT('',#6673);
#1841=VERTEX_POINT('',#6674);
#1842=VERTEX_POINT('',#6676);
#1843=VERTEX_POINT('',#6678);
#1844=VERTEX_POINT('',#6688);
#1845=VERTEX_POINT('',#6690);
#1846=VERTEX_POINT('',#6694);
#1847=VERTEX_POINT('',#6695);
#1848=VERTEX_POINT('',#6697);
#1849=VERTEX_POINT('',#6701);
#1850=VERTEX_POINT('',#6703);
#1851=VERTEX_POINT('',#6707);
#1852=VERTEX_POINT('',#6708);
#1853=VERTEX_POINT('',#6710);
#1854=VERTEX_POINT('',#6714);
#1855=VERTEX_POINT('',#6715);
#1856=VERTEX_POINT('',#6722);
#1857=VERTEX_POINT('',#6723);
#1858=VERTEX_POINT('',#6725);
#1859=VERTEX_POINT('',#6729);
#1860=VERTEX_POINT('',#6730);
#1861=VERTEX_POINT('',#6735);
#1862=VERTEX_POINT('',#6736);
#1863=VERTEX_POINT('',#6738);
#1864=VERTEX_POINT('',#6745);
#1865=VERTEX_POINT('',#6746);
#1866=VERTEX_POINT('',#6753);
#1867=VERTEX_POINT('',#6754);
#1868=VERTEX_POINT('',#6756);
#1869=VERTEX_POINT('',#6766);
#1870=VERTEX_POINT('',#6768);
#1871=VERTEX_POINT('',#6772);
#1872=VERTEX_POINT('',#6773);
#1873=VERTEX_POINT('',#6775);
#1874=VERTEX_POINT('',#6777);
#1875=VERTEX_POINT('',#6787);
#1876=VERTEX_POINT('',#6788);
#1877=VERTEX_POINT('',#6795);
#1878=VERTEX_POINT('',#6796);
#1879=VERTEX_POINT('',#6798);
#1880=VERTEX_POINT('',#6805);
#1881=VERTEX_POINT('',#6806);
#1882=VERTEX_POINT('',#6811);
#1883=VERTEX_POINT('',#6812);
#1884=VERTEX_POINT('',#6814);
#1885=VERTEX_POINT('',#6816);
#1886=VERTEX_POINT('',#6826);
#1887=VERTEX_POINT('',#6828);
#1888=VERTEX_POINT('',#6832);
#1889=VERTEX_POINT('',#6833);
#1890=VERTEX_POINT('',#6835);
#1891=VERTEX_POINT('',#6837);
#1892=VERTEX_POINT('',#6841);
#1893=VERTEX_POINT('',#6842);
#1894=VERTEX_POINT('',#6847);
#1895=VERTEX_POINT('',#6848);
#1896=VERTEX_POINT('',#6850);
#1897=VERTEX_POINT('',#6854);
#1898=VERTEX_POINT('',#6855);
#1899=VERTEX_POINT('',#6864);
#1900=VERTEX_POINT('',#6865);
#1901=VERTEX_POINT('',#6867);
#1902=VERTEX_POINT('',#6869);
#1903=VERTEX_POINT('',#6873);
#1904=VERTEX_POINT('',#6874);
#1905=VERTEX_POINT('',#6876);
#1906=EDGE_CURVE('',#1602,#1603,#1298,.F.);
#1907=EDGE_CURVE('',#1604,#1602,#1299,.F.);
#1908=EDGE_CURVE('',#1603,#1604,#1300,.F.);
#1909=EDGE_CURVE('',#1605,#1606,#1301,.T.);
#1910=EDGE_CURVE('',#1607,#1606,#1302,.T.);
#1911=EDGE_CURVE('',#1608,#1607,#1303,.F.);
#1912=EDGE_CURVE('',#1605,#1608,#1304,.T.);
#1913=EDGE_CURVE('',#1609,#1610,#1305,.F.);
#1914=EDGE_CURVE('',#1611,#1609,#1306,.F.);
#1915=EDGE_CURVE('',#1610,#1611,#1307,.F.);
#1916=EDGE_CURVE('',#1602,#1611,#63,.T.);
#1917=EDGE_CURVE('',#1609,#1604,#64,.T.);
#1918=EDGE_CURVE('',#1612,#1613,#1308,.T.);
#1919=EDGE_CURVE('',#1614,#1612,#1309,.F.);
#1920=EDGE_CURVE('',#1615,#1614,#1310,.T.);
#1921=EDGE_CURVE('',#1615,#1613,#1311,.T.);
#1922=EDGE_CURVE('',#1616,#1617,#1312,.T.);
#1923=EDGE_CURVE('',#1618,#1617,#1313,.T.);
#1924=EDGE_CURVE('',#1619,#1618,#1314,.F.);
#1925=EDGE_CURVE('',#1616,#1619,#1315,.T.);
#1926=EDGE_CURVE('',#1608,#1618,#65,.T.);
#1927=EDGE_CURVE('',#1617,#1605,#66,.T.);
#1928=EDGE_CURVE('',#1618,#1609,#67,.T.);
#1929=EDGE_CURVE('',#1610,#1619,#68,.T.);
#1930=EDGE_CURVE('',#1620,#1621,#1316,.T.);
#1931=EDGE_CURVE('',#1622,#1621,#1317,.T.);
#1932=EDGE_CURVE('',#1623,#1622,#1318,.F.);
#1933=EDGE_CURVE('',#1620,#1623,#1319,.T.);
#1934=EDGE_CURVE('',#1624,#1625,#1320,.T.);
#1935=EDGE_CURVE('',#1626,#1624,#1321,.F.);
#1936=EDGE_CURVE('',#1627,#1626,#1322,.T.);
#1937=EDGE_CURVE('',#1627,#1625,#1323,.T.);
#1938=EDGE_CURVE('',#1612,#1626,#69,.T.);
#1939=EDGE_CURVE('',#1624,#1614,#70,.T.);
#1940=EDGE_CURVE('',#1628,#1629,#1324,.F.);
#1941=EDGE_CURVE('',#1630,#1628,#1325,.F.);
#1942=EDGE_CURVE('',#1629,#1630,#1326,.F.);
#1943=EDGE_CURVE('',#1631,#1632,#1327,.F.);
#1944=EDGE_CURVE('',#1633,#1631,#1328,.T.);
#1945=EDGE_CURVE('',#1633,#1634,#1329,.T.);
#1946=EDGE_CURVE('',#1632,#1634,#1330,.T.);
#1947=EDGE_CURVE('',#1621,#1633,#71,.T.);
#1948=EDGE_CURVE('',#1631,#1622,#72,.T.);
#1949=EDGE_CURVE('',#1619,#1632,#73,.T.);
#1950=EDGE_CURVE('',#1634,#1616,#74,.T.);
#1951=EDGE_CURVE('',#1635,#1636,#1331,.T.);
#1952=EDGE_CURVE('',#1637,#1635,#1332,.F.);
#1953=EDGE_CURVE('',#1638,#1637,#1333,.T.);
#1954=EDGE_CURVE('',#1638,#1636,#1334,.T.);
#1955=EDGE_CURVE('',#1639,#1640,#1335,.F.);
#1956=EDGE_CURVE('',#1641,#1639,#1336,.F.);
#1957=EDGE_CURVE('',#1640,#1641,#1337,.F.);
#1958=EDGE_CURVE('',#1628,#1641,#75,.T.);
#1959=EDGE_CURVE('',#1639,#1630,#76,.T.);
#1960=EDGE_CURVE('',#1642,#1643,#1338,.F.);
#1961=EDGE_CURVE('',#1644,#1642,#1339,.F.);
#1962=EDGE_CURVE('',#1643,#1644,#1340,.F.);
#1963=EDGE_CURVE('',#1645,#1646,#1341,.T.);
#1964=EDGE_CURVE('',#1647,#1645,#1342,.F.);
#1965=EDGE_CURVE('',#1648,#1647,#1343,.T.);
#1966=EDGE_CURVE('',#1648,#1646,#1344,.T.);
#1967=EDGE_CURVE('',#1635,#1647,#77,.T.);
#1968=EDGE_CURVE('',#1645,#1637,#78,.T.);
#1969=EDGE_CURVE('',#1647,#1631,#79,.T.);
#1970=EDGE_CURVE('',#1632,#1648,#80,.T.);
#1971=EDGE_CURVE('',#1649,#1650,#1345,.F.);
#1972=EDGE_CURVE('',#1651,#1649,#1346,.F.);
#1973=EDGE_CURVE('',#1650,#1651,#1347,.F.);
#1974=EDGE_CURVE('',#1652,#1653,#1348,.F.);
#1975=EDGE_CURVE('',#1654,#1652,#1349,.F.);
#1976=EDGE_CURVE('',#1653,#1654,#1350,.F.);
#1977=EDGE_CURVE('',#1642,#1654,#81,.T.);
#1978=EDGE_CURVE('',#1652,#1644,#82,.T.);
#1979=EDGE_CURVE('',#1655,#1656,#1351,.F.);
#1980=EDGE_CURVE('',#1657,#1655,#1352,.F.);
#1981=EDGE_CURVE('',#1656,#1657,#1353,.F.);
#1982=EDGE_CURVE('',#1658,#1659,#1354,.F.);
#1983=EDGE_CURVE('',#1660,#1658,#1355,.F.);
#1984=EDGE_CURVE('',#1659,#1660,#1356,.F.);
#1985=EDGE_CURVE('',#1649,#1660,#83,.T.);
#1986=EDGE_CURVE('',#1658,#1651,#84,.T.);
#1987=EDGE_CURVE('',#1660,#1645,#85,.T.);
#1988=EDGE_CURVE('',#1646,#1659,#86,.T.);
#1989=EDGE_CURVE('',#1661,#1662,#1357,.T.);
#1990=EDGE_CURVE('',#1663,#1661,#1358,.F.);
#1991=EDGE_CURVE('',#1664,#1663,#1359,.T.);
#1992=EDGE_CURVE('',#1664,#1662,#1360,.T.);
#1993=EDGE_CURVE('',#1665,#1666,#1361,.F.);
#1994=EDGE_CURVE('',#1667,#1665,#1362,.F.);
#1995=EDGE_CURVE('',#1666,#1667,#1363,.F.);
#1996=EDGE_CURVE('',#1655,#1667,#87,.T.);
#1997=EDGE_CURVE('',#1665,#1657,#88,.T.);
#1998=EDGE_CURVE('',#1668,#1669,#1364,.F.);
#1999=EDGE_CURVE('',#1670,#1668,#1365,.F.);
#2000=EDGE_CURVE('',#1669,#1670,#1366,.F.);
#2001=EDGE_CURVE('',#1671,#1672,#1367,.T.);
#2002=EDGE_CURVE('',#1673,#1671,#1368,.F.);
#2003=EDGE_CURVE('',#1674,#1673,#1369,.T.);
#2004=EDGE_CURVE('',#1674,#1672,#1370,.T.);
#2005=EDGE_CURVE('',#1661,#1673,#89,.T.);
#2006=EDGE_CURVE('',#1671,#1663,#90,.T.);
#2007=EDGE_CURVE('',#1673,#1658,#91,.T.);
#2008=EDGE_CURVE('',#1659,#1674,#92,.T.);
#2009=EDGE_CURVE('',#1675,#1676,#1371,.T.);
#2010=EDGE_CURVE('',#1677,#1675,#1372,.F.);
#2011=EDGE_CURVE('',#1678,#1677,#1373,.T.);
#2012=EDGE_CURVE('',#1678,#1676,#1374,.T.);
#2013=EDGE_CURVE('',#1679,#1680,#1375,.F.);
#2014=EDGE_CURVE('',#1681,#1679,#1376,.F.);
#2015=EDGE_CURVE('',#1680,#1681,#1377,.F.);
#2016=EDGE_CURVE('',#1668,#1681,#93,.T.);
#2017=EDGE_CURVE('',#1679,#1670,#94,.T.);
#2018=EDGE_CURVE('',#1682,#1683,#1378,.T.);
#2019=EDGE_CURVE('',#1684,#1682,#1379,.F.);
#2020=EDGE_CURVE('',#1685,#1684,#1380,.T.);
#2021=EDGE_CURVE('',#1685,#1683,#1381,.T.);
#2022=EDGE_CURVE('',#1675,#1684,#95,.T.);
#2023=EDGE_CURVE('',#1682,#1677,#96,.T.);
#2024=EDGE_CURVE('',#1684,#1671,#97,.T.);
#2025=EDGE_CURVE('',#1672,#1685,#98,.T.);
#2026=EDGE_CURVE('',#1681,#1682,#99,.T.);
#2027=EDGE_CURVE('',#1683,#1680,#100,.T.);
#2028=EDGE_CURVE('',#1667,#1679,#101,.T.);
#2029=EDGE_CURVE('',#1680,#1666,#102,.T.);
#2030=EDGE_CURVE('',#1669,#1678,#103,.T.);
#2031=EDGE_CURVE('',#1677,#1668,#104,.T.);
#2032=EDGE_CURVE('',#1676,#1664,#105,.T.);
#2033=EDGE_CURVE('',#1663,#1675,#106,.T.);
#2034=EDGE_CURVE('',#1656,#1669,#107,.T.);
#2035=EDGE_CURVE('',#1670,#1655,#108,.T.);
#2036=EDGE_CURVE('',#1654,#1665,#109,.T.);
#2037=EDGE_CURVE('',#1666,#1653,#110,.T.);
#2038=EDGE_CURVE('',#1662,#1650,#111,.T.);
#2039=EDGE_CURVE('',#1651,#1661,#112,.T.);
#2040=EDGE_CURVE('',#1643,#1656,#113,.T.);
#2041=EDGE_CURVE('',#1657,#1642,#114,.T.);
#2042=EDGE_CURVE('',#1641,#1652,#115,.T.);
#2043=EDGE_CURVE('',#1653,#1640,#116,.T.);
#2044=EDGE_CURVE('',#1650,#1638,#117,.T.);
#2045=EDGE_CURVE('',#1637,#1649,#118,.T.);
#2046=EDGE_CURVE('',#1629,#1643,#119,.T.);
#2047=EDGE_CURVE('',#1644,#1628,#120,.T.);
#2048=EDGE_CURVE('',#1626,#1639,#121,.T.);
#2049=EDGE_CURVE('',#1640,#1627,#122,.T.);
#2050=EDGE_CURVE('',#1636,#1623,#123,.T.);
#2051=EDGE_CURVE('',#1622,#1635,#124,.T.);
#2052=EDGE_CURVE('',#1613,#1629,#125,.T.);
#2053=EDGE_CURVE('',#1630,#1612,#126,.T.);
#2054=EDGE_CURVE('',#1611,#1624,#127,.T.);
#2055=EDGE_CURVE('',#1625,#1610,#128,.T.);
#2056=EDGE_CURVE('',#1623,#1607,#129,.T.);
#2057=EDGE_CURVE('',#1606,#1620,#130,.T.);
#2058=EDGE_CURVE('',#1603,#1615,#131,.T.);
#2059=EDGE_CURVE('',#1614,#1602,#132,.T.);
#2060=EDGE_CURVE('',#1607,#1603,#133,.T.);
#2061=EDGE_CURVE('',#1604,#1608,#134,.T.);
#2062=EDGE_CURVE('',#1686,#1687,#135,.T.);
#2063=EDGE_CURVE('',#1688,#1686,#136,.T.);
#2064=EDGE_CURVE('',#1689,#1688,#1382,.T.);
#2065=EDGE_CURVE('',#1690,#1689,#137,.T.);
#2066=EDGE_CURVE('',#1691,#1690,#1383,.T.);
#2067=EDGE_CURVE('',#1692,#1691,#138,.T.);
#2068=EDGE_CURVE('',#1693,#1692,#139,.T.);
#2069=EDGE_CURVE('',#1694,#1693,#140,.T.);
#2070=EDGE_CURVE('',#1695,#1694,#1384,.T.);
#2071=EDGE_CURVE('',#1696,#1695,#141,.T.);
#2072=EDGE_CURVE('',#1697,#1696,#1385,.T.);
#2073=EDGE_CURVE('',#1698,#1697,#142,.T.);
#2074=EDGE_CURVE('',#1699,#1698,#143,.T.);
#2075=EDGE_CURVE('',#1700,#1699,#144,.T.);
#2076=EDGE_CURVE('',#1701,#1700,#1386,.T.);
#2077=EDGE_CURVE('',#1702,#1701,#145,.T.);
#2078=EDGE_CURVE('',#1703,#1702,#1387,.T.);
#2079=EDGE_CURVE('',#1704,#1703,#146,.T.);
#2080=EDGE_CURVE('',#1705,#1704,#147,.T.);
#2081=EDGE_CURVE('',#1706,#1705,#148,.T.);
#2082=EDGE_CURVE('',#1707,#1706,#1388,.T.);
#2083=EDGE_CURVE('',#1708,#1707,#149,.T.);
#2084=EDGE_CURVE('',#1709,#1708,#1389,.T.);
#2085=EDGE_CURVE('',#1710,#1709,#150,.T.);
#2086=EDGE_CURVE('',#1711,#1710,#151,.T.);
#2087=EDGE_CURVE('',#1712,#1711,#152,.T.);
#2088=EDGE_CURVE('',#1713,#1712,#1390,.T.);
#2089=EDGE_CURVE('',#1714,#1713,#153,.T.);
#2090=EDGE_CURVE('',#1715,#1714,#1391,.T.);
#2091=EDGE_CURVE('',#1716,#1715,#154,.T.);
#2092=EDGE_CURVE('',#1717,#1716,#155,.T.);
#2093=EDGE_CURVE('',#1718,#1717,#156,.T.);
#2094=EDGE_CURVE('',#1719,#1718,#1392,.T.);
#2095=EDGE_CURVE('',#1720,#1719,#157,.T.);
#2096=EDGE_CURVE('',#1721,#1720,#1393,.T.);
#2097=EDGE_CURVE('',#1722,#1721,#158,.T.);
#2098=EDGE_CURVE('',#1723,#1722,#159,.T.);
#2099=EDGE_CURVE('',#1724,#1723,#160,.T.);
#2100=EDGE_CURVE('',#1725,#1724,#161,.T.);
#2101=EDGE_CURVE('',#1726,#1725,#162,.T.);
#2102=EDGE_CURVE('',#1727,#1726,#163,.T.);
#2103=EDGE_CURVE('',#1728,#1727,#164,.T.);
#2104=EDGE_CURVE('',#1729,#1728,#1394,.T.);
#2105=EDGE_CURVE('',#1730,#1729,#165,.T.);
#2106=EDGE_CURVE('',#1731,#1730,#1395,.T.);
#2107=EDGE_CURVE('',#1687,#1731,#166,.T.);
#2108=EDGE_CURVE('',#1732,#1733,#1396,.F.);
#2109=EDGE_CURVE('',#1710,#1732,#1397,.F.);
#2110=EDGE_CURVE('',#1733,#1710,#1398,.F.);
#2111=EDGE_CURVE('',#1734,#1735,#1399,.F.);
#2112=EDGE_CURVE('',#1709,#1734,#1400,.T.);
#2113=EDGE_CURVE('',#1735,#1708,#1401,.T.);
#2114=EDGE_CURVE('',#1734,#1733,#167,.T.);
#2115=EDGE_CURVE('',#1736,#1737,#1402,.F.);
#2116=EDGE_CURVE('',#1738,#1736,#1403,.F.);
#2117=EDGE_CURVE('',#1737,#1738,#1404,.F.);
#2118=EDGE_CURVE('',#1736,#1732,#168,.T.);
#2119=EDGE_CURVE('',#1733,#1738,#169,.T.);
#2120=EDGE_CURVE('',#1739,#1711,#1405,.F.);
#2121=EDGE_CURVE('',#1740,#1739,#1406,.F.);
#2122=EDGE_CURVE('',#1711,#1740,#1407,.F.);
#2123=EDGE_CURVE('',#1741,#1742,#1408,.T.);
#2124=EDGE_CURVE('',#1743,#1742,#1409,.T.);
#2125=EDGE_CURVE('',#1744,#1743,#1410,.F.);
#2126=EDGE_CURVE('',#1741,#1744,#1411,.T.);
#2127=EDGE_CURVE('',#1742,#1737,#170,.T.);
#2128=EDGE_CURVE('',#1738,#1743,#171,.T.);
#2129=EDGE_CURVE('',#1743,#1734,#172,.T.);
#2130=EDGE_CURVE('',#1735,#1744,#173,.T.);
#2131=EDGE_CURVE('',#1745,#1746,#1412,.F.);
#2132=EDGE_CURVE('',#1707,#1745,#1413,.T.);
#2133=EDGE_CURVE('',#1746,#1706,#1414,.T.);
#2134=EDGE_CURVE('',#1745,#1735,#174,.T.);
#2135=EDGE_CURVE('',#1747,#1748,#1415,.F.);
#2136=EDGE_CURVE('',#1749,#1747,#1416,.F.);
#2137=EDGE_CURVE('',#1748,#1749,#1417,.F.);
#2138=EDGE_CURVE('',#1737,#1749,#175,.T.);
#2139=EDGE_CURVE('',#1747,#1736,#176,.T.);
#2140=EDGE_CURVE('',#1750,#1751,#1418,.F.);
#2141=EDGE_CURVE('',#1713,#1750,#1419,.T.);
#2142=EDGE_CURVE('',#1751,#1712,#1420,.T.);
#2143=EDGE_CURVE('',#1752,#1753,#1421,.T.);
#2144=EDGE_CURVE('',#1754,#1753,#1422,.T.);
#2145=EDGE_CURVE('',#1755,#1754,#1423,.F.);
#2146=EDGE_CURVE('',#1752,#1755,#1424,.T.);
#2147=EDGE_CURVE('',#1753,#1741,#177,.T.);
#2148=EDGE_CURVE('',#1744,#1754,#178,.T.);
#2149=EDGE_CURVE('',#1754,#1745,#179,.T.);
#2150=EDGE_CURVE('',#1746,#1755,#180,.T.);
#2151=EDGE_CURVE('',#1756,#1705,#1425,.F.);
#2152=EDGE_CURVE('',#1757,#1756,#1426,.F.);
#2153=EDGE_CURVE('',#1705,#1757,#1427,.F.);
#2154=EDGE_CURVE('',#1758,#1759,#1428,.T.);
#2155=EDGE_CURVE('',#1760,#1759,#1429,.T.);
#2156=EDGE_CURVE('',#1761,#1760,#1430,.F.);
#2157=EDGE_CURVE('',#1758,#1761,#1431,.T.);
#2158=EDGE_CURVE('',#1762,#1763,#1432,.F.);
#2159=EDGE_CURVE('',#1715,#1762,#1433,.T.);
#2160=EDGE_CURVE('',#1763,#1714,#1434,.T.);
#2161=EDGE_CURVE('',#1764,#1765,#1435,.F.);
#2162=EDGE_CURVE('',#1766,#1764,#1436,.F.);
#2163=EDGE_CURVE('',#1765,#1766,#1437,.F.);
#2164=EDGE_CURVE('',#1767,#1768,#1438,.F.);
#2165=EDGE_CURVE('',#1704,#1767,#1439,.F.);
#2166=EDGE_CURVE('',#1768,#1704,#1440,.F.);
#2167=EDGE_CURVE('',#1767,#1756,#181,.T.);
#2168=EDGE_CURVE('',#1769,#1770,#1441,.T.);
#2169=EDGE_CURVE('',#1771,#1770,#1442,.T.);
#2170=EDGE_CURVE('',#1772,#1771,#1443,.F.);
#2171=EDGE_CURVE('',#1769,#1772,#1444,.T.);
#2172=EDGE_CURVE('',#1773,#1774,#1445,.F.);
#2173=EDGE_CURVE('',#1716,#1773,#1446,.F.);
#2174=EDGE_CURVE('',#1774,#1716,#1447,.F.);
#2175=EDGE_CURVE('',#1775,#1776,#1448,.F.);
#2176=EDGE_CURVE('',#1777,#1775,#1449,.F.);
#2177=EDGE_CURVE('',#1776,#1777,#1450,.F.);
#2178=EDGE_CURVE('',#1778,#1779,#1451,.F.);
#2179=EDGE_CURVE('',#1703,#1778,#1452,.T.);
#2180=EDGE_CURVE('',#1779,#1702,#1453,.T.);
#2181=EDGE_CURVE('',#1778,#1768,#182,.T.);
#2182=EDGE_CURVE('',#1780,#1781,#1454,.F.);
#2183=EDGE_CURVE('',#1782,#1780,#1455,.F.);
#2184=EDGE_CURVE('',#1781,#1782,#1456,.F.);
#2185=EDGE_CURVE('',#1780,#1773,#183,.T.);
#2186=EDGE_CURVE('',#1774,#1782,#184,.T.);
#2187=EDGE_CURVE('',#1770,#1781,#185,.T.);
#2188=EDGE_CURVE('',#1782,#1771,#186,.T.);
#2189=EDGE_CURVE('',#1783,#1717,#1457,.F.);
#2190=EDGE_CURVE('',#1784,#1783,#1458,.F.);
#2191=EDGE_CURVE('',#1717,#1784,#1459,.F.);
#2192=EDGE_CURVE('',#1785,#1786,#1460,.T.);
#2193=EDGE_CURVE('',#1787,#1786,#1461,.T.);
#2194=EDGE_CURVE('',#1788,#1787,#1462,.F.);
#2195=EDGE_CURVE('',#1785,#1788,#1463,.T.);
#2196=EDGE_CURVE('',#1786,#1777,#187,.T.);
#2197=EDGE_CURVE('',#1775,#1787,#188,.T.);
#2198=EDGE_CURVE('',#1787,#1778,#189,.T.);
#2199=EDGE_CURVE('',#1779,#1788,#190,.T.);
#2200=EDGE_CURVE('',#1789,#1790,#1464,.F.);
#2201=EDGE_CURVE('',#1701,#1789,#1465,.T.);
#2202=EDGE_CURVE('',#1790,#1700,#1466,.T.);
#2203=EDGE_CURVE('',#1789,#1779,#191,.T.);
#2204=EDGE_CURVE('',#1791,#1792,#1467,.F.);
#2205=EDGE_CURVE('',#1793,#1791,#1468,.F.);
#2206=EDGE_CURVE('',#1792,#1793,#1469,.F.);
#2207=EDGE_CURVE('',#1781,#1793,#192,.T.);
#2208=EDGE_CURVE('',#1791,#1780,#193,.T.);
#2209=EDGE_CURVE('',#1794,#1795,#1470,.F.);
#2210=EDGE_CURVE('',#1719,#1794,#1471,.T.);
#2211=EDGE_CURVE('',#1795,#1718,#1472,.T.);
#2212=EDGE_CURVE('',#1796,#1797,#1473,.T.);
#2213=EDGE_CURVE('',#1798,#1797,#1474,.T.);
#2214=EDGE_CURVE('',#1799,#1798,#1475,.F.);
#2215=EDGE_CURVE('',#1796,#1799,#1476,.T.);
#2216=EDGE_CURVE('',#1797,#1785,#194,.T.);
#2217=EDGE_CURVE('',#1788,#1798,#195,.T.);
#2218=EDGE_CURVE('',#1798,#1789,#196,.T.);
#2219=EDGE_CURVE('',#1790,#1799,#197,.T.);
#2220=EDGE_CURVE('',#1800,#1699,#1477,.F.);
#2221=EDGE_CURVE('',#1801,#1800,#1478,.F.);
#2222=EDGE_CURVE('',#1699,#1801,#1479,.F.);
#2223=EDGE_CURVE('',#1802,#1803,#1480,.T.);
#2224=EDGE_CURVE('',#1804,#1803,#1481,.T.);
#2225=EDGE_CURVE('',#1805,#1804,#1482,.F.);
#2226=EDGE_CURVE('',#1802,#1805,#1483,.T.);
#2227=EDGE_CURVE('',#1806,#1807,#1484,.F.);
#2228=EDGE_CURVE('',#1721,#1806,#1485,.T.);
#2229=EDGE_CURVE('',#1807,#1720,#1486,.T.);
#2230=EDGE_CURVE('',#1808,#1809,#1487,.F.);
#2231=EDGE_CURVE('',#1810,#1808,#1488,.F.);
#2232=EDGE_CURVE('',#1809,#1810,#1489,.F.);
#2233=EDGE_CURVE('',#1811,#1812,#1490,.F.);
#2234=EDGE_CURVE('',#1698,#1811,#1491,.F.);
#2235=EDGE_CURVE('',#1812,#1698,#1492,.F.);
#2236=EDGE_CURVE('',#1811,#1800,#198,.T.);
#2237=EDGE_CURVE('',#1813,#1814,#1493,.T.);
#2238=EDGE_CURVE('',#1815,#1814,#1494,.T.);
#2239=EDGE_CURVE('',#1816,#1815,#1495,.F.);
#2240=EDGE_CURVE('',#1813,#1816,#1496,.T.);
#2241=EDGE_CURVE('',#1817,#1818,#1497,.F.);
#2242=EDGE_CURVE('',#1722,#1817,#1498,.F.);
#2243=EDGE_CURVE('',#1818,#1722,#1499,.F.);
#2244=EDGE_CURVE('',#1819,#1820,#1500,.F.);
#2245=EDGE_CURVE('',#1821,#1819,#1501,.F.);
#2246=EDGE_CURVE('',#1820,#1821,#1502,.F.);
#2247=EDGE_CURVE('',#1819,#1811,#199,.T.);
#2248=EDGE_CURVE('',#1812,#1821,#200,.T.);
#2249=EDGE_CURVE('',#1822,#1823,#1503,.F.);
#2250=EDGE_CURVE('',#1697,#1822,#1504,.T.);
#2251=EDGE_CURVE('',#1823,#1696,#1505,.T.);
#2252=EDGE_CURVE('',#1822,#1812,#201,.T.);
#2253=EDGE_CURVE('',#1824,#1825,#1506,.F.);
#2254=EDGE_CURVE('',#1826,#1824,#1507,.F.);
#2255=EDGE_CURVE('',#1825,#1826,#1508,.F.);
#2256=EDGE_CURVE('',#1814,#1826,#202,.T.);
#2257=EDGE_CURVE('',#1824,#1815,#203,.T.);
#2258=EDGE_CURVE('',#1827,#1723,#1509,.F.);
#2259=EDGE_CURVE('',#1828,#1827,#1510,.F.);
#2260=EDGE_CURVE('',#1723,#1828,#1511,.F.);
#2261=EDGE_CURVE('',#1829,#1830,#1512,.T.);
#2262=EDGE_CURVE('',#1831,#1830,#1513,.T.);
#2263=EDGE_CURVE('',#1832,#1831,#1514,.F.);
#2264=EDGE_CURVE('',#1829,#1832,#1515,.T.);
#2265=EDGE_CURVE('',#1830,#1820,#204,.T.);
#2266=EDGE_CURVE('',#1821,#1831,#205,.T.);
#2267=EDGE_CURVE('',#1831,#1822,#206,.T.);
#2268=EDGE_CURVE('',#1823,#1832,#207,.T.);
#2269=EDGE_CURVE('',#1833,#1834,#1516,.F.);
#2270=EDGE_CURVE('',#1695,#1833,#1517,.T.);
#2271=EDGE_CURVE('',#1834,#1694,#1518,.T.);
#2272=EDGE_CURVE('',#1833,#1823,#208,.T.);
#2273=EDGE_CURVE('',#1835,#1836,#1519,.F.);
#2274=EDGE_CURVE('',#1837,#1835,#1520,.F.);
#2275=EDGE_CURVE('',#1836,#1837,#1521,.F.);
#2276=EDGE_CURVE('',#1826,#1837,#209,.T.);
#2277=EDGE_CURVE('',#1835,#1825,#210,.T.);
#2278=EDGE_CURVE('',#1838,#1724,#1522,.F.);
#2279=EDGE_CURVE('',#1839,#1838,#1523,.F.);
#2280=EDGE_CURVE('',#1724,#1839,#1524,.F.);
#2281=EDGE_CURVE('',#1840,#1841,#1525,.T.);
#2282=EDGE_CURVE('',#1842,#1841,#1526,.T.);
#2283=EDGE_CURVE('',#1843,#1842,#1527,.F.);
#2284=EDGE_CURVE('',#1840,#1843,#1528,.T.);
#2285=EDGE_CURVE('',#1841,#1829,#211,.T.);
#2286=EDGE_CURVE('',#1832,#1842,#212,.T.);
#2287=EDGE_CURVE('',#1842,#1833,#213,.T.);
#2288=EDGE_CURVE('',#1834,#1843,#214,.T.);
#2289=EDGE_CURVE('',#1844,#1693,#1529,.F.);
#2290=EDGE_CURVE('',#1845,#1844,#1530,.F.);
#2291=EDGE_CURVE('',#1693,#1845,#1531,.F.);
#2292=EDGE_CURVE('',#1846,#1847,#1532,.F.);
#2293=EDGE_CURVE('',#1848,#1846,#1533,.F.);
#2294=EDGE_CURVE('',#1847,#1848,#1534,.F.);
#2295=EDGE_CURVE('',#1849,#1725,#1535,.F.);
#2296=EDGE_CURVE('',#1850,#1849,#1536,.F.);
#2297=EDGE_CURVE('',#1725,#1850,#1537,.F.);
#2298=EDGE_CURVE('',#1851,#1852,#1538,.F.);
#2299=EDGE_CURVE('',#1853,#1851,#1539,.F.);
#2300=EDGE_CURVE('',#1852,#1853,#1540,.F.);
#2301=EDGE_CURVE('',#1854,#1855,#1541,.F.);
#2302=EDGE_CURVE('',#1692,#1854,#1542,.F.);
#2303=EDGE_CURVE('',#1855,#1692,#1543,.F.);
#2304=EDGE_CURVE('',#1854,#1844,#215,.T.);
#2305=EDGE_CURVE('',#1856,#1857,#1544,.F.);
#2306=EDGE_CURVE('',#1858,#1856,#1545,.F.);
#2307=EDGE_CURVE('',#1857,#1858,#1546,.F.);
#2308=EDGE_CURVE('',#1859,#1860,#1547,.F.);
#2309=EDGE_CURVE('',#1726,#1859,#1548,.F.);
#2310=EDGE_CURVE('',#1860,#1726,#1549,.F.);
#2311=EDGE_CURVE('',#1861,#1862,#1550,.F.);
#2312=EDGE_CURVE('',#1863,#1861,#1551,.F.);
#2313=EDGE_CURVE('',#1862,#1863,#1552,.F.);
#2314=EDGE_CURVE('',#1861,#1854,#216,.T.);
#2315=EDGE_CURVE('',#1855,#1863,#217,.T.);
#2316=EDGE_CURVE('',#1864,#1865,#1553,.F.);
#2317=EDGE_CURVE('',#1691,#1864,#1554,.T.);
#2318=EDGE_CURVE('',#1865,#1690,#1555,.T.);
#2319=EDGE_CURVE('',#1864,#1855,#218,.T.);
#2320=EDGE_CURVE('',#1866,#1867,#1556,.F.);
#2321=EDGE_CURVE('',#1868,#1866,#1557,.F.);
#2322=EDGE_CURVE('',#1867,#1868,#1558,.F.);
#2323=EDGE_CURVE('',#1866,#1859,#219,.T.);
#2324=EDGE_CURVE('',#1860,#1868,#220,.T.);
#2325=EDGE_CURVE('',#1868,#1858,#221,.T.);
#2326=EDGE_CURVE('',#1856,#1867,#222,.T.);
#2327=EDGE_CURVE('',#1869,#1727,#1559,.F.);
#2328=EDGE_CURVE('',#1870,#1869,#1560,.F.);
#2329=EDGE_CURVE('',#1727,#1870,#1561,.F.);
#2330=EDGE_CURVE('',#1871,#1872,#1562,.T.);
#2331=EDGE_CURVE('',#1873,#1872,#1563,.T.);
#2332=EDGE_CURVE('',#1874,#1873,#1564,.F.);
#2333=EDGE_CURVE('',#1871,#1874,#1565,.T.);
#2334=EDGE_CURVE('',#1872,#1862,#223,.T.);
#2335=EDGE_CURVE('',#1863,#1873,#224,.T.);
#2336=EDGE_CURVE('',#1873,#1864,#225,.T.);
#2337=EDGE_CURVE('',#1865,#1874,#226,.T.);
#2338=EDGE_CURVE('',#1875,#1876,#1566,.F.);
#2339=EDGE_CURVE('',#1689,#1875,#1567,.T.);
#2340=EDGE_CURVE('',#1876,#1688,#1568,.T.);
#2341=EDGE_CURVE('',#1875,#1865,#227,.T.);
#2342=EDGE_CURVE('',#1877,#1878,#1569,.F.);
#2343=EDGE_CURVE('',#1879,#1877,#1570,.F.);
#2344=EDGE_CURVE('',#1878,#1879,#1571,.F.);
#2345=EDGE_CURVE('',#1867,#1879,#228,.T.);
#2346=EDGE_CURVE('',#1877,#1866,#229,.T.);
#2347=EDGE_CURVE('',#1880,#1881,#1572,.F.);
#2348=EDGE_CURVE('',#1729,#1880,#1573,.T.);
#2349=EDGE_CURVE('',#1881,#1728,#1574,.T.);
#2350=EDGE_CURVE('',#1882,#1883,#1575,.T.);
#2351=EDGE_CURVE('',#1884,#1883,#1576,.T.);
#2352=EDGE_CURVE('',#1885,#1884,#1577,.F.);
#2353=EDGE_CURVE('',#1882,#1885,#1578,.T.);
#2354=EDGE_CURVE('',#1883,#1871,#230,.T.);
#2355=EDGE_CURVE('',#1874,#1884,#231,.T.);
#2356=EDGE_CURVE('',#1884,#1875,#232,.T.);
#2357=EDGE_CURVE('',#1876,#1885,#233,.T.);
#2358=EDGE_CURVE('',#1886,#1686,#1579,.F.);
#2359=EDGE_CURVE('',#1887,#1886,#1580,.F.);
#2360=EDGE_CURVE('',#1686,#1887,#1581,.F.);
#2361=EDGE_CURVE('',#1888,#1889,#1582,.T.);
#2362=EDGE_CURVE('',#1890,#1889,#1583,.T.);
#2363=EDGE_CURVE('',#1891,#1890,#1584,.F.);
#2364=EDGE_CURVE('',#1888,#1891,#1585,.T.);
#2365=EDGE_CURVE('',#1892,#1893,#1586,.F.);
#2366=EDGE_CURVE('',#1731,#1892,#1587,.T.);
#2367=EDGE_CURVE('',#1893,#1730,#1588,.T.);
#2368=EDGE_CURVE('',#1894,#1895,#1589,.F.);
#2369=EDGE_CURVE('',#1896,#1894,#1590,.F.);
#2370=EDGE_CURVE('',#1895,#1896,#1591,.F.);
#2371=EDGE_CURVE('',#1897,#1898,#1592,.F.);
#2372=EDGE_CURVE('',#1687,#1897,#1593,.F.);
#2373=EDGE_CURVE('',#1898,#1687,#1594,.F.);
#2374=EDGE_CURVE('',#1897,#1886,#234,.T.);
#2375=EDGE_CURVE('',#1892,#1898,#235,.T.);
#2376=EDGE_CURVE('',#1899,#1900,#1595,.T.);
#2377=EDGE_CURVE('',#1901,#1900,#1596,.T.);
#2378=EDGE_CURVE('',#1902,#1901,#1597,.F.);
#2379=EDGE_CURVE('',#1899,#1902,#1598,.T.);
#2380=EDGE_CURVE('',#1903,#1904,#1599,.F.);
#2381=EDGE_CURVE('',#1905,#1903,#1600,.F.);
#2382=EDGE_CURVE('',#1904,#1905,#1601,.F.);
#2383=EDGE_CURVE('',#1900,#1905,#236,.T.);
#2384=EDGE_CURVE('',#1903,#1901,#237,.T.);
#2385=EDGE_CURVE('',#1905,#1896,#238,.T.);
#2386=EDGE_CURVE('',#1894,#1904,#239,.T.);
#2387=EDGE_CURVE('',#1904,#1897,#240,.T.);
#2388=EDGE_CURVE('',#1898,#1903,#241,.T.);
#2389=EDGE_CURVE('',#1901,#1892,#242,.T.);
#2390=EDGE_CURVE('',#1893,#1902,#243,.T.);
#2391=EDGE_CURVE('',#1889,#1899,#244,.T.);
#2392=EDGE_CURVE('',#1902,#1890,#245,.T.);
#2393=EDGE_CURVE('',#1896,#1882,#246,.T.);
#2394=EDGE_CURVE('',#1885,#1895,#247,.T.);
#2395=EDGE_CURVE('',#1886,#1894,#248,.T.);
#2396=EDGE_CURVE('',#1895,#1887,#249,.T.);
#2397=EDGE_CURVE('',#1880,#1893,#250,.T.);
#2398=EDGE_CURVE('',#1890,#1880,#251,.T.);
#2399=EDGE_CURVE('',#1881,#1891,#252,.T.);
#2400=EDGE_CURVE('',#1879,#1888,#253,.T.);
#2401=EDGE_CURVE('',#1891,#1878,#254,.T.);
#2402=EDGE_CURVE('',#1887,#1876,#255,.T.);
#2403=EDGE_CURVE('',#1870,#1881,#256,.T.);
#2404=EDGE_CURVE('',#1869,#1877,#257,.T.);
#2405=EDGE_CURVE('',#1878,#1870,#258,.T.);
#2406=EDGE_CURVE('',#1859,#1869,#259,.T.);
#2407=EDGE_CURVE('',#1862,#1853,#260,.T.);
#2408=EDGE_CURVE('',#1851,#1861,#261,.T.);
#2409=EDGE_CURVE('',#1850,#1860,#262,.T.);
#2410=EDGE_CURVE('',#1849,#1857,#263,.T.);
#2411=EDGE_CURVE('',#1858,#1850,#264,.T.);
#2412=EDGE_CURVE('',#1846,#1856,#265,.T.);
#2413=EDGE_CURVE('',#1857,#1848,#266,.T.);
#2414=EDGE_CURVE('',#1853,#1840,#267,.T.);
#2415=EDGE_CURVE('',#1843,#1852,#268,.T.);
#2416=EDGE_CURVE('',#1844,#1851,#269,.T.);
#2417=EDGE_CURVE('',#1852,#1845,#270,.T.);
#2418=EDGE_CURVE('',#1839,#1849,#271,.T.);
#2419=EDGE_CURVE('',#1838,#1847,#272,.T.);
#2420=EDGE_CURVE('',#1848,#1839,#273,.T.);
#2421=EDGE_CURVE('',#1837,#1846,#274,.T.);
#2422=EDGE_CURVE('',#1847,#1836,#275,.T.);
#2423=EDGE_CURVE('',#1845,#1834,#276,.T.);
#2424=EDGE_CURVE('',#1828,#1838,#277,.T.);
#2425=EDGE_CURVE('',#1827,#1835,#278,.T.);
#2426=EDGE_CURVE('',#1836,#1828,#279,.T.);
#2427=EDGE_CURVE('',#1817,#1827,#280,.T.);
#2428=EDGE_CURVE('',#1825,#1817,#281,.T.);
#2429=EDGE_CURVE('',#1818,#1824,#282,.T.);
#2430=EDGE_CURVE('',#1820,#1810,#283,.T.);
#2431=EDGE_CURVE('',#1808,#1819,#284,.T.);
#2432=EDGE_CURVE('',#1806,#1818,#285,.T.);
#2433=EDGE_CURVE('',#1815,#1806,#286,.T.);
#2434=EDGE_CURVE('',#1807,#1816,#287,.T.);
#2435=EDGE_CURVE('',#1803,#1813,#288,.T.);
#2436=EDGE_CURVE('',#1816,#1804,#289,.T.);
#2437=EDGE_CURVE('',#1810,#1796,#290,.T.);
#2438=EDGE_CURVE('',#1799,#1809,#291,.T.);
#2439=EDGE_CURVE('',#1800,#1808,#292,.T.);
#2440=EDGE_CURVE('',#1809,#1801,#293,.T.);
#2441=EDGE_CURVE('',#1794,#1807,#294,.T.);
#2442=EDGE_CURVE('',#1804,#1794,#295,.T.);
#2443=EDGE_CURVE('',#1795,#1805,#296,.T.);
#2444=EDGE_CURVE('',#1793,#1802,#297,.T.);
#2445=EDGE_CURVE('',#1805,#1792,#298,.T.);
#2446=EDGE_CURVE('',#1801,#1790,#299,.T.);
#2447=EDGE_CURVE('',#1784,#1795,#300,.T.);
#2448=EDGE_CURVE('',#1783,#1791,#301,.T.);
#2449=EDGE_CURVE('',#1792,#1784,#302,.T.);
#2450=EDGE_CURVE('',#1773,#1783,#303,.T.);
#2451=EDGE_CURVE('',#1777,#1766,#304,.T.);
#2452=EDGE_CURVE('',#1764,#1776,#305,.T.);
#2453=EDGE_CURVE('',#1776,#1767,#306,.T.);
#2454=EDGE_CURVE('',#1768,#1775,#307,.T.);
#2455=EDGE_CURVE('',#1762,#1774,#308,.T.);
#2456=EDGE_CURVE('',#1771,#1762,#309,.T.);
#2457=EDGE_CURVE('',#1763,#1772,#310,.T.);
#2458=EDGE_CURVE('',#1759,#1769,#311,.T.);
#2459=EDGE_CURVE('',#1772,#1760,#312,.T.);
#2460=EDGE_CURVE('',#1766,#1752,#313,.T.);
#2461=EDGE_CURVE('',#1755,#1765,#314,.T.);
#2462=EDGE_CURVE('',#1756,#1764,#315,.T.);
#2463=EDGE_CURVE('',#1765,#1757,#316,.T.);
#2464=EDGE_CURVE('',#1750,#1763,#317,.T.);
#2465=EDGE_CURVE('',#1760,#1750,#318,.T.);
#2466=EDGE_CURVE('',#1751,#1761,#319,.T.);
#2467=EDGE_CURVE('',#1749,#1758,#320,.T.);
#2468=EDGE_CURVE('',#1761,#1748,#321,.T.);
#2469=EDGE_CURVE('',#1757,#1746,#322,.T.);
#2470=EDGE_CURVE('',#1740,#1751,#323,.T.);
#2471=EDGE_CURVE('',#1739,#1747,#324,.T.);
#2472=EDGE_CURVE('',#1748,#1740,#325,.T.);
#2473=EDGE_CURVE('',#1732,#1739,#326,.T.);
#2474=ORIENTED_EDGE('',*,*,#1906,.F.);
#2475=ORIENTED_EDGE('',*,*,#1907,.F.);
#2476=ORIENTED_EDGE('',*,*,#1908,.F.);
#2477=ORIENTED_EDGE('',*,*,#1909,.T.);
#2478=ORIENTED_EDGE('',*,*,#1910,.F.);
#2479=ORIENTED_EDGE('',*,*,#1911,.F.);
#2480=ORIENTED_EDGE('',*,*,#1912,.F.);
#2481=ORIENTED_EDGE('',*,*,#1913,.F.);
#2482=ORIENTED_EDGE('',*,*,#1914,.F.);
#2483=ORIENTED_EDGE('',*,*,#1915,.F.);
#2484=ORIENTED_EDGE('',*,*,#1907,.T.);
#2485=ORIENTED_EDGE('',*,*,#1916,.T.);
#2486=ORIENTED_EDGE('',*,*,#1914,.T.);
#2487=ORIENTED_EDGE('',*,*,#1917,.T.);
#2488=ORIENTED_EDGE('',*,*,#1918,.F.);
#2489=ORIENTED_EDGE('',*,*,#1919,.F.);
#2490=ORIENTED_EDGE('',*,*,#1920,.F.);
#2491=ORIENTED_EDGE('',*,*,#1921,.T.);
#2492=ORIENTED_EDGE('',*,*,#1922,.T.);
#2493=ORIENTED_EDGE('',*,*,#1923,.F.);
#2494=ORIENTED_EDGE('',*,*,#1924,.F.);
#2495=ORIENTED_EDGE('',*,*,#1925,.F.);
#2496=ORIENTED_EDGE('',*,*,#1912,.T.);
#2497=ORIENTED_EDGE('',*,*,#1926,.T.);
#2498=ORIENTED_EDGE('',*,*,#1923,.T.);
#2499=ORIENTED_EDGE('',*,*,#1927,.T.);
#2500=ORIENTED_EDGE('',*,*,#1924,.T.);
#2501=ORIENTED_EDGE('',*,*,#1928,.T.);
#2502=ORIENTED_EDGE('',*,*,#1913,.T.);
#2503=ORIENTED_EDGE('',*,*,#1929,.T.);
#2504=ORIENTED_EDGE('',*,*,#1930,.T.);
#2505=ORIENTED_EDGE('',*,*,#1931,.F.);
#2506=ORIENTED_EDGE('',*,*,#1932,.F.);
#2507=ORIENTED_EDGE('',*,*,#1933,.F.);
#2508=ORIENTED_EDGE('',*,*,#1934,.F.);
#2509=ORIENTED_EDGE('',*,*,#1935,.F.);
#2510=ORIENTED_EDGE('',*,*,#1936,.F.);
#2511=ORIENTED_EDGE('',*,*,#1937,.T.);
#2512=ORIENTED_EDGE('',*,*,#1919,.T.);
#2513=ORIENTED_EDGE('',*,*,#1938,.T.);
#2514=ORIENTED_EDGE('',*,*,#1935,.T.);
#2515=ORIENTED_EDGE('',*,*,#1939,.T.);
#2516=ORIENTED_EDGE('',*,*,#1940,.F.);
#2517=ORIENTED_EDGE('',*,*,#1941,.F.);
#2518=ORIENTED_EDGE('',*,*,#1942,.F.);
#2519=ORIENTED_EDGE('',*,*,#1943,.F.);
#2520=ORIENTED_EDGE('',*,*,#1944,.F.);
#2521=ORIENTED_EDGE('',*,*,#1945,.T.);
#2522=ORIENTED_EDGE('',*,*,#1946,.F.);
#2523=ORIENTED_EDGE('',*,*,#1931,.T.);
#2524=ORIENTED_EDGE('',*,*,#1947,.T.);
#2525=ORIENTED_EDGE('',*,*,#1944,.T.);
#2526=ORIENTED_EDGE('',*,*,#1948,.T.);
#2527=ORIENTED_EDGE('',*,*,#1925,.T.);
#2528=ORIENTED_EDGE('',*,*,#1949,.T.);
#2529=ORIENTED_EDGE('',*,*,#1946,.T.);
#2530=ORIENTED_EDGE('',*,*,#1950,.T.);
#2531=ORIENTED_EDGE('',*,*,#1951,.F.);
#2532=ORIENTED_EDGE('',*,*,#1952,.F.);
#2533=ORIENTED_EDGE('',*,*,#1953,.F.);
#2534=ORIENTED_EDGE('',*,*,#1954,.T.);
#2535=ORIENTED_EDGE('',*,*,#1955,.F.);
#2536=ORIENTED_EDGE('',*,*,#1956,.F.);
#2537=ORIENTED_EDGE('',*,*,#1957,.F.);
#2538=ORIENTED_EDGE('',*,*,#1941,.T.);
#2539=ORIENTED_EDGE('',*,*,#1958,.T.);
#2540=ORIENTED_EDGE('',*,*,#1956,.T.);
#2541=ORIENTED_EDGE('',*,*,#1959,.T.);
#2542=ORIENTED_EDGE('',*,*,#1960,.F.);
#2543=ORIENTED_EDGE('',*,*,#1961,.F.);
#2544=ORIENTED_EDGE('',*,*,#1962,.F.);
#2545=ORIENTED_EDGE('',*,*,#1963,.F.);
#2546=ORIENTED_EDGE('',*,*,#1964,.F.);
#2547=ORIENTED_EDGE('',*,*,#1965,.F.);
#2548=ORIENTED_EDGE('',*,*,#1966,.T.);
#2549=ORIENTED_EDGE('',*,*,#1952,.T.);
#2550=ORIENTED_EDGE('',*,*,#1967,.T.);
#2551=ORIENTED_EDGE('',*,*,#1964,.T.);
#2552=ORIENTED_EDGE('',*,*,#1968,.T.);
#2553=ORIENTED_EDGE('',*,*,#1965,.T.);
#2554=ORIENTED_EDGE('',*,*,#1969,.T.);
#2555=ORIENTED_EDGE('',*,*,#1943,.T.);
#2556=ORIENTED_EDGE('',*,*,#1970,.T.);
#2557=ORIENTED_EDGE('',*,*,#1971,.F.);
#2558=ORIENTED_EDGE('',*,*,#1972,.F.);
#2559=ORIENTED_EDGE('',*,*,#1973,.F.);
#2560=ORIENTED_EDGE('',*,*,#1974,.F.);
#2561=ORIENTED_EDGE('',*,*,#1975,.F.);
#2562=ORIENTED_EDGE('',*,*,#1976,.F.);
#2563=ORIENTED_EDGE('',*,*,#1961,.T.);
#2564=ORIENTED_EDGE('',*,*,#1977,.T.);
#2565=ORIENTED_EDGE('',*,*,#1975,.T.);
#2566=ORIENTED_EDGE('',*,*,#1978,.T.);
#2567=ORIENTED_EDGE('',*,*,#1979,.F.);
#2568=ORIENTED_EDGE('',*,*,#1980,.F.);
#2569=ORIENTED_EDGE('',*,*,#1981,.F.);
#2570=ORIENTED_EDGE('',*,*,#1982,.F.);
#2571=ORIENTED_EDGE('',*,*,#1983,.F.);
#2572=ORIENTED_EDGE('',*,*,#1984,.F.);
#2573=ORIENTED_EDGE('',*,*,#1972,.T.);
#2574=ORIENTED_EDGE('',*,*,#1985,.T.);
#2575=ORIENTED_EDGE('',*,*,#1983,.T.);
#2576=ORIENTED_EDGE('',*,*,#1986,.T.);
#2577=ORIENTED_EDGE('',*,*,#1984,.T.);
#2578=ORIENTED_EDGE('',*,*,#1987,.T.);
#2579=ORIENTED_EDGE('',*,*,#1963,.T.);
#2580=ORIENTED_EDGE('',*,*,#1988,.T.);
#2581=ORIENTED_EDGE('',*,*,#1989,.F.);
#2582=ORIENTED_EDGE('',*,*,#1990,.F.);
#2583=ORIENTED_EDGE('',*,*,#1991,.F.);
#2584=ORIENTED_EDGE('',*,*,#1992,.T.);
#2585=ORIENTED_EDGE('',*,*,#1993,.F.);
#2586=ORIENTED_EDGE('',*,*,#1994,.F.);
#2587=ORIENTED_EDGE('',*,*,#1995,.F.);
#2588=ORIENTED_EDGE('',*,*,#1980,.T.);
#2589=ORIENTED_EDGE('',*,*,#1996,.T.);
#2590=ORIENTED_EDGE('',*,*,#1994,.T.);
#2591=ORIENTED_EDGE('',*,*,#1997,.T.);
#2592=ORIENTED_EDGE('',*,*,#1998,.F.);
#2593=ORIENTED_EDGE('',*,*,#1999,.F.);
#2594=ORIENTED_EDGE('',*,*,#2000,.F.);
#2595=ORIENTED_EDGE('',*,*,#2001,.F.);
#2596=ORIENTED_EDGE('',*,*,#2002,.F.);
#2597=ORIENTED_EDGE('',*,*,#2003,.F.);
#2598=ORIENTED_EDGE('',*,*,#2004,.T.);
#2599=ORIENTED_EDGE('',*,*,#1990,.T.);
#2600=ORIENTED_EDGE('',*,*,#2005,.T.);
#2601=ORIENTED_EDGE('',*,*,#2002,.T.);
#2602=ORIENTED_EDGE('',*,*,#2006,.T.);
#2603=ORIENTED_EDGE('',*,*,#2003,.T.);
#2604=ORIENTED_EDGE('',*,*,#2007,.T.);
#2605=ORIENTED_EDGE('',*,*,#1982,.T.);
#2606=ORIENTED_EDGE('',*,*,#2008,.T.);
#2607=ORIENTED_EDGE('',*,*,#2009,.F.);
#2608=ORIENTED_EDGE('',*,*,#2010,.F.);
#2609=ORIENTED_EDGE('',*,*,#2011,.F.);
#2610=ORIENTED_EDGE('',*,*,#2012,.T.);
#2611=ORIENTED_EDGE('',*,*,#2013,.F.);
#2612=ORIENTED_EDGE('',*,*,#2014,.F.);
#2613=ORIENTED_EDGE('',*,*,#2015,.F.);
#2614=ORIENTED_EDGE('',*,*,#1999,.T.);
#2615=ORIENTED_EDGE('',*,*,#2016,.T.);
#2616=ORIENTED_EDGE('',*,*,#2014,.T.);
#2617=ORIENTED_EDGE('',*,*,#2017,.T.);
#2618=ORIENTED_EDGE('',*,*,#2018,.F.);
#2619=ORIENTED_EDGE('',*,*,#2019,.F.);
#2620=ORIENTED_EDGE('',*,*,#2020,.F.);
#2621=ORIENTED_EDGE('',*,*,#2021,.T.);
#2622=ORIENTED_EDGE('',*,*,#2010,.T.);
#2623=ORIENTED_EDGE('',*,*,#2022,.T.);
#2624=ORIENTED_EDGE('',*,*,#2019,.T.);
#2625=ORIENTED_EDGE('',*,*,#2023,.T.);
#2626=ORIENTED_EDGE('',*,*,#2020,.T.);
#2627=ORIENTED_EDGE('',*,*,#2024,.T.);
#2628=ORIENTED_EDGE('',*,*,#2001,.T.);
#2629=ORIENTED_EDGE('',*,*,#2025,.T.);
#2630=ORIENTED_EDGE('',*,*,#2015,.T.);
#2631=ORIENTED_EDGE('',*,*,#2026,.T.);
#2632=ORIENTED_EDGE('',*,*,#2018,.T.);
#2633=ORIENTED_EDGE('',*,*,#2027,.T.);
#2634=ORIENTED_EDGE('',*,*,#1995,.T.);
#2635=ORIENTED_EDGE('',*,*,#2028,.T.);
#2636=ORIENTED_EDGE('',*,*,#2013,.T.);
#2637=ORIENTED_EDGE('',*,*,#2029,.T.);
#2638=ORIENTED_EDGE('',*,*,#1998,.T.);
#2639=ORIENTED_EDGE('',*,*,#2030,.T.);
#2640=ORIENTED_EDGE('',*,*,#2011,.T.);
#2641=ORIENTED_EDGE('',*,*,#2031,.T.);
#2642=ORIENTED_EDGE('',*,*,#2009,.T.);
#2643=ORIENTED_EDGE('',*,*,#2032,.T.);
#2644=ORIENTED_EDGE('',*,*,#1991,.T.);
#2645=ORIENTED_EDGE('',*,*,#2033,.T.);
#2646=ORIENTED_EDGE('',*,*,#1979,.T.);
#2647=ORIENTED_EDGE('',*,*,#2034,.T.);
#2648=ORIENTED_EDGE('',*,*,#2000,.T.);
#2649=ORIENTED_EDGE('',*,*,#2035,.T.);
#2650=ORIENTED_EDGE('',*,*,#1976,.T.);
#2651=ORIENTED_EDGE('',*,*,#2036,.T.);
#2652=ORIENTED_EDGE('',*,*,#1993,.T.);
#2653=ORIENTED_EDGE('',*,*,#2037,.T.);
#2654=ORIENTED_EDGE('',*,*,#1989,.T.);
#2655=ORIENTED_EDGE('',*,*,#2038,.T.);
#2656=ORIENTED_EDGE('',*,*,#1973,.T.);
#2657=ORIENTED_EDGE('',*,*,#2039,.T.);
#2658=ORIENTED_EDGE('',*,*,#1960,.T.);
#2659=ORIENTED_EDGE('',*,*,#2040,.T.);
#2660=ORIENTED_EDGE('',*,*,#1981,.T.);
#2661=ORIENTED_EDGE('',*,*,#2041,.T.);
#2662=ORIENTED_EDGE('',*,*,#1957,.T.);
#2663=ORIENTED_EDGE('',*,*,#2042,.T.);
#2664=ORIENTED_EDGE('',*,*,#1974,.T.);
#2665=ORIENTED_EDGE('',*,*,#2043,.T.);
#2666=ORIENTED_EDGE('',*,*,#1971,.T.);
#2667=ORIENTED_EDGE('',*,*,#2044,.T.);
#2668=ORIENTED_EDGE('',*,*,#1953,.T.);
#2669=ORIENTED_EDGE('',*,*,#2045,.T.);
#2670=ORIENTED_EDGE('',*,*,#1940,.T.);
#2671=ORIENTED_EDGE('',*,*,#2046,.T.);
#2672=ORIENTED_EDGE('',*,*,#1962,.T.);
#2673=ORIENTED_EDGE('',*,*,#2047,.T.);
#2674=ORIENTED_EDGE('',*,*,#1936,.T.);
#2675=ORIENTED_EDGE('',*,*,#2048,.T.);
#2676=ORIENTED_EDGE('',*,*,#1955,.T.);
#2677=ORIENTED_EDGE('',*,*,#2049,.T.);
#2678=ORIENTED_EDGE('',*,*,#1951,.T.);
#2679=ORIENTED_EDGE('',*,*,#2050,.T.);
#2680=ORIENTED_EDGE('',*,*,#1932,.T.);
#2681=ORIENTED_EDGE('',*,*,#2051,.T.);
#2682=ORIENTED_EDGE('',*,*,#1918,.T.);
#2683=ORIENTED_EDGE('',*,*,#2052,.T.);
#2684=ORIENTED_EDGE('',*,*,#1942,.T.);
#2685=ORIENTED_EDGE('',*,*,#2053,.T.);
#2686=ORIENTED_EDGE('',*,*,#1915,.T.);
#2687=ORIENTED_EDGE('',*,*,#2054,.T.);
#2688=ORIENTED_EDGE('',*,*,#1934,.T.);
#2689=ORIENTED_EDGE('',*,*,#2055,.T.);
#2690=ORIENTED_EDGE('',*,*,#1933,.T.);
#2691=ORIENTED_EDGE('',*,*,#2056,.T.);
#2692=ORIENTED_EDGE('',*,*,#1910,.T.);
#2693=ORIENTED_EDGE('',*,*,#2057,.T.);
#2694=ORIENTED_EDGE('',*,*,#1906,.T.);
#2695=ORIENTED_EDGE('',*,*,#2058,.T.);
#2696=ORIENTED_EDGE('',*,*,#1920,.T.);
#2697=ORIENTED_EDGE('',*,*,#2059,.T.);
#2698=ORIENTED_EDGE('',*,*,#1911,.T.);
#2699=ORIENTED_EDGE('',*,*,#2060,.T.);
#2700=ORIENTED_EDGE('',*,*,#1908,.T.);
#2701=ORIENTED_EDGE('',*,*,#2061,.T.);
#2702=ORIENTED_EDGE('',*,*,#1926,.F.);
#2703=ORIENTED_EDGE('',*,*,#2061,.F.);
#2704=ORIENTED_EDGE('',*,*,#1917,.F.);
#2705=ORIENTED_EDGE('',*,*,#1928,.F.);
#2706=ORIENTED_EDGE('',*,*,#1939,.F.);
#2707=ORIENTED_EDGE('',*,*,#2054,.F.);
#2708=ORIENTED_EDGE('',*,*,#1916,.F.);
#2709=ORIENTED_EDGE('',*,*,#2059,.F.);
#2710=ORIENTED_EDGE('',*,*,#2062,.F.);
#2711=ORIENTED_EDGE('',*,*,#2063,.F.);
#2712=ORIENTED_EDGE('',*,*,#2064,.F.);
#2713=ORIENTED_EDGE('',*,*,#2065,.F.);
#2714=ORIENTED_EDGE('',*,*,#2066,.F.);
#2715=ORIENTED_EDGE('',*,*,#2067,.F.);
#2716=ORIENTED_EDGE('',*,*,#2068,.F.);
#2717=ORIENTED_EDGE('',*,*,#2069,.F.);
#2718=ORIENTED_EDGE('',*,*,#2070,.F.);
#2719=ORIENTED_EDGE('',*,*,#2071,.F.);
#2720=ORIENTED_EDGE('',*,*,#2072,.F.);
#2721=ORIENTED_EDGE('',*,*,#2073,.F.);
#2722=ORIENTED_EDGE('',*,*,#2074,.F.);
#2723=ORIENTED_EDGE('',*,*,#2075,.F.);
#2724=ORIENTED_EDGE('',*,*,#2076,.F.);
#2725=ORIENTED_EDGE('',*,*,#2077,.F.);
#2726=ORIENTED_EDGE('',*,*,#2078,.F.);
#2727=ORIENTED_EDGE('',*,*,#2079,.F.);
#2728=ORIENTED_EDGE('',*,*,#2080,.F.);
#2729=ORIENTED_EDGE('',*,*,#2081,.F.);
#2730=ORIENTED_EDGE('',*,*,#2082,.F.);
#2731=ORIENTED_EDGE('',*,*,#2083,.F.);
#2732=ORIENTED_EDGE('',*,*,#2084,.F.);
#2733=ORIENTED_EDGE('',*,*,#2085,.F.);
#2734=ORIENTED_EDGE('',*,*,#2086,.F.);
#2735=ORIENTED_EDGE('',*,*,#2087,.F.);
#2736=ORIENTED_EDGE('',*,*,#2088,.F.);
#2737=ORIENTED_EDGE('',*,*,#2089,.F.);
#2738=ORIENTED_EDGE('',*,*,#2090,.F.);
#2739=ORIENTED_EDGE('',*,*,#2091,.F.);
#2740=ORIENTED_EDGE('',*,*,#2092,.F.);
#2741=ORIENTED_EDGE('',*,*,#2093,.F.);
#2742=ORIENTED_EDGE('',*,*,#2094,.F.);
#2743=ORIENTED_EDGE('',*,*,#2095,.F.);
#2744=ORIENTED_EDGE('',*,*,#2096,.F.);
#2745=ORIENTED_EDGE('',*,*,#2097,.F.);
#2746=ORIENTED_EDGE('',*,*,#2098,.F.);
#2747=ORIENTED_EDGE('',*,*,#2099,.F.);
#2748=ORIENTED_EDGE('',*,*,#2100,.F.);
#2749=ORIENTED_EDGE('',*,*,#2101,.F.);
#2750=ORIENTED_EDGE('',*,*,#2102,.F.);
#2751=ORIENTED_EDGE('',*,*,#2103,.F.);
#2752=ORIENTED_EDGE('',*,*,#2104,.F.);
#2753=ORIENTED_EDGE('',*,*,#2105,.F.);
#2754=ORIENTED_EDGE('',*,*,#2106,.F.);
#2755=ORIENTED_EDGE('',*,*,#2107,.F.);
#2756=ORIENTED_EDGE('',*,*,#1945,.F.);
#2757=ORIENTED_EDGE('',*,*,#1947,.F.);
#2758=ORIENTED_EDGE('',*,*,#1930,.F.);
#2759=ORIENTED_EDGE('',*,*,#2057,.F.);
#2760=ORIENTED_EDGE('',*,*,#1909,.F.);
#2761=ORIENTED_EDGE('',*,*,#1927,.F.);
#2762=ORIENTED_EDGE('',*,*,#1922,.F.);
#2763=ORIENTED_EDGE('',*,*,#1950,.F.);
#2764=ORIENTED_EDGE('',*,*,#1959,.F.);
#2765=ORIENTED_EDGE('',*,*,#2048,.F.);
#2766=ORIENTED_EDGE('',*,*,#1938,.F.);
#2767=ORIENTED_EDGE('',*,*,#2053,.F.);
#2768=ORIENTED_EDGE('',*,*,#1967,.F.);
#2769=ORIENTED_EDGE('',*,*,#2051,.F.);
#2770=ORIENTED_EDGE('',*,*,#1948,.F.);
#2771=ORIENTED_EDGE('',*,*,#1969,.F.);
#2772=ORIENTED_EDGE('',*,*,#1978,.F.);
#2773=ORIENTED_EDGE('',*,*,#2042,.F.);
#2774=ORIENTED_EDGE('',*,*,#1958,.F.);
#2775=ORIENTED_EDGE('',*,*,#2047,.F.);
#2776=ORIENTED_EDGE('',*,*,#1985,.F.);
#2777=ORIENTED_EDGE('',*,*,#2045,.F.);
#2778=ORIENTED_EDGE('',*,*,#1968,.F.);
#2779=ORIENTED_EDGE('',*,*,#1987,.F.);
#2780=ORIENTED_EDGE('',*,*,#1997,.F.);
#2781=ORIENTED_EDGE('',*,*,#2036,.F.);
#2782=ORIENTED_EDGE('',*,*,#1977,.F.);
#2783=ORIENTED_EDGE('',*,*,#2041,.F.);
#2784=ORIENTED_EDGE('',*,*,#2005,.F.);
#2785=ORIENTED_EDGE('',*,*,#2039,.F.);
#2786=ORIENTED_EDGE('',*,*,#1986,.F.);
#2787=ORIENTED_EDGE('',*,*,#2007,.F.);
#2788=ORIENTED_EDGE('',*,*,#2012,.F.);
#2789=ORIENTED_EDGE('',*,*,#2030,.F.);
#2790=ORIENTED_EDGE('',*,*,#2034,.F.);
#2791=ORIENTED_EDGE('',*,*,#2040,.F.);
#2792=ORIENTED_EDGE('',*,*,#2046,.F.);
#2793=ORIENTED_EDGE('',*,*,#2052,.F.);
#2794=ORIENTED_EDGE('',*,*,#1921,.F.);
#2795=ORIENTED_EDGE('',*,*,#2058,.F.);
#2796=ORIENTED_EDGE('',*,*,#2060,.F.);
#2797=ORIENTED_EDGE('',*,*,#2056,.F.);
#2798=ORIENTED_EDGE('',*,*,#2050,.F.);
#2799=ORIENTED_EDGE('',*,*,#1954,.F.);
#2800=ORIENTED_EDGE('',*,*,#2044,.F.);
#2801=ORIENTED_EDGE('',*,*,#2038,.F.);
#2802=ORIENTED_EDGE('',*,*,#1992,.F.);
#2803=ORIENTED_EDGE('',*,*,#2032,.F.);
#2804=ORIENTED_EDGE('',*,*,#2017,.F.);
#2805=ORIENTED_EDGE('',*,*,#2028,.F.);
#2806=ORIENTED_EDGE('',*,*,#1996,.F.);
#2807=ORIENTED_EDGE('',*,*,#2035,.F.);
#2808=ORIENTED_EDGE('',*,*,#2021,.F.);
#2809=ORIENTED_EDGE('',*,*,#2025,.F.);
#2810=ORIENTED_EDGE('',*,*,#2004,.F.);
#2811=ORIENTED_EDGE('',*,*,#2008,.F.);
#2812=ORIENTED_EDGE('',*,*,#1988,.F.);
#2813=ORIENTED_EDGE('',*,*,#1966,.F.);
#2814=ORIENTED_EDGE('',*,*,#1970,.F.);
#2815=ORIENTED_EDGE('',*,*,#1949,.F.);
#2816=ORIENTED_EDGE('',*,*,#1929,.F.);
#2817=ORIENTED_EDGE('',*,*,#2055,.F.);
#2818=ORIENTED_EDGE('',*,*,#1937,.F.);
#2819=ORIENTED_EDGE('',*,*,#2049,.F.);
#2820=ORIENTED_EDGE('',*,*,#2043,.F.);
#2821=ORIENTED_EDGE('',*,*,#2037,.F.);
#2822=ORIENTED_EDGE('',*,*,#2029,.F.);
#2823=ORIENTED_EDGE('',*,*,#2027,.F.);
#2824=ORIENTED_EDGE('',*,*,#2023,.F.);
#2825=ORIENTED_EDGE('',*,*,#2026,.F.);
#2826=ORIENTED_EDGE('',*,*,#2016,.F.);
#2827=ORIENTED_EDGE('',*,*,#2031,.F.);
#2828=ORIENTED_EDGE('',*,*,#2022,.F.);
#2829=ORIENTED_EDGE('',*,*,#2033,.F.);
#2830=ORIENTED_EDGE('',*,*,#2006,.F.);
#2831=ORIENTED_EDGE('',*,*,#2024,.F.);
#2832=ORIENTED_EDGE('',*,*,#2108,.F.);
#2833=ORIENTED_EDGE('',*,*,#2109,.F.);
#2834=ORIENTED_EDGE('',*,*,#2110,.F.);
#2835=ORIENTED_EDGE('',*,*,#2111,.F.);
#2836=ORIENTED_EDGE('',*,*,#2112,.F.);
#2837=ORIENTED_EDGE('',*,*,#2084,.T.);
#2838=ORIENTED_EDGE('',*,*,#2113,.F.);
#2839=ORIENTED_EDGE('',*,*,#2110,.T.);
#2840=ORIENTED_EDGE('',*,*,#2085,.T.);
#2841=ORIENTED_EDGE('',*,*,#2112,.T.);
#2842=ORIENTED_EDGE('',*,*,#2114,.T.);
#2843=ORIENTED_EDGE('',*,*,#2115,.F.);
#2844=ORIENTED_EDGE('',*,*,#2116,.F.);
#2845=ORIENTED_EDGE('',*,*,#2117,.F.);
#2846=ORIENTED_EDGE('',*,*,#2116,.T.);
#2847=ORIENTED_EDGE('',*,*,#2118,.T.);
#2848=ORIENTED_EDGE('',*,*,#2108,.T.);
#2849=ORIENTED_EDGE('',*,*,#2119,.T.);
#2850=ORIENTED_EDGE('',*,*,#2120,.F.);
#2851=ORIENTED_EDGE('',*,*,#2121,.F.);
#2852=ORIENTED_EDGE('',*,*,#2122,.F.);
#2853=ORIENTED_EDGE('',*,*,#2123,.T.);
#2854=ORIENTED_EDGE('',*,*,#2124,.F.);
#2855=ORIENTED_EDGE('',*,*,#2125,.F.);
#2856=ORIENTED_EDGE('',*,*,#2126,.F.);
#2857=ORIENTED_EDGE('',*,*,#2124,.T.);
#2858=ORIENTED_EDGE('',*,*,#2127,.T.);
#2859=ORIENTED_EDGE('',*,*,#2117,.T.);
#2860=ORIENTED_EDGE('',*,*,#2128,.T.);
#2861=ORIENTED_EDGE('',*,*,#2125,.T.);
#2862=ORIENTED_EDGE('',*,*,#2129,.T.);
#2863=ORIENTED_EDGE('',*,*,#2111,.T.);
#2864=ORIENTED_EDGE('',*,*,#2130,.T.);
#2865=ORIENTED_EDGE('',*,*,#2131,.F.);
#2866=ORIENTED_EDGE('',*,*,#2132,.F.);
#2867=ORIENTED_EDGE('',*,*,#2082,.T.);
#2868=ORIENTED_EDGE('',*,*,#2133,.F.);
#2869=ORIENTED_EDGE('',*,*,#2113,.T.);
#2870=ORIENTED_EDGE('',*,*,#2083,.T.);
#2871=ORIENTED_EDGE('',*,*,#2132,.T.);
#2872=ORIENTED_EDGE('',*,*,#2134,.T.);
#2873=ORIENTED_EDGE('',*,*,#2135,.F.);
#2874=ORIENTED_EDGE('',*,*,#2136,.F.);
#2875=ORIENTED_EDGE('',*,*,#2137,.F.);
#2876=ORIENTED_EDGE('',*,*,#2115,.T.);
#2877=ORIENTED_EDGE('',*,*,#2138,.T.);
#2878=ORIENTED_EDGE('',*,*,#2136,.T.);
#2879=ORIENTED_EDGE('',*,*,#2139,.T.);
#2880=ORIENTED_EDGE('',*,*,#2140,.F.);
#2881=ORIENTED_EDGE('',*,*,#2141,.F.);
#2882=ORIENTED_EDGE('',*,*,#2088,.T.);
#2883=ORIENTED_EDGE('',*,*,#2142,.F.);
#2884=ORIENTED_EDGE('',*,*,#2143,.T.);
#2885=ORIENTED_EDGE('',*,*,#2144,.F.);
#2886=ORIENTED_EDGE('',*,*,#2145,.F.);
#2887=ORIENTED_EDGE('',*,*,#2146,.F.);
#2888=ORIENTED_EDGE('',*,*,#2144,.T.);
#2889=ORIENTED_EDGE('',*,*,#2147,.T.);
#2890=ORIENTED_EDGE('',*,*,#2126,.T.);
#2891=ORIENTED_EDGE('',*,*,#2148,.T.);
#2892=ORIENTED_EDGE('',*,*,#2145,.T.);
#2893=ORIENTED_EDGE('',*,*,#2149,.T.);
#2894=ORIENTED_EDGE('',*,*,#2131,.T.);
#2895=ORIENTED_EDGE('',*,*,#2150,.T.);
#2896=ORIENTED_EDGE('',*,*,#2151,.F.);
#2897=ORIENTED_EDGE('',*,*,#2152,.F.);
#2898=ORIENTED_EDGE('',*,*,#2153,.F.);
#2899=ORIENTED_EDGE('',*,*,#2154,.T.);
#2900=ORIENTED_EDGE('',*,*,#2155,.F.);
#2901=ORIENTED_EDGE('',*,*,#2156,.F.);
#2902=ORIENTED_EDGE('',*,*,#2157,.F.);
#2903=ORIENTED_EDGE('',*,*,#2158,.F.);
#2904=ORIENTED_EDGE('',*,*,#2159,.F.);
#2905=ORIENTED_EDGE('',*,*,#2090,.T.);
#2906=ORIENTED_EDGE('',*,*,#2160,.F.);
#2907=ORIENTED_EDGE('',*,*,#2161,.F.);
#2908=ORIENTED_EDGE('',*,*,#2162,.F.);
#2909=ORIENTED_EDGE('',*,*,#2163,.F.);
#2910=ORIENTED_EDGE('',*,*,#2164,.F.);
#2911=ORIENTED_EDGE('',*,*,#2165,.F.);
#2912=ORIENTED_EDGE('',*,*,#2166,.F.);
#2913=ORIENTED_EDGE('',*,*,#2151,.T.);
#2914=ORIENTED_EDGE('',*,*,#2080,.T.);
#2915=ORIENTED_EDGE('',*,*,#2165,.T.);
#2916=ORIENTED_EDGE('',*,*,#2167,.T.);
#2917=ORIENTED_EDGE('',*,*,#2168,.T.);
#2918=ORIENTED_EDGE('',*,*,#2169,.F.);
#2919=ORIENTED_EDGE('',*,*,#2170,.F.);
#2920=ORIENTED_EDGE('',*,*,#2171,.F.);
#2921=ORIENTED_EDGE('',*,*,#2172,.F.);
#2922=ORIENTED_EDGE('',*,*,#2173,.F.);
#2923=ORIENTED_EDGE('',*,*,#2174,.F.);
#2924=ORIENTED_EDGE('',*,*,#2175,.F.);
#2925=ORIENTED_EDGE('',*,*,#2176,.F.);
#2926=ORIENTED_EDGE('',*,*,#2177,.F.);
#2927=ORIENTED_EDGE('',*,*,#2178,.F.);
#2928=ORIENTED_EDGE('',*,*,#2179,.F.);
#2929=ORIENTED_EDGE('',*,*,#2078,.T.);
#2930=ORIENTED_EDGE('',*,*,#2180,.F.);
#2931=ORIENTED_EDGE('',*,*,#2166,.T.);
#2932=ORIENTED_EDGE('',*,*,#2079,.T.);
#2933=ORIENTED_EDGE('',*,*,#2179,.T.);
#2934=ORIENTED_EDGE('',*,*,#2181,.T.);
#2935=ORIENTED_EDGE('',*,*,#2182,.F.);
#2936=ORIENTED_EDGE('',*,*,#2183,.F.);
#2937=ORIENTED_EDGE('',*,*,#2184,.F.);
#2938=ORIENTED_EDGE('',*,*,#2183,.T.);
#2939=ORIENTED_EDGE('',*,*,#2185,.T.);
#2940=ORIENTED_EDGE('',*,*,#2172,.T.);
#2941=ORIENTED_EDGE('',*,*,#2186,.T.);
#2942=ORIENTED_EDGE('',*,*,#2169,.T.);
#2943=ORIENTED_EDGE('',*,*,#2187,.T.);
#2944=ORIENTED_EDGE('',*,*,#2184,.T.);
#2945=ORIENTED_EDGE('',*,*,#2188,.T.);
#2946=ORIENTED_EDGE('',*,*,#2189,.F.);
#2947=ORIENTED_EDGE('',*,*,#2190,.F.);
#2948=ORIENTED_EDGE('',*,*,#2191,.F.);
#2949=ORIENTED_EDGE('',*,*,#2192,.T.);
#2950=ORIENTED_EDGE('',*,*,#2193,.F.);
#2951=ORIENTED_EDGE('',*,*,#2194,.F.);
#2952=ORIENTED_EDGE('',*,*,#2195,.F.);
#2953=ORIENTED_EDGE('',*,*,#2193,.T.);
#2954=ORIENTED_EDGE('',*,*,#2196,.T.);
#2955=ORIENTED_EDGE('',*,*,#2176,.T.);
#2956=ORIENTED_EDGE('',*,*,#2197,.T.);
#2957=ORIENTED_EDGE('',*,*,#2194,.T.);
#2958=ORIENTED_EDGE('',*,*,#2198,.T.);
#2959=ORIENTED_EDGE('',*,*,#2178,.T.);
#2960=ORIENTED_EDGE('',*,*,#2199,.T.);
#2961=ORIENTED_EDGE('',*,*,#2200,.F.);
#2962=ORIENTED_EDGE('',*,*,#2201,.F.);
#2963=ORIENTED_EDGE('',*,*,#2076,.T.);
#2964=ORIENTED_EDGE('',*,*,#2202,.F.);
#2965=ORIENTED_EDGE('',*,*,#2180,.T.);
#2966=ORIENTED_EDGE('',*,*,#2077,.T.);
#2967=ORIENTED_EDGE('',*,*,#2201,.T.);
#2968=ORIENTED_EDGE('',*,*,#2203,.T.);
#2969=ORIENTED_EDGE('',*,*,#2204,.F.);
#2970=ORIENTED_EDGE('',*,*,#2205,.F.);
#2971=ORIENTED_EDGE('',*,*,#2206,.F.);
#2972=ORIENTED_EDGE('',*,*,#2182,.T.);
#2973=ORIENTED_EDGE('',*,*,#2207,.T.);
#2974=ORIENTED_EDGE('',*,*,#2205,.T.);
#2975=ORIENTED_EDGE('',*,*,#2208,.T.);
#2976=ORIENTED_EDGE('',*,*,#2209,.F.);
#2977=ORIENTED_EDGE('',*,*,#2210,.F.);
#2978=ORIENTED_EDGE('',*,*,#2094,.T.);
#2979=ORIENTED_EDGE('',*,*,#2211,.F.);
#2980=ORIENTED_EDGE('',*,*,#2212,.T.);
#2981=ORIENTED_EDGE('',*,*,#2213,.F.);
#2982=ORIENTED_EDGE('',*,*,#2214,.F.);
#2983=ORIENTED_EDGE('',*,*,#2215,.F.);
#2984=ORIENTED_EDGE('',*,*,#2213,.T.);
#2985=ORIENTED_EDGE('',*,*,#2216,.T.);
#2986=ORIENTED_EDGE('',*,*,#2195,.T.);
#2987=ORIENTED_EDGE('',*,*,#2217,.T.);
#2988=ORIENTED_EDGE('',*,*,#2214,.T.);
#2989=ORIENTED_EDGE('',*,*,#2218,.T.);
#2990=ORIENTED_EDGE('',*,*,#2200,.T.);
#2991=ORIENTED_EDGE('',*,*,#2219,.T.);
#2992=ORIENTED_EDGE('',*,*,#2220,.F.);
#2993=ORIENTED_EDGE('',*,*,#2221,.F.);
#2994=ORIENTED_EDGE('',*,*,#2222,.F.);
#2995=ORIENTED_EDGE('',*,*,#2223,.T.);
#2996=ORIENTED_EDGE('',*,*,#2224,.F.);
#2997=ORIENTED_EDGE('',*,*,#2225,.F.);
#2998=ORIENTED_EDGE('',*,*,#2226,.F.);
#2999=ORIENTED_EDGE('',*,*,#2227,.F.);
#3000=ORIENTED_EDGE('',*,*,#2228,.F.);
#3001=ORIENTED_EDGE('',*,*,#2096,.T.);
#3002=ORIENTED_EDGE('',*,*,#2229,.F.);
#3003=ORIENTED_EDGE('',*,*,#2230,.F.);
#3004=ORIENTED_EDGE('',*,*,#2231,.F.);
#3005=ORIENTED_EDGE('',*,*,#2232,.F.);
#3006=ORIENTED_EDGE('',*,*,#2233,.F.);
#3007=ORIENTED_EDGE('',*,*,#2234,.F.);
#3008=ORIENTED_EDGE('',*,*,#2235,.F.);
#3009=ORIENTED_EDGE('',*,*,#2220,.T.);
#3010=ORIENTED_EDGE('',*,*,#2074,.T.);
#3011=ORIENTED_EDGE('',*,*,#2234,.T.);
#3012=ORIENTED_EDGE('',*,*,#2236,.T.);
#3013=ORIENTED_EDGE('',*,*,#2237,.T.);
#3014=ORIENTED_EDGE('',*,*,#2238,.F.);
#3015=ORIENTED_EDGE('',*,*,#2239,.F.);
#3016=ORIENTED_EDGE('',*,*,#2240,.F.);
#3017=ORIENTED_EDGE('',*,*,#2241,.F.);
#3018=ORIENTED_EDGE('',*,*,#2242,.F.);
#3019=ORIENTED_EDGE('',*,*,#2243,.F.);
#3020=ORIENTED_EDGE('',*,*,#2244,.F.);
#3021=ORIENTED_EDGE('',*,*,#2245,.F.);
#3022=ORIENTED_EDGE('',*,*,#2246,.F.);
#3023=ORIENTED_EDGE('',*,*,#2245,.T.);
#3024=ORIENTED_EDGE('',*,*,#2247,.T.);
#3025=ORIENTED_EDGE('',*,*,#2233,.T.);
#3026=ORIENTED_EDGE('',*,*,#2248,.T.);
#3027=ORIENTED_EDGE('',*,*,#2249,.F.);
#3028=ORIENTED_EDGE('',*,*,#2250,.F.);
#3029=ORIENTED_EDGE('',*,*,#2072,.T.);
#3030=ORIENTED_EDGE('',*,*,#2251,.F.);
#3031=ORIENTED_EDGE('',*,*,#2235,.T.);
#3032=ORIENTED_EDGE('',*,*,#2073,.T.);
#3033=ORIENTED_EDGE('',*,*,#2250,.T.);
#3034=ORIENTED_EDGE('',*,*,#2252,.T.);
#3035=ORIENTED_EDGE('',*,*,#2253,.F.);
#3036=ORIENTED_EDGE('',*,*,#2254,.F.);
#3037=ORIENTED_EDGE('',*,*,#2255,.F.);
#3038=ORIENTED_EDGE('',*,*,#2238,.T.);
#3039=ORIENTED_EDGE('',*,*,#2256,.T.);
#3040=ORIENTED_EDGE('',*,*,#2254,.T.);
#3041=ORIENTED_EDGE('',*,*,#2257,.T.);
#3042=ORIENTED_EDGE('',*,*,#2258,.F.);
#3043=ORIENTED_EDGE('',*,*,#2259,.F.);
#3044=ORIENTED_EDGE('',*,*,#2260,.F.);
#3045=ORIENTED_EDGE('',*,*,#2261,.T.);
#3046=ORIENTED_EDGE('',*,*,#2262,.F.);
#3047=ORIENTED_EDGE('',*,*,#2263,.F.);
#3048=ORIENTED_EDGE('',*,*,#2264,.F.);
#3049=ORIENTED_EDGE('',*,*,#2262,.T.);
#3050=ORIENTED_EDGE('',*,*,#2265,.T.);
#3051=ORIENTED_EDGE('',*,*,#2246,.T.);
#3052=ORIENTED_EDGE('',*,*,#2266,.T.);
#3053=ORIENTED_EDGE('',*,*,#2263,.T.);
#3054=ORIENTED_EDGE('',*,*,#2267,.T.);
#3055=ORIENTED_EDGE('',*,*,#2249,.T.);
#3056=ORIENTED_EDGE('',*,*,#2268,.T.);
#3057=ORIENTED_EDGE('',*,*,#2269,.F.);
#3058=ORIENTED_EDGE('',*,*,#2270,.F.);
#3059=ORIENTED_EDGE('',*,*,#2070,.T.);
#3060=ORIENTED_EDGE('',*,*,#2271,.F.);
#3061=ORIENTED_EDGE('',*,*,#2251,.T.);
#3062=ORIENTED_EDGE('',*,*,#2071,.T.);
#3063=ORIENTED_EDGE('',*,*,#2270,.T.);
#3064=ORIENTED_EDGE('',*,*,#2272,.T.);
#3065=ORIENTED_EDGE('',*,*,#2273,.F.);
#3066=ORIENTED_EDGE('',*,*,#2274,.F.);
#3067=ORIENTED_EDGE('',*,*,#2275,.F.);
#3068=ORIENTED_EDGE('',*,*,#2255,.T.);
#3069=ORIENTED_EDGE('',*,*,#2276,.T.);
#3070=ORIENTED_EDGE('',*,*,#2274,.T.);
#3071=ORIENTED_EDGE('',*,*,#2277,.T.);
#3072=ORIENTED_EDGE('',*,*,#2278,.F.);
#3073=ORIENTED_EDGE('',*,*,#2279,.F.);
#3074=ORIENTED_EDGE('',*,*,#2280,.F.);
#3075=ORIENTED_EDGE('',*,*,#2281,.T.);
#3076=ORIENTED_EDGE('',*,*,#2282,.F.);
#3077=ORIENTED_EDGE('',*,*,#2283,.F.);
#3078=ORIENTED_EDGE('',*,*,#2284,.F.);
#3079=ORIENTED_EDGE('',*,*,#2282,.T.);
#3080=ORIENTED_EDGE('',*,*,#2285,.T.);
#3081=ORIENTED_EDGE('',*,*,#2264,.T.);
#3082=ORIENTED_EDGE('',*,*,#2286,.T.);
#3083=ORIENTED_EDGE('',*,*,#2283,.T.);
#3084=ORIENTED_EDGE('',*,*,#2287,.T.);
#3085=ORIENTED_EDGE('',*,*,#2269,.T.);
#3086=ORIENTED_EDGE('',*,*,#2288,.T.);
#3087=ORIENTED_EDGE('',*,*,#2289,.F.);
#3088=ORIENTED_EDGE('',*,*,#2290,.F.);
#3089=ORIENTED_EDGE('',*,*,#2291,.F.);
#3090=ORIENTED_EDGE('',*,*,#2292,.F.);
#3091=ORIENTED_EDGE('',*,*,#2293,.F.);
#3092=ORIENTED_EDGE('',*,*,#2294,.F.);
#3093=ORIENTED_EDGE('',*,*,#2295,.F.);
#3094=ORIENTED_EDGE('',*,*,#2296,.F.);
#3095=ORIENTED_EDGE('',*,*,#2297,.F.);
#3096=ORIENTED_EDGE('',*,*,#2298,.F.);
#3097=ORIENTED_EDGE('',*,*,#2299,.F.);
#3098=ORIENTED_EDGE('',*,*,#2300,.F.);
#3099=ORIENTED_EDGE('',*,*,#2301,.F.);
#3100=ORIENTED_EDGE('',*,*,#2302,.F.);
#3101=ORIENTED_EDGE('',*,*,#2303,.F.);
#3102=ORIENTED_EDGE('',*,*,#2289,.T.);
#3103=ORIENTED_EDGE('',*,*,#2068,.T.);
#3104=ORIENTED_EDGE('',*,*,#2302,.T.);
#3105=ORIENTED_EDGE('',*,*,#2304,.T.);
#3106=ORIENTED_EDGE('',*,*,#2305,.F.);
#3107=ORIENTED_EDGE('',*,*,#2306,.F.);
#3108=ORIENTED_EDGE('',*,*,#2307,.F.);
#3109=ORIENTED_EDGE('',*,*,#2308,.F.);
#3110=ORIENTED_EDGE('',*,*,#2309,.F.);
#3111=ORIENTED_EDGE('',*,*,#2310,.F.);
#3112=ORIENTED_EDGE('',*,*,#2311,.F.);
#3113=ORIENTED_EDGE('',*,*,#2312,.F.);
#3114=ORIENTED_EDGE('',*,*,#2313,.F.);
#3115=ORIENTED_EDGE('',*,*,#2312,.T.);
#3116=ORIENTED_EDGE('',*,*,#2314,.T.);
#3117=ORIENTED_EDGE('',*,*,#2301,.T.);
#3118=ORIENTED_EDGE('',*,*,#2315,.T.);
#3119=ORIENTED_EDGE('',*,*,#2316,.F.);
#3120=ORIENTED_EDGE('',*,*,#2317,.F.);
#3121=ORIENTED_EDGE('',*,*,#2066,.T.);
#3122=ORIENTED_EDGE('',*,*,#2318,.F.);
#3123=ORIENTED_EDGE('',*,*,#2303,.T.);
#3124=ORIENTED_EDGE('',*,*,#2067,.T.);
#3125=ORIENTED_EDGE('',*,*,#2317,.T.);
#3126=ORIENTED_EDGE('',*,*,#2319,.T.);
#3127=ORIENTED_EDGE('',*,*,#2320,.F.);
#3128=ORIENTED_EDGE('',*,*,#2321,.F.);
#3129=ORIENTED_EDGE('',*,*,#2322,.F.);
#3130=ORIENTED_EDGE('',*,*,#2321,.T.);
#3131=ORIENTED_EDGE('',*,*,#2323,.T.);
#3132=ORIENTED_EDGE('',*,*,#2308,.T.);
#3133=ORIENTED_EDGE('',*,*,#2324,.T.);
#3134=ORIENTED_EDGE('',*,*,#2322,.T.);
#3135=ORIENTED_EDGE('',*,*,#2325,.T.);
#3136=ORIENTED_EDGE('',*,*,#2306,.T.);
#3137=ORIENTED_EDGE('',*,*,#2326,.T.);
#3138=ORIENTED_EDGE('',*,*,#2327,.F.);
#3139=ORIENTED_EDGE('',*,*,#2328,.F.);
#3140=ORIENTED_EDGE('',*,*,#2329,.F.);
#3141=ORIENTED_EDGE('',*,*,#2330,.T.);
#3142=ORIENTED_EDGE('',*,*,#2331,.F.);
#3143=ORIENTED_EDGE('',*,*,#2332,.F.);
#3144=ORIENTED_EDGE('',*,*,#2333,.F.);
#3145=ORIENTED_EDGE('',*,*,#2331,.T.);
#3146=ORIENTED_EDGE('',*,*,#2334,.T.);
#3147=ORIENTED_EDGE('',*,*,#2313,.T.);
#3148=ORIENTED_EDGE('',*,*,#2335,.T.);
#3149=ORIENTED_EDGE('',*,*,#2332,.T.);
#3150=ORIENTED_EDGE('',*,*,#2336,.T.);
#3151=ORIENTED_EDGE('',*,*,#2316,.T.);
#3152=ORIENTED_EDGE('',*,*,#2337,.T.);
#3153=ORIENTED_EDGE('',*,*,#2338,.F.);
#3154=ORIENTED_EDGE('',*,*,#2339,.F.);
#3155=ORIENTED_EDGE('',*,*,#2064,.T.);
#3156=ORIENTED_EDGE('',*,*,#2340,.F.);
#3157=ORIENTED_EDGE('',*,*,#2318,.T.);
#3158=ORIENTED_EDGE('',*,*,#2065,.T.);
#3159=ORIENTED_EDGE('',*,*,#2339,.T.);
#3160=ORIENTED_EDGE('',*,*,#2341,.T.);
#3161=ORIENTED_EDGE('',*,*,#2342,.F.);
#3162=ORIENTED_EDGE('',*,*,#2343,.F.);
#3163=ORIENTED_EDGE('',*,*,#2344,.F.);
#3164=ORIENTED_EDGE('',*,*,#2320,.T.);
#3165=ORIENTED_EDGE('',*,*,#2345,.T.);
#3166=ORIENTED_EDGE('',*,*,#2343,.T.);
#3167=ORIENTED_EDGE('',*,*,#2346,.T.);
#3168=ORIENTED_EDGE('',*,*,#2347,.F.);
#3169=ORIENTED_EDGE('',*,*,#2348,.F.);
#3170=ORIENTED_EDGE('',*,*,#2104,.T.);
#3171=ORIENTED_EDGE('',*,*,#2349,.F.);
#3172=ORIENTED_EDGE('',*,*,#2350,.T.);
#3173=ORIENTED_EDGE('',*,*,#2351,.F.);
#3174=ORIENTED_EDGE('',*,*,#2352,.F.);
#3175=ORIENTED_EDGE('',*,*,#2353,.F.);
#3176=ORIENTED_EDGE('',*,*,#2351,.T.);
#3177=ORIENTED_EDGE('',*,*,#2354,.T.);
#3178=ORIENTED_EDGE('',*,*,#2333,.T.);
#3179=ORIENTED_EDGE('',*,*,#2355,.T.);
#3180=ORIENTED_EDGE('',*,*,#2352,.T.);
#3181=ORIENTED_EDGE('',*,*,#2356,.T.);
#3182=ORIENTED_EDGE('',*,*,#2338,.T.);
#3183=ORIENTED_EDGE('',*,*,#2357,.T.);
#3184=ORIENTED_EDGE('',*,*,#2358,.F.);
#3185=ORIENTED_EDGE('',*,*,#2359,.F.);
#3186=ORIENTED_EDGE('',*,*,#2360,.F.);
#3187=ORIENTED_EDGE('',*,*,#2361,.T.);
#3188=ORIENTED_EDGE('',*,*,#2362,.F.);
#3189=ORIENTED_EDGE('',*,*,#2363,.F.);
#3190=ORIENTED_EDGE('',*,*,#2364,.F.);
#3191=ORIENTED_EDGE('',*,*,#2365,.F.);
#3192=ORIENTED_EDGE('',*,*,#2366,.F.);
#3193=ORIENTED_EDGE('',*,*,#2106,.T.);
#3194=ORIENTED_EDGE('',*,*,#2367,.F.);
#3195=ORIENTED_EDGE('',*,*,#2368,.F.);
#3196=ORIENTED_EDGE('',*,*,#2369,.F.);
#3197=ORIENTED_EDGE('',*,*,#2370,.F.);
#3198=ORIENTED_EDGE('',*,*,#2371,.F.);
#3199=ORIENTED_EDGE('',*,*,#2372,.F.);
#3200=ORIENTED_EDGE('',*,*,#2373,.F.);
#3201=ORIENTED_EDGE('',*,*,#2358,.T.);
#3202=ORIENTED_EDGE('',*,*,#2062,.T.);
#3203=ORIENTED_EDGE('',*,*,#2372,.T.);
#3204=ORIENTED_EDGE('',*,*,#2374,.T.);
#3205=ORIENTED_EDGE('',*,*,#2373,.T.);
#3206=ORIENTED_EDGE('',*,*,#2107,.T.);
#3207=ORIENTED_EDGE('',*,*,#2366,.T.);
#3208=ORIENTED_EDGE('',*,*,#2375,.T.);
#3209=ORIENTED_EDGE('',*,*,#2376,.T.);
#3210=ORIENTED_EDGE('',*,*,#2377,.F.);
#3211=ORIENTED_EDGE('',*,*,#2378,.F.);
#3212=ORIENTED_EDGE('',*,*,#2379,.F.);
#3213=ORIENTED_EDGE('',*,*,#2380,.F.);
#3214=ORIENTED_EDGE('',*,*,#2381,.F.);
#3215=ORIENTED_EDGE('',*,*,#2382,.F.);
#3216=ORIENTED_EDGE('',*,*,#2377,.T.);
#3217=ORIENTED_EDGE('',*,*,#2383,.T.);
#3218=ORIENTED_EDGE('',*,*,#2381,.T.);
#3219=ORIENTED_EDGE('',*,*,#2384,.T.);
#3220=ORIENTED_EDGE('',*,*,#2382,.T.);
#3221=ORIENTED_EDGE('',*,*,#2385,.T.);
#3222=ORIENTED_EDGE('',*,*,#2369,.T.);
#3223=ORIENTED_EDGE('',*,*,#2386,.T.);
#3224=ORIENTED_EDGE('',*,*,#2380,.T.);
#3225=ORIENTED_EDGE('',*,*,#2387,.T.);
#3226=ORIENTED_EDGE('',*,*,#2371,.T.);
#3227=ORIENTED_EDGE('',*,*,#2388,.T.);
#3228=ORIENTED_EDGE('',*,*,#2378,.T.);
#3229=ORIENTED_EDGE('',*,*,#2389,.T.);
#3230=ORIENTED_EDGE('',*,*,#2365,.T.);
#3231=ORIENTED_EDGE('',*,*,#2390,.T.);
#3232=ORIENTED_EDGE('',*,*,#2362,.T.);
#3233=ORIENTED_EDGE('',*,*,#2391,.T.);
#3234=ORIENTED_EDGE('',*,*,#2379,.T.);
#3235=ORIENTED_EDGE('',*,*,#2392,.T.);
#3236=ORIENTED_EDGE('',*,*,#2370,.T.);
#3237=ORIENTED_EDGE('',*,*,#2393,.T.);
#3238=ORIENTED_EDGE('',*,*,#2353,.T.);
#3239=ORIENTED_EDGE('',*,*,#2394,.T.);
#3240=ORIENTED_EDGE('',*,*,#2359,.T.);
#3241=ORIENTED_EDGE('',*,*,#2395,.T.);
#3242=ORIENTED_EDGE('',*,*,#2368,.T.);
#3243=ORIENTED_EDGE('',*,*,#2396,.T.);
#3244=ORIENTED_EDGE('',*,*,#2367,.T.);
#3245=ORIENTED_EDGE('',*,*,#2105,.T.);
#3246=ORIENTED_EDGE('',*,*,#2348,.T.);
#3247=ORIENTED_EDGE('',*,*,#2397,.T.);
#3248=ORIENTED_EDGE('',*,*,#2363,.T.);
#3249=ORIENTED_EDGE('',*,*,#2398,.T.);
#3250=ORIENTED_EDGE('',*,*,#2347,.T.);
#3251=ORIENTED_EDGE('',*,*,#2399,.T.);
#3252=ORIENTED_EDGE('',*,*,#2344,.T.);
#3253=ORIENTED_EDGE('',*,*,#2400,.T.);
#3254=ORIENTED_EDGE('',*,*,#2364,.T.);
#3255=ORIENTED_EDGE('',*,*,#2401,.T.);
#3256=ORIENTED_EDGE('',*,*,#2340,.T.);
#3257=ORIENTED_EDGE('',*,*,#2063,.T.);
#3258=ORIENTED_EDGE('',*,*,#2360,.T.);
#3259=ORIENTED_EDGE('',*,*,#2402,.T.);
#3260=ORIENTED_EDGE('',*,*,#2349,.T.);
#3261=ORIENTED_EDGE('',*,*,#2103,.T.);
#3262=ORIENTED_EDGE('',*,*,#2329,.T.);
#3263=ORIENTED_EDGE('',*,*,#2403,.T.);
#3264=ORIENTED_EDGE('',*,*,#2328,.T.);
#3265=ORIENTED_EDGE('',*,*,#2404,.T.);
#3266=ORIENTED_EDGE('',*,*,#2342,.T.);
#3267=ORIENTED_EDGE('',*,*,#2405,.T.);
#3268=ORIENTED_EDGE('',*,*,#2327,.T.);
#3269=ORIENTED_EDGE('',*,*,#2102,.T.);
#3270=ORIENTED_EDGE('',*,*,#2309,.T.);
#3271=ORIENTED_EDGE('',*,*,#2406,.T.);
#3272=ORIENTED_EDGE('',*,*,#2311,.T.);
#3273=ORIENTED_EDGE('',*,*,#2407,.T.);
#3274=ORIENTED_EDGE('',*,*,#2299,.T.);
#3275=ORIENTED_EDGE('',*,*,#2408,.T.);
#3276=ORIENTED_EDGE('',*,*,#2310,.T.);
#3277=ORIENTED_EDGE('',*,*,#2101,.T.);
#3278=ORIENTED_EDGE('',*,*,#2297,.T.);
#3279=ORIENTED_EDGE('',*,*,#2409,.T.);
#3280=ORIENTED_EDGE('',*,*,#2296,.T.);
#3281=ORIENTED_EDGE('',*,*,#2410,.T.);
#3282=ORIENTED_EDGE('',*,*,#2307,.T.);
#3283=ORIENTED_EDGE('',*,*,#2411,.T.);
#3284=ORIENTED_EDGE('',*,*,#2293,.T.);
#3285=ORIENTED_EDGE('',*,*,#2412,.T.);
#3286=ORIENTED_EDGE('',*,*,#2305,.T.);
#3287=ORIENTED_EDGE('',*,*,#2413,.T.);
#3288=ORIENTED_EDGE('',*,*,#2300,.T.);
#3289=ORIENTED_EDGE('',*,*,#2414,.T.);
#3290=ORIENTED_EDGE('',*,*,#2284,.T.);
#3291=ORIENTED_EDGE('',*,*,#2415,.T.);
#3292=ORIENTED_EDGE('',*,*,#2290,.T.);
#3293=ORIENTED_EDGE('',*,*,#2416,.T.);
#3294=ORIENTED_EDGE('',*,*,#2298,.T.);
#3295=ORIENTED_EDGE('',*,*,#2417,.T.);
#3296=ORIENTED_EDGE('',*,*,#2280,.T.);
#3297=ORIENTED_EDGE('',*,*,#2418,.T.);
#3298=ORIENTED_EDGE('',*,*,#2295,.T.);
#3299=ORIENTED_EDGE('',*,*,#2100,.T.);
#3300=ORIENTED_EDGE('',*,*,#2279,.T.);
#3301=ORIENTED_EDGE('',*,*,#2419,.T.);
#3302=ORIENTED_EDGE('',*,*,#2294,.T.);
#3303=ORIENTED_EDGE('',*,*,#2420,.T.);
#3304=ORIENTED_EDGE('',*,*,#2275,.T.);
#3305=ORIENTED_EDGE('',*,*,#2421,.T.);
#3306=ORIENTED_EDGE('',*,*,#2292,.T.);
#3307=ORIENTED_EDGE('',*,*,#2422,.T.);
#3308=ORIENTED_EDGE('',*,*,#2271,.T.);
#3309=ORIENTED_EDGE('',*,*,#2069,.T.);
#3310=ORIENTED_EDGE('',*,*,#2291,.T.);
#3311=ORIENTED_EDGE('',*,*,#2423,.T.);
#3312=ORIENTED_EDGE('',*,*,#2278,.T.);
#3313=ORIENTED_EDGE('',*,*,#2099,.T.);
#3314=ORIENTED_EDGE('',*,*,#2260,.T.);
#3315=ORIENTED_EDGE('',*,*,#2424,.T.);
#3316=ORIENTED_EDGE('',*,*,#2259,.T.);
#3317=ORIENTED_EDGE('',*,*,#2425,.T.);
#3318=ORIENTED_EDGE('',*,*,#2273,.T.);
#3319=ORIENTED_EDGE('',*,*,#2426,.T.);
#3320=ORIENTED_EDGE('',*,*,#2258,.T.);
#3321=ORIENTED_EDGE('',*,*,#2098,.T.);
#3322=ORIENTED_EDGE('',*,*,#2242,.T.);
#3323=ORIENTED_EDGE('',*,*,#2427,.T.);
#3324=ORIENTED_EDGE('',*,*,#2253,.T.);
#3325=ORIENTED_EDGE('',*,*,#2428,.T.);
#3326=ORIENTED_EDGE('',*,*,#2241,.T.);
#3327=ORIENTED_EDGE('',*,*,#2429,.T.);
#3328=ORIENTED_EDGE('',*,*,#2244,.T.);
#3329=ORIENTED_EDGE('',*,*,#2430,.T.);
#3330=ORIENTED_EDGE('',*,*,#2231,.T.);
#3331=ORIENTED_EDGE('',*,*,#2431,.T.);
#3332=ORIENTED_EDGE('',*,*,#2243,.T.);
#3333=ORIENTED_EDGE('',*,*,#2097,.T.);
#3334=ORIENTED_EDGE('',*,*,#2228,.T.);
#3335=ORIENTED_EDGE('',*,*,#2432,.T.);
#3336=ORIENTED_EDGE('',*,*,#2239,.T.);
#3337=ORIENTED_EDGE('',*,*,#2433,.T.);
#3338=ORIENTED_EDGE('',*,*,#2227,.T.);
#3339=ORIENTED_EDGE('',*,*,#2434,.T.);
#3340=ORIENTED_EDGE('',*,*,#2224,.T.);
#3341=ORIENTED_EDGE('',*,*,#2435,.T.);
#3342=ORIENTED_EDGE('',*,*,#2240,.T.);
#3343=ORIENTED_EDGE('',*,*,#2436,.T.);
#3344=ORIENTED_EDGE('',*,*,#2232,.T.);
#3345=ORIENTED_EDGE('',*,*,#2437,.T.);
#3346=ORIENTED_EDGE('',*,*,#2215,.T.);
#3347=ORIENTED_EDGE('',*,*,#2438,.T.);
#3348=ORIENTED_EDGE('',*,*,#2221,.T.);
#3349=ORIENTED_EDGE('',*,*,#2439,.T.);
#3350=ORIENTED_EDGE('',*,*,#2230,.T.);
#3351=ORIENTED_EDGE('',*,*,#2440,.T.);
#3352=ORIENTED_EDGE('',*,*,#2229,.T.);
#3353=ORIENTED_EDGE('',*,*,#2095,.T.);
#3354=ORIENTED_EDGE('',*,*,#2210,.T.);
#3355=ORIENTED_EDGE('',*,*,#2441,.T.);
#3356=ORIENTED_EDGE('',*,*,#2225,.T.);
#3357=ORIENTED_EDGE('',*,*,#2442,.T.);
#3358=ORIENTED_EDGE('',*,*,#2209,.T.);
#3359=ORIENTED_EDGE('',*,*,#2443,.T.);
#3360=ORIENTED_EDGE('',*,*,#2206,.T.);
#3361=ORIENTED_EDGE('',*,*,#2444,.T.);
#3362=ORIENTED_EDGE('',*,*,#2226,.T.);
#3363=ORIENTED_EDGE('',*,*,#2445,.T.);
#3364=ORIENTED_EDGE('',*,*,#2202,.T.);
#3365=ORIENTED_EDGE('',*,*,#2075,.T.);
#3366=ORIENTED_EDGE('',*,*,#2222,.T.);
#3367=ORIENTED_EDGE('',*,*,#2446,.T.);
#3368=ORIENTED_EDGE('',*,*,#2211,.T.);
#3369=ORIENTED_EDGE('',*,*,#2093,.T.);
#3370=ORIENTED_EDGE('',*,*,#2191,.T.);
#3371=ORIENTED_EDGE('',*,*,#2447,.T.);
#3372=ORIENTED_EDGE('',*,*,#2190,.T.);
#3373=ORIENTED_EDGE('',*,*,#2448,.T.);
#3374=ORIENTED_EDGE('',*,*,#2204,.T.);
#3375=ORIENTED_EDGE('',*,*,#2449,.T.);
#3376=ORIENTED_EDGE('',*,*,#2189,.T.);
#3377=ORIENTED_EDGE('',*,*,#2092,.T.);
#3378=ORIENTED_EDGE('',*,*,#2173,.T.);
#3379=ORIENTED_EDGE('',*,*,#2450,.T.);
#3380=ORIENTED_EDGE('',*,*,#2177,.T.);
#3381=ORIENTED_EDGE('',*,*,#2451,.T.);
#3382=ORIENTED_EDGE('',*,*,#2162,.T.);
#3383=ORIENTED_EDGE('',*,*,#2452,.T.);
#3384=ORIENTED_EDGE('',*,*,#2175,.T.);
#3385=ORIENTED_EDGE('',*,*,#2453,.T.);
#3386=ORIENTED_EDGE('',*,*,#2164,.T.);
#3387=ORIENTED_EDGE('',*,*,#2454,.T.);
#3388=ORIENTED_EDGE('',*,*,#2174,.T.);
#3389=ORIENTED_EDGE('',*,*,#2091,.T.);
#3390=ORIENTED_EDGE('',*,*,#2159,.T.);
#3391=ORIENTED_EDGE('',*,*,#2455,.T.);
#3392=ORIENTED_EDGE('',*,*,#2170,.T.);
#3393=ORIENTED_EDGE('',*,*,#2456,.T.);
#3394=ORIENTED_EDGE('',*,*,#2158,.T.);
#3395=ORIENTED_EDGE('',*,*,#2457,.T.);
#3396=ORIENTED_EDGE('',*,*,#2155,.T.);
#3397=ORIENTED_EDGE('',*,*,#2458,.T.);
#3398=ORIENTED_EDGE('',*,*,#2171,.T.);
#3399=ORIENTED_EDGE('',*,*,#2459,.T.);
#3400=ORIENTED_EDGE('',*,*,#2163,.T.);
#3401=ORIENTED_EDGE('',*,*,#2460,.T.);
#3402=ORIENTED_EDGE('',*,*,#2146,.T.);
#3403=ORIENTED_EDGE('',*,*,#2461,.T.);
#3404=ORIENTED_EDGE('',*,*,#2152,.T.);
#3405=ORIENTED_EDGE('',*,*,#2462,.T.);
#3406=ORIENTED_EDGE('',*,*,#2161,.T.);
#3407=ORIENTED_EDGE('',*,*,#2463,.T.);
#3408=ORIENTED_EDGE('',*,*,#2160,.T.);
#3409=ORIENTED_EDGE('',*,*,#2089,.T.);
#3410=ORIENTED_EDGE('',*,*,#2141,.T.);
#3411=ORIENTED_EDGE('',*,*,#2464,.T.);
#3412=ORIENTED_EDGE('',*,*,#2156,.T.);
#3413=ORIENTED_EDGE('',*,*,#2465,.T.);
#3414=ORIENTED_EDGE('',*,*,#2140,.T.);
#3415=ORIENTED_EDGE('',*,*,#2466,.T.);
#3416=ORIENTED_EDGE('',*,*,#2137,.T.);
#3417=ORIENTED_EDGE('',*,*,#2467,.T.);
#3418=ORIENTED_EDGE('',*,*,#2157,.T.);
#3419=ORIENTED_EDGE('',*,*,#2468,.T.);
#3420=ORIENTED_EDGE('',*,*,#2133,.T.);
#3421=ORIENTED_EDGE('',*,*,#2081,.T.);
#3422=ORIENTED_EDGE('',*,*,#2153,.T.);
#3423=ORIENTED_EDGE('',*,*,#2469,.T.);
#3424=ORIENTED_EDGE('',*,*,#2142,.T.);
#3425=ORIENTED_EDGE('',*,*,#2087,.T.);
#3426=ORIENTED_EDGE('',*,*,#2122,.T.);
#3427=ORIENTED_EDGE('',*,*,#2470,.T.);
#3428=ORIENTED_EDGE('',*,*,#2121,.T.);
#3429=ORIENTED_EDGE('',*,*,#2471,.T.);
#3430=ORIENTED_EDGE('',*,*,#2135,.T.);
#3431=ORIENTED_EDGE('',*,*,#2472,.T.);
#3432=ORIENTED_EDGE('',*,*,#2120,.T.);
#3433=ORIENTED_EDGE('',*,*,#2086,.T.);
#3434=ORIENTED_EDGE('',*,*,#2109,.T.);
#3435=ORIENTED_EDGE('',*,*,#2473,.T.);
#3436=ORIENTED_EDGE('',*,*,#2114,.F.);
#3437=ORIENTED_EDGE('',*,*,#2129,.F.);
#3438=ORIENTED_EDGE('',*,*,#2128,.F.);
#3439=ORIENTED_EDGE('',*,*,#2119,.F.);
#3440=ORIENTED_EDGE('',*,*,#2118,.F.);
#3441=ORIENTED_EDGE('',*,*,#2139,.F.);
#3442=ORIENTED_EDGE('',*,*,#2471,.F.);
#3443=ORIENTED_EDGE('',*,*,#2473,.F.);
#3444=ORIENTED_EDGE('',*,*,#2130,.F.);
#3445=ORIENTED_EDGE('',*,*,#2134,.F.);
#3446=ORIENTED_EDGE('',*,*,#2149,.F.);
#3447=ORIENTED_EDGE('',*,*,#2148,.F.);
#3448=ORIENTED_EDGE('',*,*,#2150,.F.);
#3449=ORIENTED_EDGE('',*,*,#2469,.F.);
#3450=ORIENTED_EDGE('',*,*,#2463,.F.);
#3451=ORIENTED_EDGE('',*,*,#2461,.F.);
#3452=ORIENTED_EDGE('',*,*,#2185,.F.);
#3453=ORIENTED_EDGE('',*,*,#2208,.F.);
#3454=ORIENTED_EDGE('',*,*,#2448,.F.);
#3455=ORIENTED_EDGE('',*,*,#2450,.F.);
#3456=ORIENTED_EDGE('',*,*,#2186,.F.);
#3457=ORIENTED_EDGE('',*,*,#2455,.F.);
#3458=ORIENTED_EDGE('',*,*,#2456,.F.);
#3459=ORIENTED_EDGE('',*,*,#2188,.F.);
#3460=ORIENTED_EDGE('',*,*,#2197,.F.);
#3461=ORIENTED_EDGE('',*,*,#2454,.F.);
#3462=ORIENTED_EDGE('',*,*,#2181,.F.);
#3463=ORIENTED_EDGE('',*,*,#2198,.F.);
#3464=ORIENTED_EDGE('',*,*,#2199,.F.);
#3465=ORIENTED_EDGE('',*,*,#2203,.F.);
#3466=ORIENTED_EDGE('',*,*,#2218,.F.);
#3467=ORIENTED_EDGE('',*,*,#2217,.F.);
#3468=ORIENTED_EDGE('',*,*,#2219,.F.);
#3469=ORIENTED_EDGE('',*,*,#2446,.F.);
#3470=ORIENTED_EDGE('',*,*,#2440,.F.);
#3471=ORIENTED_EDGE('',*,*,#2438,.F.);
#3472=ORIENTED_EDGE('',*,*,#2236,.F.);
#3473=ORIENTED_EDGE('',*,*,#2247,.F.);
#3474=ORIENTED_EDGE('',*,*,#2431,.F.);
#3475=ORIENTED_EDGE('',*,*,#2439,.F.);
#3476=ORIENTED_EDGE('',*,*,#2248,.F.);
#3477=ORIENTED_EDGE('',*,*,#2252,.F.);
#3478=ORIENTED_EDGE('',*,*,#2267,.F.);
#3479=ORIENTED_EDGE('',*,*,#2266,.F.);
#3480=ORIENTED_EDGE('',*,*,#2257,.F.);
#3481=ORIENTED_EDGE('',*,*,#2429,.F.);
#3482=ORIENTED_EDGE('',*,*,#2432,.F.);
#3483=ORIENTED_EDGE('',*,*,#2433,.F.);
#3484=ORIENTED_EDGE('',*,*,#2268,.F.);
#3485=ORIENTED_EDGE('',*,*,#2272,.F.);
#3486=ORIENTED_EDGE('',*,*,#2287,.F.);
#3487=ORIENTED_EDGE('',*,*,#2286,.F.);
#3488=ORIENTED_EDGE('',*,*,#2277,.F.);
#3489=ORIENTED_EDGE('',*,*,#2425,.F.);
#3490=ORIENTED_EDGE('',*,*,#2427,.F.);
#3491=ORIENTED_EDGE('',*,*,#2428,.F.);
#3492=ORIENTED_EDGE('',*,*,#2288,.F.);
#3493=ORIENTED_EDGE('',*,*,#2423,.F.);
#3494=ORIENTED_EDGE('',*,*,#2417,.F.);
#3495=ORIENTED_EDGE('',*,*,#2415,.F.);
#3496=ORIENTED_EDGE('',*,*,#2304,.F.);
#3497=ORIENTED_EDGE('',*,*,#2314,.F.);
#3498=ORIENTED_EDGE('',*,*,#2408,.F.);
#3499=ORIENTED_EDGE('',*,*,#2416,.F.);
#3500=ORIENTED_EDGE('',*,*,#2315,.F.);
#3501=ORIENTED_EDGE('',*,*,#2319,.F.);
#3502=ORIENTED_EDGE('',*,*,#2336,.F.);
#3503=ORIENTED_EDGE('',*,*,#2335,.F.);
#3504=ORIENTED_EDGE('',*,*,#2324,.F.);
#3505=ORIENTED_EDGE('',*,*,#2409,.F.);
#3506=ORIENTED_EDGE('',*,*,#2411,.F.);
#3507=ORIENTED_EDGE('',*,*,#2325,.F.);
#3508=ORIENTED_EDGE('',*,*,#2323,.F.);
#3509=ORIENTED_EDGE('',*,*,#2346,.F.);
#3510=ORIENTED_EDGE('',*,*,#2404,.F.);
#3511=ORIENTED_EDGE('',*,*,#2406,.F.);
#3512=ORIENTED_EDGE('',*,*,#2337,.F.);
#3513=ORIENTED_EDGE('',*,*,#2341,.F.);
#3514=ORIENTED_EDGE('',*,*,#2356,.F.);
#3515=ORIENTED_EDGE('',*,*,#2355,.F.);
#3516=ORIENTED_EDGE('',*,*,#2357,.F.);
#3517=ORIENTED_EDGE('',*,*,#2402,.F.);
#3518=ORIENTED_EDGE('',*,*,#2396,.F.);
#3519=ORIENTED_EDGE('',*,*,#2394,.F.);
#3520=ORIENTED_EDGE('',*,*,#2376,.F.);
#3521=ORIENTED_EDGE('',*,*,#2391,.F.);
#3522=ORIENTED_EDGE('',*,*,#2361,.F.);
#3523=ORIENTED_EDGE('',*,*,#2400,.F.);
#3524=ORIENTED_EDGE('',*,*,#2345,.F.);
#3525=ORIENTED_EDGE('',*,*,#2326,.F.);
#3526=ORIENTED_EDGE('',*,*,#2412,.F.);
#3527=ORIENTED_EDGE('',*,*,#2421,.F.);
#3528=ORIENTED_EDGE('',*,*,#2276,.F.);
#3529=ORIENTED_EDGE('',*,*,#2256,.F.);
#3530=ORIENTED_EDGE('',*,*,#2237,.F.);
#3531=ORIENTED_EDGE('',*,*,#2435,.F.);
#3532=ORIENTED_EDGE('',*,*,#2223,.F.);
#3533=ORIENTED_EDGE('',*,*,#2444,.F.);
#3534=ORIENTED_EDGE('',*,*,#2207,.F.);
#3535=ORIENTED_EDGE('',*,*,#2187,.F.);
#3536=ORIENTED_EDGE('',*,*,#2168,.F.);
#3537=ORIENTED_EDGE('',*,*,#2458,.F.);
#3538=ORIENTED_EDGE('',*,*,#2154,.F.);
#3539=ORIENTED_EDGE('',*,*,#2467,.F.);
#3540=ORIENTED_EDGE('',*,*,#2138,.F.);
#3541=ORIENTED_EDGE('',*,*,#2127,.F.);
#3542=ORIENTED_EDGE('',*,*,#2123,.F.);
#3543=ORIENTED_EDGE('',*,*,#2147,.F.);
#3544=ORIENTED_EDGE('',*,*,#2143,.F.);
#3545=ORIENTED_EDGE('',*,*,#2460,.F.);
#3546=ORIENTED_EDGE('',*,*,#2451,.F.);
#3547=ORIENTED_EDGE('',*,*,#2196,.F.);
#3548=ORIENTED_EDGE('',*,*,#2192,.F.);
#3549=ORIENTED_EDGE('',*,*,#2216,.F.);
#3550=ORIENTED_EDGE('',*,*,#2212,.F.);
#3551=ORIENTED_EDGE('',*,*,#2437,.F.);
#3552=ORIENTED_EDGE('',*,*,#2430,.F.);
#3553=ORIENTED_EDGE('',*,*,#2265,.F.);
#3554=ORIENTED_EDGE('',*,*,#2261,.F.);
#3555=ORIENTED_EDGE('',*,*,#2285,.F.);
#3556=ORIENTED_EDGE('',*,*,#2281,.F.);
#3557=ORIENTED_EDGE('',*,*,#2414,.F.);
#3558=ORIENTED_EDGE('',*,*,#2407,.F.);
#3559=ORIENTED_EDGE('',*,*,#2334,.F.);
#3560=ORIENTED_EDGE('',*,*,#2330,.F.);
#3561=ORIENTED_EDGE('',*,*,#2354,.F.);
#3562=ORIENTED_EDGE('',*,*,#2350,.F.);
#3563=ORIENTED_EDGE('',*,*,#2393,.F.);
#3564=ORIENTED_EDGE('',*,*,#2385,.F.);
#3565=ORIENTED_EDGE('',*,*,#2383,.F.);
#3566=ORIENTED_EDGE('',*,*,#2384,.F.);
#3567=ORIENTED_EDGE('',*,*,#2388,.F.);
#3568=ORIENTED_EDGE('',*,*,#2375,.F.);
#3569=ORIENTED_EDGE('',*,*,#2389,.F.);
#3570=ORIENTED_EDGE('',*,*,#2386,.F.);
#3571=ORIENTED_EDGE('',*,*,#2395,.F.);
#3572=ORIENTED_EDGE('',*,*,#2374,.F.);
#3573=ORIENTED_EDGE('',*,*,#2387,.F.);
#3574=ORIENTED_EDGE('',*,*,#2390,.F.);
#3575=ORIENTED_EDGE('',*,*,#2397,.F.);
#3576=ORIENTED_EDGE('',*,*,#2398,.F.);
#3577=ORIENTED_EDGE('',*,*,#2392,.F.);
#3578=ORIENTED_EDGE('',*,*,#2399,.F.);
#3579=ORIENTED_EDGE('',*,*,#2403,.F.);
#3580=ORIENTED_EDGE('',*,*,#2405,.F.);
#3581=ORIENTED_EDGE('',*,*,#2401,.F.);
#3582=ORIENTED_EDGE('',*,*,#2410,.F.);
#3583=ORIENTED_EDGE('',*,*,#2418,.F.);
#3584=ORIENTED_EDGE('',*,*,#2420,.F.);
#3585=ORIENTED_EDGE('',*,*,#2413,.F.);
#3586=ORIENTED_EDGE('',*,*,#2419,.F.);
#3587=ORIENTED_EDGE('',*,*,#2424,.F.);
#3588=ORIENTED_EDGE('',*,*,#2426,.F.);
#3589=ORIENTED_EDGE('',*,*,#2422,.F.);
#3590=ORIENTED_EDGE('',*,*,#2434,.F.);
#3591=ORIENTED_EDGE('',*,*,#2441,.F.);
#3592=ORIENTED_EDGE('',*,*,#2442,.F.);
#3593=ORIENTED_EDGE('',*,*,#2436,.F.);
#3594=ORIENTED_EDGE('',*,*,#2443,.F.);
#3595=ORIENTED_EDGE('',*,*,#2447,.F.);
#3596=ORIENTED_EDGE('',*,*,#2449,.F.);
#3597=ORIENTED_EDGE('',*,*,#2445,.F.);
#3598=ORIENTED_EDGE('',*,*,#2452,.F.);
#3599=ORIENTED_EDGE('',*,*,#2462,.F.);
#3600=ORIENTED_EDGE('',*,*,#2167,.F.);
#3601=ORIENTED_EDGE('',*,*,#2453,.F.);
#3602=ORIENTED_EDGE('',*,*,#2457,.F.);
#3603=ORIENTED_EDGE('',*,*,#2464,.F.);
#3604=ORIENTED_EDGE('',*,*,#2465,.F.);
#3605=ORIENTED_EDGE('',*,*,#2459,.F.);
#3606=ORIENTED_EDGE('',*,*,#2466,.F.);
#3607=ORIENTED_EDGE('',*,*,#2470,.F.);
#3608=ORIENTED_EDGE('',*,*,#2472,.F.);
#3609=ORIENTED_EDGE('',*,*,#2468,.F.);
#3610=SPHERICAL_SURFACE('',#3939,0.5);
#3611=SPHERICAL_SURFACE('',#3948,0.499999999999998);
#3612=SPHERICAL_SURFACE('',#3976,0.499999999999998);
#3613=SPHERICAL_SURFACE('',#3992,0.500000000000007);
#3614=SPHERICAL_SURFACE('',#3997,0.499999999999998);
#3615=SPHERICAL_SURFACE('',#4008,0.499999999999998);
#3616=SPHERICAL_SURFACE('',#4012,0.499999999999989);
#3617=SPHERICAL_SURFACE('',#4017,0.499999999999998);
#3618=SPHERICAL_SURFACE('',#4021,0.499999999999998);
#3619=SPHERICAL_SURFACE('',#4032,0.499999999999998);
#3620=SPHERICAL_SURFACE('',#4037,0.499999999999998);
#3621=SPHERICAL_SURFACE('',#4053,0.499999999999998);
#3622=SPHERICAL_SURFACE('',#4111,0.5);
#3623=SPHERICAL_SURFACE('',#4120,0.499999999999998);
#3624=SPHERICAL_SURFACE('',#4125,0.499999999999998);
#3625=SPHERICAL_SURFACE('',#4141,0.5);
#3626=SPHERICAL_SURFACE('',#4157,0.499999999999998);
#3627=SPHERICAL_SURFACE('',#4170,0.5);
#3628=SPHERICAL_SURFACE('',#4174,0.5);
#3629=SPHERICAL_SURFACE('',#4184,0.5);
#3630=SPHERICAL_SURFACE('',#4188,0.5);
#3631=SPHERICAL_SURFACE('',#4197,0.500000000000007);
#3632=SPHERICAL_SURFACE('',#4203,0.500000000000007);
#3633=SPHERICAL_SURFACE('',#4219,0.5);
#3634=SPHERICAL_SURFACE('',#4235,0.499999999999998);
#3635=SPHERICAL_SURFACE('',#4248,0.5);
#3636=SPHERICAL_SURFACE('',#4252,0.5);
#3637=SPHERICAL_SURFACE('',#4262,0.5);
#3638=SPHERICAL_SURFACE('',#4266,0.5);
#3639=SPHERICAL_SURFACE('',#4276,0.5);
#3640=SPHERICAL_SURFACE('',#4281,0.500000000000007);
#3641=SPHERICAL_SURFACE('',#4297,0.5);
#3642=SPHERICAL_SURFACE('',#4302,0.499999999999998);
#3643=SPHERICAL_SURFACE('',#4313,0.499999999999998);
#3644=SPHERICAL_SURFACE('',#4317,0.499999999999994);
#3645=SPHERICAL_SURFACE('',#4321,0.499999999999998);
#3646=SPHERICAL_SURFACE('',#4325,0.5);
#3647=SPHERICAL_SURFACE('',#4329,0.5);
#3648=SPHERICAL_SURFACE('',#4334,0.500000000000007);
#3649=SPHERICAL_SURFACE('',#4338,0.5);
#3650=SPHERICAL_SURFACE('',#4342,0.500000000000003);
#3651=SPHERICAL_SURFACE('',#4352,0.500000000000007);
#3652=SPHERICAL_SURFACE('',#4358,0.500000000000007);
#3653=SPHERICAL_SURFACE('',#4374,0.5);
#3654=SPHERICAL_SURFACE('',#4390,0.499999999999998);
#3655=SPHERICAL_SURFACE('',#4403,0.5);
#3656=SPHERICAL_SURFACE('',#4407,0.5);
#3657=SPHERICAL_SURFACE('',#4418,0.5);
#3658=ADVANCED_FACE('',(#763),#3610,.T.);
#3659=ADVANCED_FACE('',(#764),#723,.F.);
#3660=ADVANCED_FACE('',(#765),#3611,.T.);
#3661=ADVANCED_FACE('',(#766),#591,.T.);
#3662=ADVANCED_FACE('',(#767),#724,.T.);
#3663=ADVANCED_FACE('',(#768),#725,.F.);
#3664=ADVANCED_FACE('',(#769),#592,.F.);
#3665=ADVANCED_FACE('',(#770),#593,.T.);
#3666=ADVANCED_FACE('',(#771),#726,.F.);
#3667=ADVANCED_FACE('',(#772),#727,.T.);
#3668=ADVANCED_FACE('',(#773),#594,.F.);
#3669=ADVANCED_FACE('',(#774),#3612,.T.);
#3670=ADVANCED_FACE('',(#775),#728,.F.);
#3671=ADVANCED_FACE('',(#776),#595,.F.);
#3672=ADVANCED_FACE('',(#777),#596,.F.);
#3673=ADVANCED_FACE('',(#778),#729,.T.);
#3674=ADVANCED_FACE('',(#779),#3613,.T.);
#3675=ADVANCED_FACE('',(#780),#597,.T.);
#3676=ADVANCED_FACE('',(#781),#3614,.T.);
#3677=ADVANCED_FACE('',(#782),#730,.T.);
#3678=ADVANCED_FACE('',(#783),#598,.F.);
#3679=ADVANCED_FACE('',(#784),#599,.T.);
#3680=ADVANCED_FACE('',(#785),#3615,.T.);
#3681=ADVANCED_FACE('',(#786),#3616,.T.);
#3682=ADVANCED_FACE('',(#787),#600,.T.);
#3683=ADVANCED_FACE('',(#788),#3617,.T.);
#3684=ADVANCED_FACE('',(#789),#3618,.T.);
#3685=ADVANCED_FACE('',(#790),#601,.T.);
#3686=ADVANCED_FACE('',(#791),#602,.T.);
#3687=ADVANCED_FACE('',(#792),#731,.T.);
#3688=ADVANCED_FACE('',(#793),#3619,.T.);
#3689=ADVANCED_FACE('',(#794),#603,.T.);
#3690=ADVANCED_FACE('',(#795),#3620,.T.);
#3691=ADVANCED_FACE('',(#796),#732,.T.);
#3692=ADVANCED_FACE('',(#797),#604,.F.);
#3693=ADVANCED_FACE('',(#798),#605,.T.);
#3694=ADVANCED_FACE('',(#799),#733,.T.);
#3695=ADVANCED_FACE('',(#800),#3621,.T.);
#3696=ADVANCED_FACE('',(#801),#606,.T.);
#3697=ADVANCED_FACE('',(#802),#734,.T.);
#3698=ADVANCED_FACE('',(#803),#607,.F.);
#3699=ADVANCED_FACE('',(#804),#608,.T.);
#3700=ADVANCED_FACE('',(#805),#609,.T.);
#3701=ADVANCED_FACE('',(#806),#610,.T.);
#3702=ADVANCED_FACE('',(#807),#611,.T.);
#3703=ADVANCED_FACE('',(#808),#612,.T.);
#3704=ADVANCED_FACE('',(#809),#613,.T.);
#3705=ADVANCED_FACE('',(#810),#614,.T.);
#3706=ADVANCED_FACE('',(#811),#615,.T.);
#3707=ADVANCED_FACE('',(#812),#616,.T.);
#3708=ADVANCED_FACE('',(#813),#617,.T.);
#3709=ADVANCED_FACE('',(#814),#618,.T.);
#3710=ADVANCED_FACE('',(#815),#619,.T.);
#3711=ADVANCED_FACE('',(#816),#620,.T.);
#3712=ADVANCED_FACE('',(#817),#621,.T.);
#3713=ADVANCED_FACE('',(#818),#622,.T.);
#3714=ADVANCED_FACE('',(#819),#623,.T.);
#3715=ADVANCED_FACE('',(#820),#624,.F.);
#3716=ADVANCED_FACE('',(#821),#625,.T.);
#3717=ADVANCED_FACE('',(#822),#626,.T.);
#3718=ADVANCED_FACE('',(#823),#16,.T.);
#3719=ADVANCED_FACE('',(#824),#17,.T.);
#3720=ADVANCED_FACE('',(#825,#15),#18,.T.);
#3721=ADVANCED_FACE('',(#826),#19,.T.);
#3722=ADVANCED_FACE('',(#827),#20,.T.);
#3723=ADVANCED_FACE('',(#828),#21,.T.);
#3724=ADVANCED_FACE('',(#829),#22,.T.);
#3725=ADVANCED_FACE('',(#830),#23,.T.);
#3726=ADVANCED_FACE('',(#831),#24,.T.);
#3727=ADVANCED_FACE('',(#832),#25,.T.);
#3728=ADVANCED_FACE('',(#833),#26,.T.);
#3729=ADVANCED_FACE('',(#834),#27,.F.);
#3730=ADVANCED_FACE('',(#835),#28,.T.);
#3731=ADVANCED_FACE('',(#836),#29,.T.);
#3732=ADVANCED_FACE('',(#837),#3622,.T.);
#3733=ADVANCED_FACE('',(#838),#735,.T.);
#3734=ADVANCED_FACE('',(#839),#627,.T.);
#3735=ADVANCED_FACE('',(#840),#3623,.T.);
#3736=ADVANCED_FACE('',(#841),#628,.T.);
#3737=ADVANCED_FACE('',(#842),#3624,.T.);
#3738=ADVANCED_FACE('',(#843),#736,.T.);
#3739=ADVANCED_FACE('',(#844),#629,.T.);
#3740=ADVANCED_FACE('',(#845),#630,.F.);
#3741=ADVANCED_FACE('',(#846),#737,.T.);
#3742=ADVANCED_FACE('',(#847),#631,.T.);
#3743=ADVANCED_FACE('',(#848),#3625,.T.);
#3744=ADVANCED_FACE('',(#849),#632,.T.);
#3745=ADVANCED_FACE('',(#850),#738,.T.);
#3746=ADVANCED_FACE('',(#851),#739,.T.);
#3747=ADVANCED_FACE('',(#852),#633,.T.);
#3748=ADVANCED_FACE('',(#853),#634,.F.);
#3749=ADVANCED_FACE('',(#854),#3626,.T.);
#3750=ADVANCED_FACE('',(#855),#740,.T.);
#3751=ADVANCED_FACE('',(#856),#741,.T.);
#3752=ADVANCED_FACE('',(#857),#3627,.T.);
#3753=ADVANCED_FACE('',(#858),#3628,.T.);
#3754=ADVANCED_FACE('',(#859),#635,.T.);
#3755=ADVANCED_FACE('',(#860),#742,.T.);
#3756=ADVANCED_FACE('',(#861),#3629,.T.);
#3757=ADVANCED_FACE('',(#862),#3630,.T.);
#3758=ADVANCED_FACE('',(#863),#743,.T.);
#3759=ADVANCED_FACE('',(#864),#636,.T.);
#3760=ADVANCED_FACE('',(#865),#3631,.T.);
#3761=ADVANCED_FACE('',(#866),#637,.T.);
#3762=ADVANCED_FACE('',(#867),#638,.T.);
#3763=ADVANCED_FACE('',(#868),#3632,.T.);
#3764=ADVANCED_FACE('',(#869),#744,.T.);
#3765=ADVANCED_FACE('',(#870),#639,.T.);
#3766=ADVANCED_FACE('',(#871),#640,.F.);
#3767=ADVANCED_FACE('',(#872),#745,.T.);
#3768=ADVANCED_FACE('',(#873),#641,.T.);
#3769=ADVANCED_FACE('',(#874),#3633,.T.);
#3770=ADVANCED_FACE('',(#875),#642,.T.);
#3771=ADVANCED_FACE('',(#876),#746,.T.);
#3772=ADVANCED_FACE('',(#877),#747,.T.);
#3773=ADVANCED_FACE('',(#878),#643,.T.);
#3774=ADVANCED_FACE('',(#879),#644,.F.);
#3775=ADVANCED_FACE('',(#880),#3634,.T.);
#3776=ADVANCED_FACE('',(#881),#748,.T.);
#3777=ADVANCED_FACE('',(#882),#749,.T.);
#3778=ADVANCED_FACE('',(#883),#3635,.T.);
#3779=ADVANCED_FACE('',(#884),#3636,.T.);
#3780=ADVANCED_FACE('',(#885),#645,.T.);
#3781=ADVANCED_FACE('',(#886),#750,.T.);
#3782=ADVANCED_FACE('',(#887),#3637,.T.);
#3783=ADVANCED_FACE('',(#888),#3638,.T.);
#3784=ADVANCED_FACE('',(#889),#646,.T.);
#3785=ADVANCED_FACE('',(#890),#751,.T.);
#3786=ADVANCED_FACE('',(#891),#647,.T.);
#3787=ADVANCED_FACE('',(#892),#3639,.T.);
#3788=ADVANCED_FACE('',(#893),#648,.T.);
#3789=ADVANCED_FACE('',(#894),#3640,.T.);
#3790=ADVANCED_FACE('',(#895),#752,.T.);
#3791=ADVANCED_FACE('',(#896),#649,.T.);
#3792=ADVANCED_FACE('',(#897),#650,.F.);
#3793=ADVANCED_FACE('',(#898),#753,.T.);
#3794=ADVANCED_FACE('',(#899),#651,.T.);
#3795=ADVANCED_FACE('',(#900),#3641,.T.);
#3796=ADVANCED_FACE('',(#901),#652,.T.);
#3797=ADVANCED_FACE('',(#902),#3642,.T.);
#3798=ADVANCED_FACE('',(#903),#754,.T.);
#3799=ADVANCED_FACE('',(#904),#653,.T.);
#3800=ADVANCED_FACE('',(#905),#654,.F.);
#3801=ADVANCED_FACE('',(#906),#3643,.T.);
#3802=ADVANCED_FACE('',(#907),#3644,.T.);
#3803=ADVANCED_FACE('',(#908),#3645,.T.);
#3804=ADVANCED_FACE('',(#909),#3646,.T.);
#3805=ADVANCED_FACE('',(#910),#3647,.T.);
#3806=ADVANCED_FACE('',(#911),#655,.T.);
#3807=ADVANCED_FACE('',(#912),#3648,.T.);
#3808=ADVANCED_FACE('',(#913),#3649,.T.);
#3809=ADVANCED_FACE('',(#914),#3650,.T.);
#3810=ADVANCED_FACE('',(#915),#656,.T.);
#3811=ADVANCED_FACE('',(#916),#755,.T.);
#3812=ADVANCED_FACE('',(#917),#657,.T.);
#3813=ADVANCED_FACE('',(#918),#3651,.T.);
#3814=ADVANCED_FACE('',(#919),#658,.T.);
#3815=ADVANCED_FACE('',(#920),#659,.T.);
#3816=ADVANCED_FACE('',(#921),#3652,.T.);
#3817=ADVANCED_FACE('',(#922),#756,.T.);
#3818=ADVANCED_FACE('',(#923),#660,.T.);
#3819=ADVANCED_FACE('',(#924),#661,.F.);
#3820=ADVANCED_FACE('',(#925),#757,.T.);
#3821=ADVANCED_FACE('',(#926),#662,.T.);
#3822=ADVANCED_FACE('',(#927),#3653,.T.);
#3823=ADVANCED_FACE('',(#928),#663,.T.);
#3824=ADVANCED_FACE('',(#929),#758,.T.);
#3825=ADVANCED_FACE('',(#930),#759,.T.);
#3826=ADVANCED_FACE('',(#931),#664,.T.);
#3827=ADVANCED_FACE('',(#932),#665,.F.);
#3828=ADVANCED_FACE('',(#933),#3654,.T.);
#3829=ADVANCED_FACE('',(#934),#760,.T.);
#3830=ADVANCED_FACE('',(#935),#761,.T.);
#3831=ADVANCED_FACE('',(#936),#3655,.T.);
#3832=ADVANCED_FACE('',(#937),#3656,.T.);
#3833=ADVANCED_FACE('',(#938),#666,.T.);
#3834=ADVANCED_FACE('',(#939),#667,.T.);
#3835=ADVANCED_FACE('',(#940),#762,.T.);
#3836=ADVANCED_FACE('',(#941),#3657,.T.);
#3837=ADVANCED_FACE('',(#942),#668,.T.);
#3838=ADVANCED_FACE('',(#943),#669,.T.);
#3839=ADVANCED_FACE('',(#944),#670,.T.);
#3840=ADVANCED_FACE('',(#945),#671,.F.);
#3841=ADVANCED_FACE('',(#946),#672,.T.);
#3842=ADVANCED_FACE('',(#947),#673,.T.);
#3843=ADVANCED_FACE('',(#948),#674,.T.);
#3844=ADVANCED_FACE('',(#949),#675,.T.);
#3845=ADVANCED_FACE('',(#950),#676,.F.);
#3846=ADVANCED_FACE('',(#951),#677,.T.);
#3847=ADVANCED_FACE('',(#952),#678,.T.);
#3848=ADVANCED_FACE('',(#953),#679,.T.);
#3849=ADVANCED_FACE('',(#954),#680,.T.);
#3850=ADVANCED_FACE('',(#955),#681,.T.);
#3851=ADVANCED_FACE('',(#956),#682,.T.);
#3852=ADVANCED_FACE('',(#957),#683,.T.);
#3853=ADVANCED_FACE('',(#958),#684,.T.);
#3854=ADVANCED_FACE('',(#959),#685,.T.);
#3855=ADVANCED_FACE('',(#960),#686,.T.);
#3856=ADVANCED_FACE('',(#961),#687,.T.);
#3857=ADVANCED_FACE('',(#962),#688,.T.);
#3858=ADVANCED_FACE('',(#963),#689,.T.);
#3859=ADVANCED_FACE('',(#964),#690,.T.);
#3860=ADVANCED_FACE('',(#965),#691,.T.);
#3861=ADVANCED_FACE('',(#966),#692,.T.);
#3862=ADVANCED_FACE('',(#967),#693,.T.);
#3863=ADVANCED_FACE('',(#968),#694,.T.);
#3864=ADVANCED_FACE('',(#969),#695,.T.);
#3865=ADVANCED_FACE('',(#970),#696,.T.);
#3866=ADVANCED_FACE('',(#971),#697,.T.);
#3867=ADVANCED_FACE('',(#972),#698,.F.);
#3868=ADVANCED_FACE('',(#973),#699,.T.);
#3869=ADVANCED_FACE('',(#974),#700,.T.);
#3870=ADVANCED_FACE('',(#975),#701,.T.);
#3871=ADVANCED_FACE('',(#976),#702,.T.);
#3872=ADVANCED_FACE('',(#977),#703,.F.);
#3873=ADVANCED_FACE('',(#978),#704,.T.);
#3874=ADVANCED_FACE('',(#979),#705,.T.);
#3875=ADVANCED_FACE('',(#980),#706,.T.);
#3876=ADVANCED_FACE('',(#981),#707,.T.);
#3877=ADVANCED_FACE('',(#982),#708,.T.);
#3878=ADVANCED_FACE('',(#983),#709,.T.);
#3879=ADVANCED_FACE('',(#984),#710,.T.);
#3880=ADVANCED_FACE('',(#985),#711,.T.);
#3881=ADVANCED_FACE('',(#986),#712,.F.);
#3882=ADVANCED_FACE('',(#987),#713,.T.);
#3883=ADVANCED_FACE('',(#988),#714,.T.);
#3884=ADVANCED_FACE('',(#989),#715,.T.);
#3885=ADVANCED_FACE('',(#990),#716,.T.);
#3886=ADVANCED_FACE('',(#991),#717,.F.);
#3887=ADVANCED_FACE('',(#992),#718,.T.);
#3888=ADVANCED_FACE('',(#993),#719,.T.);
#3889=ADVANCED_FACE('',(#994),#720,.T.);
#3890=ADVANCED_FACE('',(#995),#721,.T.);
#3891=ADVANCED_FACE('',(#996),#722,.T.);
#3892=ADVANCED_FACE('',(#997),#30,.F.);
#3893=ADVANCED_FACE('',(#998),#31,.T.);
#3894=ADVANCED_FACE('',(#999),#32,.F.);
#3895=ADVANCED_FACE('',(#1000),#33,.F.);
#3896=ADVANCED_FACE('',(#1001),#34,.T.);
#3897=ADVANCED_FACE('',(#1002),#35,.F.);
#3898=ADVANCED_FACE('',(#1003),#36,.F.);
#3899=ADVANCED_FACE('',(#1004),#37,.F.);
#3900=ADVANCED_FACE('',(#1005),#38,.F.);
#3901=ADVANCED_FACE('',(#1006),#39,.T.);
#3902=ADVANCED_FACE('',(#1007),#40,.F.);
#3903=ADVANCED_FACE('',(#1008),#41,.F.);
#3904=ADVANCED_FACE('',(#1009),#42,.F.);
#3905=ADVANCED_FACE('',(#1010),#43,.T.);
#3906=ADVANCED_FACE('',(#1011),#44,.F.);
#3907=ADVANCED_FACE('',(#1012),#45,.T.);
#3908=ADVANCED_FACE('',(#1013),#46,.F.);
#3909=ADVANCED_FACE('',(#1014),#47,.F.);
#3910=ADVANCED_FACE('',(#1015),#48,.T.);
#3911=ADVANCED_FACE('',(#1016),#49,.F.);
#3912=ADVANCED_FACE('',(#1017),#50,.F.);
#3913=ADVANCED_FACE('',(#1018),#51,.T.);
#3914=ADVANCED_FACE('',(#1019),#52,.F.);
#3915=ADVANCED_FACE('',(#1020),#53,.T.);
#3916=ADVANCED_FACE('',(#1021),#54,.F.);
#3917=ADVANCED_FACE('',(#1022),#55,.F.);
#3918=ADVANCED_FACE('',(#1023),#56,.T.);
#3919=ADVANCED_FACE('',(#1024),#57,.F.);
#3920=ADVANCED_FACE('',(#1025),#58,.F.);
#3921=ADVANCED_FACE('',(#1026),#59,.F.);
#3922=ADVANCED_FACE('',(#1027),#60,.T.);
#3923=ADVANCED_FACE('',(#1028),#61,.F.);
#3924=ADVANCED_FACE('',(#1029),#62,.F.);
#3925=CLOSED_SHELL('',(#3658,#3659,#3660,#3661,#3662,#3663,#3664,#3665,
#3666,#3667,#3668,#3669,#3670,#3671,#3672,#3673,#3674,#3675,#3676,#3677,
#3678,#3679,#3680,#3681,#3682,#3683,#3684,#3685,#3686,#3687,#3688,#3689,
#3690,#3691,#3692,#3693,#3694,#3695,#3696,#3697,#3698,#3699,#3700,#3701,
#3702,#3703,#3704,#3705,#3706,#3707,#3708,#3709,#3710,#3711,#3712,#3713,
#3714,#3715,#3716,#3717,#3718,#3719,#3720,#3721,#3722,#3723,#3724,#3725,
#3726,#3727,#3728,#3729,#3730,#3731,#3732,#3733,#3734,#3735,#3736,#3737,
#3738,#3739,#3740,#3741,#3742,#3743,#3744,#3745,#3746,#3747,#3748,#3749,
#3750,#3751,#3752,#3753,#3754,#3755,#3756,#3757,#3758,#3759,#3760,#3761,
#3762,#3763,#3764,#3765,#3766,#3767,#3768,#3769,#3770,#3771,#3772,#3773,
#3774,#3775,#3776,#3777,#3778,#3779,#3780,#3781,#3782,#3783,#3784,#3785,
#3786,#3787,#3788,#3789,#3790,#3791,#3792,#3793,#3794,#3795,#3796,#3797,
#3798,#3799,#3800,#3801,#3802,#3803,#3804,#3805,#3806,#3807,#3808,#3809,
#3810,#3811,#3812,#3813,#3814,#3815,#3816,#3817,#3818,#3819,#3820,#3821,
#3822,#3823,#3824,#3825,#3826,#3827,#3828,#3829,#3830,#3831,#3832,#3833,
#3834,#3835,#3836,#3837,#3838,#3839,#3840,#3841,#3842,#3843,#3844,#3845,
#3846,#3847,#3848,#3849,#3850,#3851,#3852,#3853,#3854,#3855,#3856,#3857,
#3858,#3859,#3860,#3861,#3862,#3863,#3864,#3865,#3866,#3867,#3868,#3869,
#3870,#3871,#3872,#3873,#3874,#3875,#3876,#3877,#3878,#3879,#3880,#3881,
#3882,#3883,#3884,#3885,#3886,#3887,#3888,#3889,#3890,#3891,#3892,#3893,
#3894,#3895,#3896,#3897,#3898,#3899,#3900,#3901,#3902,#3903,#3904,#3905,
#3906,#3907,#3908,#3909,#3910,#3911,#3912,#3913,#3914,#3915,#3916,#3917,
#3918,#3919,#3920,#3921,#3922,#3923,#3924));
#3926=DERIVED_UNIT_ELEMENT(#3928,1.);
#3927=DERIVED_UNIT_ELEMENT(#7063,-3.);
#3928=(
MASS_UNIT()
NAMED_UNIT(*)
SI_UNIT(.KILO.,.GRAM.)
);
#3929=DERIVED_UNIT((#3926,#3927));
#3930=MEASURE_REPRESENTATION_ITEM('density measure',
POSITIVE_RATIO_MEASURE(7850.),#3929);
#3931=PROPERTY_DEFINITION_REPRESENTATION(#3936,#3933);
#3932=PROPERTY_DEFINITION_REPRESENTATION(#3937,#3934);
#3933=REPRESENTATION('material name',(#3935),#7060);
#3934=REPRESENTATION('density',(#3930),#7060);
#3935=DESCRIPTIVE_REPRESENTATION_ITEM('Steel','Steel');
#3936=PROPERTY_DEFINITION('material property','material name',#7070);
#3937=PROPERTY_DEFINITION('material property','density of part',#7070);
#3938=AXIS2_PLACEMENT_3D('',#5918,#4510,#4511);
#3939=AXIS2_PLACEMENT_3D('',#5919,#4512,#4513);
#3940=AXIS2_PLACEMENT_3D('',#5922,#4514,#4515);
#3941=AXIS2_PLACEMENT_3D('',#5924,#4516,#4517);
#3942=AXIS2_PLACEMENT_3D('',#5925,#4518,#4519);
#3943=AXIS2_PLACEMENT_3D('',#5926,#4520,#4521);
#3944=AXIS2_PLACEMENT_3D('',#5929,#4522,#4523);
#3945=AXIS2_PLACEMENT_3D('',#5931,#4524,#4525);
#3946=AXIS2_PLACEMENT_3D('',#5933,#4526,#4527);
#3947=AXIS2_PLACEMENT_3D('',#5934,#4528,#4529);
#3948=AXIS2_PLACEMENT_3D('',#5935,#4530,#4531);
#3949=AXIS2_PLACEMENT_3D('',#5938,#4532,#4533);
#3950=AXIS2_PLACEMENT_3D('',#5940,#4534,#4535);
#3951=AXIS2_PLACEMENT_3D('',#5941,#4536,#4537);
#3952=AXIS2_PLACEMENT_3D('',#5942,#4538,#4539);
#3953=AXIS2_PLACEMENT_3D('',#5945,#4542,#4543);
#3954=AXIS2_PLACEMENT_3D('',#5948,#4544,#4545);
#3955=AXIS2_PLACEMENT_3D('',#5950,#4546,#4547);
#3956=AXIS2_PLACEMENT_3D('',#5952,#4548,#4549);
#3957=AXIS2_PLACEMENT_3D('',#5953,#4550,#4551);
#3958=AXIS2_PLACEMENT_3D('',#5954,#4552,#4553);
#3959=AXIS2_PLACEMENT_3D('',#5957,#4554,#4555);
#3960=AXIS2_PLACEMENT_3D('',#5959,#4556,#4557);
#3961=AXIS2_PLACEMENT_3D('',#5961,#4558,#4559);
#3962=AXIS2_PLACEMENT_3D('',#5962,#4560,#4561);
#3963=AXIS2_PLACEMENT_3D('',#5963,#4562,#4563);
#3964=AXIS2_PLACEMENT_3D('',#5966,#4566,#4567);
#3965=AXIS2_PLACEMENT_3D('',#5969,#4570,#4571);
#3966=AXIS2_PLACEMENT_3D('',#5972,#4572,#4573);
#3967=AXIS2_PLACEMENT_3D('',#5974,#4574,#4575);
#3968=AXIS2_PLACEMENT_3D('',#5976,#4576,#4577);
#3969=AXIS2_PLACEMENT_3D('',#5977,#4578,#4579);
#3970=AXIS2_PLACEMENT_3D('',#5978,#4580,#4581);
#3971=AXIS2_PLACEMENT_3D('',#5981,#4582,#4583);
#3972=AXIS2_PLACEMENT_3D('',#5983,#4584,#4585);
#3973=AXIS2_PLACEMENT_3D('',#5985,#4586,#4587);
#3974=AXIS2_PLACEMENT_3D('',#5986,#4588,#4589);
#3975=AXIS2_PLACEMENT_3D('',#5987,#4590,#4591);
#3976=AXIS2_PLACEMENT_3D('',#5990,#4594,#4595);
#3977=AXIS2_PLACEMENT_3D('',#5993,#4596,#4597);
#3978=AXIS2_PLACEMENT_3D('',#5995,#4598,#4599);
#3979=AXIS2_PLACEMENT_3D('',#5996,#4600,#4601);
#3980=AXIS2_PLACEMENT_3D('',#5997,#4602,#4603);
#3981=AXIS2_PLACEMENT_3D('',#6000,#4604,#4605);
#3982=AXIS2_PLACEMENT_3D('',#6002,#4606,#4607);
#3983=AXIS2_PLACEMENT_3D('',#6004,#4608,#4609);
#3984=AXIS2_PLACEMENT_3D('',#6005,#4610,#4611);
#3985=AXIS2_PLACEMENT_3D('',#6006,#4612,#4613);
#3986=AXIS2_PLACEMENT_3D('',#6009,#4616,#4617);
#3987=AXIS2_PLACEMENT_3D('',#6012,#4620,#4621);
#3988=AXIS2_PLACEMENT_3D('',#6015,#4622,#4623);
#3989=AXIS2_PLACEMENT_3D('',#6017,#4624,#4625);
#3990=AXIS2_PLACEMENT_3D('',#6019,#4626,#4627);
#3991=AXIS2_PLACEMENT_3D('',#6020,#4628,#4629);
#3992=AXIS2_PLACEMENT_3D('',#6021,#4630,#4631);
#3993=AXIS2_PLACEMENT_3D('',#6024,#4632,#4633);
#3994=AXIS2_PLACEMENT_3D('',#6026,#4634,#4635);
#3995=AXIS2_PLACEMENT_3D('',#6027,#4636,#4637);
#3996=AXIS2_PLACEMENT_3D('',#6028,#4638,#4639);
#3997=AXIS2_PLACEMENT_3D('',#6031,#4642,#4643);
#3998=AXIS2_PLACEMENT_3D('',#6034,#4644,#4645);
#3999=AXIS2_PLACEMENT_3D('',#6036,#4646,#4647);
#4000=AXIS2_PLACEMENT_3D('',#6037,#4648,#4649);
#4001=AXIS2_PLACEMENT_3D('',#6038,#4650,#4651);
#4002=AXIS2_PLACEMENT_3D('',#6041,#4652,#4653);
#4003=AXIS2_PLACEMENT_3D('',#6043,#4654,#4655);
#4004=AXIS2_PLACEMENT_3D('',#6045,#4656,#4657);
#4005=AXIS2_PLACEMENT_3D('',#6046,#4658,#4659);
#4006=AXIS2_PLACEMENT_3D('',#6047,#4660,#4661);
#4007=AXIS2_PLACEMENT_3D('',#6050,#4664,#4665);
#4008=AXIS2_PLACEMENT_3D('',#6053,#4668,#4669);
#4009=AXIS2_PLACEMENT_3D('',#6056,#4670,#4671);
#4010=AXIS2_PLACEMENT_3D('',#6058,#4672,#4673);
#4011=AXIS2_PLACEMENT_3D('',#6059,#4674,#4675);
#4012=AXIS2_PLACEMENT_3D('',#6060,#4676,#4677);
#4013=AXIS2_PLACEMENT_3D('',#6063,#4678,#4679);
#4014=AXIS2_PLACEMENT_3D('',#6065,#4680,#4681);
#4015=AXIS2_PLACEMENT_3D('',#6066,#4682,#4683);
#4016=AXIS2_PLACEMENT_3D('',#6067,#4684,#4685);
#4017=AXIS2_PLACEMENT_3D('',#6070,#4688,#4689);
#4018=AXIS2_PLACEMENT_3D('',#6073,#4690,#4691);
#4019=AXIS2_PLACEMENT_3D('',#6075,#4692,#4693);
#4020=AXIS2_PLACEMENT_3D('',#6076,#4694,#4695);
#4021=AXIS2_PLACEMENT_3D('',#6077,#4696,#4697);
#4022=AXIS2_PLACEMENT_3D('',#6080,#4698,#4699);
#4023=AXIS2_PLACEMENT_3D('',#6082,#4700,#4701);
#4024=AXIS2_PLACEMENT_3D('',#6083,#4702,#4703);
#4025=AXIS2_PLACEMENT_3D('',#6084,#4704,#4705);
#4026=AXIS2_PLACEMENT_3D('',#6087,#4708,#4709);
#4027=AXIS2_PLACEMENT_3D('',#6090,#4712,#4713);
#4028=AXIS2_PLACEMENT_3D('',#6093,#4714,#4715);
#4029=AXIS2_PLACEMENT_3D('',#6095,#4716,#4717);
#4030=AXIS2_PLACEMENT_3D('',#6097,#4718,#4719);
#4031=AXIS2_PLACEMENT_3D('',#6098,#4720,#4721);
#4032=AXIS2_PLACEMENT_3D('',#6099,#4722,#4723);
#4033=AXIS2_PLACEMENT_3D('',#6102,#4724,#4725);
#4034=AXIS2_PLACEMENT_3D('',#6104,#4726,#4727);
#4035=AXIS2_PLACEMENT_3D('',#6105,#4728,#4729);
#4036=AXIS2_PLACEMENT_3D('',#6106,#4730,#4731);
#4037=AXIS2_PLACEMENT_3D('',#6109,#4734,#4735);
#4038=AXIS2_PLACEMENT_3D('',#6112,#4736,#4737);
#4039=AXIS2_PLACEMENT_3D('',#6114,#4738,#4739);
#4040=AXIS2_PLACEMENT_3D('',#6115,#4740,#4741);
#4041=AXIS2_PLACEMENT_3D('',#6116,#4742,#4743);
#4042=AXIS2_PLACEMENT_3D('',#6119,#4744,#4745);
#4043=AXIS2_PLACEMENT_3D('',#6121,#4746,#4747);
#4044=AXIS2_PLACEMENT_3D('',#6123,#4748,#4749);
#4045=AXIS2_PLACEMENT_3D('',#6124,#4750,#4751);
#4046=AXIS2_PLACEMENT_3D('',#6125,#4752,#4753);
#4047=AXIS2_PLACEMENT_3D('',#6128,#4756,#4757);
#4048=AXIS2_PLACEMENT_3D('',#6131,#4760,#4761);
#4049=AXIS2_PLACEMENT_3D('',#6134,#4762,#4763);
#4050=AXIS2_PLACEMENT_3D('',#6136,#4764,#4765);
#4051=AXIS2_PLACEMENT_3D('',#6138,#4766,#4767);
#4052=AXIS2_PLACEMENT_3D('',#6139,#4768,#4769);
#4053=AXIS2_PLACEMENT_3D('',#6140,#4770,#4771);
#4054=AXIS2_PLACEMENT_3D('',#6143,#4772,#4773);
#4055=AXIS2_PLACEMENT_3D('',#6145,#4774,#4775);
#4056=AXIS2_PLACEMENT_3D('',#6146,#4776,#4777);
#4057=AXIS2_PLACEMENT_3D('',#6147,#4778,#4779);
#4058=AXIS2_PLACEMENT_3D('',#6150,#4782,#4783);
#4059=AXIS2_PLACEMENT_3D('',#6153,#4784,#4785);
#4060=AXIS2_PLACEMENT_3D('',#6155,#4786,#4787);
#4061=AXIS2_PLACEMENT_3D('',#6157,#4788,#4789);
#4062=AXIS2_PLACEMENT_3D('',#6158,#4790,#4791);
#4063=AXIS2_PLACEMENT_3D('',#6159,#4792,#4793);
#4064=AXIS2_PLACEMENT_3D('',#6162,#4796,#4797);
#4065=AXIS2_PLACEMENT_3D('',#6165,#4800,#4801);
#4066=AXIS2_PLACEMENT_3D('',#6168,#4804,#4805);
#4067=AXIS2_PLACEMENT_3D('',#6171,#4808,#4809);
#4068=AXIS2_PLACEMENT_3D('',#6174,#4812,#4813);
#4069=AXIS2_PLACEMENT_3D('',#6177,#4816,#4817);
#4070=AXIS2_PLACEMENT_3D('',#6180,#4820,#4821);
#4071=AXIS2_PLACEMENT_3D('',#6183,#4824,#4825);
#4072=AXIS2_PLACEMENT_3D('',#6186,#4828,#4829);
#4073=AXIS2_PLACEMENT_3D('',#6189,#4832,#4833);
#4074=AXIS2_PLACEMENT_3D('',#6192,#4836,#4837);
#4075=AXIS2_PLACEMENT_3D('',#6195,#4840,#4841);
#4076=AXIS2_PLACEMENT_3D('',#6198,#4844,#4845);
#4077=AXIS2_PLACEMENT_3D('',#6201,#4848,#4849);
#4078=AXIS2_PLACEMENT_3D('',#6204,#4852,#4853);
#4079=AXIS2_PLACEMENT_3D('',#6207,#4856,#4857);
#4080=AXIS2_PLACEMENT_3D('',#6210,#4860,#4861);
#4081=AXIS2_PLACEMENT_3D('',#6213,#4864,#4865);
#4082=AXIS2_PLACEMENT_3D('',#6216,#4868,#4869);
#4083=AXIS2_PLACEMENT_3D('',#6219,#4872,#4873);
#4084=AXIS2_PLACEMENT_3D('',#6220,#4874,#4875);
#4085=AXIS2_PLACEMENT_3D('',#6221,#4876,#4877);
#4086=AXIS2_PLACEMENT_3D('',#6228,#4880,#4881);
#4087=AXIS2_PLACEMENT_3D('',#6232,#4883,#4884);
#4088=AXIS2_PLACEMENT_3D('',#6240,#4888,#4889);
#4089=AXIS2_PLACEMENT_3D('',#6244,#4891,#4892);
#4090=AXIS2_PLACEMENT_3D('',#6252,#4896,#4897);
#4091=AXIS2_PLACEMENT_3D('',#6256,#4899,#4900);
#4092=AXIS2_PLACEMENT_3D('',#6264,#4904,#4905);
#4093=AXIS2_PLACEMENT_3D('',#6268,#4907,#4908);
#4094=AXIS2_PLACEMENT_3D('',#6276,#4912,#4913);
#4095=AXIS2_PLACEMENT_3D('',#6280,#4915,#4916);
#4096=AXIS2_PLACEMENT_3D('',#6288,#4920,#4921);
#4097=AXIS2_PLACEMENT_3D('',#6292,#4923,#4924);
#4098=AXIS2_PLACEMENT_3D('',#6308,#4932,#4933);
#4099=AXIS2_PLACEMENT_3D('',#6312,#4935,#4936);
#4100=AXIS2_PLACEMENT_3D('',#6314,#4938,#4939);
#4101=AXIS2_PLACEMENT_3D('',#6315,#4940,#4941);
#4102=AXIS2_PLACEMENT_3D('',#6316,#4942,#4943);
#4103=AXIS2_PLACEMENT_3D('',#6317,#4944,#4945);
#4104=AXIS2_PLACEMENT_3D('',#6318,#4946,#4947);
#4105=AXIS2_PLACEMENT_3D('',#6319,#4948,#4949);
#4106=AXIS2_PLACEMENT_3D('',#6320,#4950,#4951);
#4107=AXIS2_PLACEMENT_3D('',#6321,#4952,#4953);
#4108=AXIS2_PLACEMENT_3D('',#6322,#4954,#4955);
#4109=AXIS2_PLACEMENT_3D('',#6323,#4956,#4957);
#4110=AXIS2_PLACEMENT_3D('',#6324,#4958,#4959);
#4111=AXIS2_PLACEMENT_3D('',#6325,#4960,#4961);
#4112=AXIS2_PLACEMENT_3D('',#6328,#4962,#4963);
#4113=AXIS2_PLACEMENT_3D('',#6329,#4964,#4965);
#4114=AXIS2_PLACEMENT_3D('',#6330,#4966,#4967);
#4115=AXIS2_PLACEMENT_3D('',#6331,#4968,#4969);
#4116=AXIS2_PLACEMENT_3D('',#6334,#4970,#4971);
#4117=AXIS2_PLACEMENT_3D('',#6335,#4972,#4973);
#4118=AXIS2_PLACEMENT_3D('',#6336,#4974,#4975);
#4119=AXIS2_PLACEMENT_3D('',#6337,#4976,#4977);
#4120=AXIS2_PLACEMENT_3D('',#6339,#4979,#4980);
#4121=AXIS2_PLACEMENT_3D('',#6342,#4981,#4982);
#4122=AXIS2_PLACEMENT_3D('',#6344,#4983,#4984);
#4123=AXIS2_PLACEMENT_3D('',#6345,#4985,#4986);
#4124=AXIS2_PLACEMENT_3D('',#6346,#4987,#4988);
#4125=AXIS2_PLACEMENT_3D('',#6349,#4991,#4992);
#4126=AXIS2_PLACEMENT_3D('',#6351,#4993,#4994);
#4127=AXIS2_PLACEMENT_3D('',#6353,#4995,#4996);
#4128=AXIS2_PLACEMENT_3D('',#6354,#4997,#4998);
#4129=AXIS2_PLACEMENT_3D('',#6355,#4999,#5000);
#4130=AXIS2_PLACEMENT_3D('',#6358,#5001,#5002);
#4131=AXIS2_PLACEMENT_3D('',#6360,#5003,#5004);
#4132=AXIS2_PLACEMENT_3D('',#6362,#5005,#5006);
#4133=AXIS2_PLACEMENT_3D('',#6363,#5007,#5008);
#4134=AXIS2_PLACEMENT_3D('',#6364,#5009,#5010);
#4135=AXIS2_PLACEMENT_3D('',#6367,#5013,#5014);
#4136=AXIS2_PLACEMENT_3D('',#6370,#5017,#5018);
#4137=AXIS2_PLACEMENT_3D('',#6373,#5019,#5020);
#4138=AXIS2_PLACEMENT_3D('',#6374,#5021,#5022);
#4139=AXIS2_PLACEMENT_3D('',#6375,#5023,#5024);
#4140=AXIS2_PLACEMENT_3D('',#6376,#5025,#5026);
#4141=AXIS2_PLACEMENT_3D('',#6378,#5028,#5029);
#4142=AXIS2_PLACEMENT_3D('',#6381,#5030,#5031);
#4143=AXIS2_PLACEMENT_3D('',#6383,#5032,#5033);
#4144=AXIS2_PLACEMENT_3D('',#6384,#5034,#5035);
#4145=AXIS2_PLACEMENT_3D('',#6385,#5036,#5037);
#4146=AXIS2_PLACEMENT_3D('',#6388,#5040,#5041);
#4147=AXIS2_PLACEMENT_3D('',#6391,#5042,#5043);
#4148=AXIS2_PLACEMENT_3D('',#6392,#5044,#5045);
#4149=AXIS2_PLACEMENT_3D('',#6393,#5046,#5047);
#4150=AXIS2_PLACEMENT_3D('',#6394,#5048,#5049);
#4151=AXIS2_PLACEMENT_3D('',#6397,#5050,#5051);
#4152=AXIS2_PLACEMENT_3D('',#6399,#5052,#5053);
#4153=AXIS2_PLACEMENT_3D('',#6401,#5054,#5055);
#4154=AXIS2_PLACEMENT_3D('',#6402,#5056,#5057);
#4155=AXIS2_PLACEMENT_3D('',#6403,#5058,#5059);
#4156=AXIS2_PLACEMENT_3D('',#6406,#5062,#5063);
#4157=AXIS2_PLACEMENT_3D('',#6409,#5066,#5067);
#4158=AXIS2_PLACEMENT_3D('',#6411,#5068,#5069);
#4159=AXIS2_PLACEMENT_3D('',#6413,#5070,#5071);
#4160=AXIS2_PLACEMENT_3D('',#6414,#5072,#5073);
#4161=AXIS2_PLACEMENT_3D('',#6415,#5074,#5075);
#4162=AXIS2_PLACEMENT_3D('',#6418,#5076,#5077);
#4163=AXIS2_PLACEMENT_3D('',#6420,#5078,#5079);
#4164=AXIS2_PLACEMENT_3D('',#6422,#5080,#5081);
#4165=AXIS2_PLACEMENT_3D('',#6423,#5082,#5083);
#4166=AXIS2_PLACEMENT_3D('',#6424,#5084,#5085);
#4167=AXIS2_PLACEMENT_3D('',#6427,#5086,#5087);
#4168=AXIS2_PLACEMENT_3D('',#6428,#5088,#5089);
#4169=AXIS2_PLACEMENT_3D('',#6429,#5090,#5091);
#4170=AXIS2_PLACEMENT_3D('',#6430,#5092,#5093);
#4171=AXIS2_PLACEMENT_3D('',#6433,#5094,#5095);
#4172=AXIS2_PLACEMENT_3D('',#6435,#5096,#5097);
#4173=AXIS2_PLACEMENT_3D('',#6436,#5098,#5099);
#4174=AXIS2_PLACEMENT_3D('',#6437,#5100,#5101);
#4175=AXIS2_PLACEMENT_3D('',#6440,#5102,#5103);
#4176=AXIS2_PLACEMENT_3D('',#6441,#5104,#5105);
#4177=AXIS2_PLACEMENT_3D('',#6442,#5106,#5107);
#4178=AXIS2_PLACEMENT_3D('',#6443,#5108,#5109);
#4179=AXIS2_PLACEMENT_3D('',#6445,#5111,#5112);
#4180=AXIS2_PLACEMENT_3D('',#6448,#5113,#5114);
#4181=AXIS2_PLACEMENT_3D('',#6450,#5115,#5116);
#4182=AXIS2_PLACEMENT_3D('',#6452,#5117,#5118);
#4183=AXIS2_PLACEMENT_3D('',#6453,#5119,#5120);
#4184=AXIS2_PLACEMENT_3D('',#6454,#5121,#5122);
#4185=AXIS2_PLACEMENT_3D('',#6457,#5123,#5124);
#4186=AXIS2_PLACEMENT_3D('',#6458,#5125,#5126);
#4187=AXIS2_PLACEMENT_3D('',#6459,#5127,#5128);
#4188=AXIS2_PLACEMENT_3D('',#6460,#5129,#5130);
#4189=AXIS2_PLACEMENT_3D('',#6463,#5131,#5132);
#4190=AXIS2_PLACEMENT_3D('',#6465,#5133,#5134);
#4191=AXIS2_PLACEMENT_3D('',#6466,#5135,#5136);
#4192=AXIS2_PLACEMENT_3D('',#6467,#5137,#5138);
#4193=AXIS2_PLACEMENT_3D('',#6470,#5139,#5140);
#4194=AXIS2_PLACEMENT_3D('',#6471,#5141,#5142);
#4195=AXIS2_PLACEMENT_3D('',#6472,#5143,#5144);
#4196=AXIS2_PLACEMENT_3D('',#6473,#5145,#5146);
#4197=AXIS2_PLACEMENT_3D('',#6475,#5148,#5149);
#4198=AXIS2_PLACEMENT_3D('',#6478,#5150,#5151);
#4199=AXIS2_PLACEMENT_3D('',#6480,#5152,#5153);
#4200=AXIS2_PLACEMENT_3D('',#6481,#5154,#5155);
#4201=AXIS2_PLACEMENT_3D('',#6482,#5156,#5157);
#4202=AXIS2_PLACEMENT_3D('',#6485,#5160,#5161);
#4203=AXIS2_PLACEMENT_3D('',#6488,#5164,#5165);
#4204=AXIS2_PLACEMENT_3D('',#6490,#5166,#5167);
#4205=AXIS2_PLACEMENT_3D('',#6492,#5168,#5169);
#4206=AXIS2_PLACEMENT_3D('',#6493,#5170,#5171);
#4207=AXIS2_PLACEMENT_3D('',#6494,#5172,#5173);
#4208=AXIS2_PLACEMENT_3D('',#6497,#5174,#5175);
#4209=AXIS2_PLACEMENT_3D('',#6499,#5176,#5177);
#4210=AXIS2_PLACEMENT_3D('',#6501,#5178,#5179);
#4211=AXIS2_PLACEMENT_3D('',#6502,#5180,#5181);
#4212=AXIS2_PLACEMENT_3D('',#6503,#5182,#5183);
#4213=AXIS2_PLACEMENT_3D('',#6506,#5186,#5187);
#4214=AXIS2_PLACEMENT_3D('',#6509,#5190,#5191);
#4215=AXIS2_PLACEMENT_3D('',#6512,#5192,#5193);
#4216=AXIS2_PLACEMENT_3D('',#6513,#5194,#5195);
#4217=AXIS2_PLACEMENT_3D('',#6514,#5196,#5197);
#4218=AXIS2_PLACEMENT_3D('',#6515,#5198,#5199);
#4219=AXIS2_PLACEMENT_3D('',#6517,#5201,#5202);
#4220=AXIS2_PLACEMENT_3D('',#6520,#5203,#5204);
#4221=AXIS2_PLACEMENT_3D('',#6522,#5205,#5206);
#4222=AXIS2_PLACEMENT_3D('',#6523,#5207,#5208);
#4223=AXIS2_PLACEMENT_3D('',#6524,#5209,#5210);
#4224=AXIS2_PLACEMENT_3D('',#6527,#5213,#5214);
#4225=AXIS2_PLACEMENT_3D('',#6530,#5215,#5216);
#4226=AXIS2_PLACEMENT_3D('',#6531,#5217,#5218);
#4227=AXIS2_PLACEMENT_3D('',#6532,#5219,#5220);
#4228=AXIS2_PLACEMENT_3D('',#6533,#5221,#5222);
#4229=AXIS2_PLACEMENT_3D('',#6536,#5223,#5224);
#4230=AXIS2_PLACEMENT_3D('',#6538,#5225,#5226);
#4231=AXIS2_PLACEMENT_3D('',#6540,#5227,#5228);
#4232=AXIS2_PLACEMENT_3D('',#6541,#5229,#5230);
#4233=AXIS2_PLACEMENT_3D('',#6542,#5231,#5232);
#4234=AXIS2_PLACEMENT_3D('',#6545,#5235,#5236);
#4235=AXIS2_PLACEMENT_3D('',#6548,#5239,#5240);
#4236=AXIS2_PLACEMENT_3D('',#6550,#5241,#5242);
#4237=AXIS2_PLACEMENT_3D('',#6552,#5243,#5244);
#4238=AXIS2_PLACEMENT_3D('',#6553,#5245,#5246);
#4239=AXIS2_PLACEMENT_3D('',#6554,#5247,#5248);
#4240=AXIS2_PLACEMENT_3D('',#6557,#5249,#5250);
#4241=AXIS2_PLACEMENT_3D('',#6559,#5251,#5252);
#4242=AXIS2_PLACEMENT_3D('',#6561,#5253,#5254);
#4243=AXIS2_PLACEMENT_3D('',#6562,#5255,#5256);
#4244=AXIS2_PLACEMENT_3D('',#6563,#5257,#5258);
#4245=AXIS2_PLACEMENT_3D('',#6566,#5259,#5260);
#4246=AXIS2_PLACEMENT_3D('',#6567,#5261,#5262);
#4247=AXIS2_PLACEMENT_3D('',#6568,#5263,#5264);
#4248=AXIS2_PLACEMENT_3D('',#6569,#5265,#5266);
#4249=AXIS2_PLACEMENT_3D('',#6572,#5267,#5268);
#4250=AXIS2_PLACEMENT_3D('',#6574,#5269,#5270);
#4251=AXIS2_PLACEMENT_3D('',#6575,#5271,#5272);
#4252=AXIS2_PLACEMENT_3D('',#6576,#5273,#5274);
#4253=AXIS2_PLACEMENT_3D('',#6579,#5275,#5276);
#4254=AXIS2_PLACEMENT_3D('',#6580,#5277,#5278);
#4255=AXIS2_PLACEMENT_3D('',#6581,#5279,#5280);
#4256=AXIS2_PLACEMENT_3D('',#6582,#5281,#5282);
#4257=AXIS2_PLACEMENT_3D('',#6584,#5284,#5285);
#4258=AXIS2_PLACEMENT_3D('',#6587,#5286,#5287);
#4259=AXIS2_PLACEMENT_3D('',#6589,#5288,#5289);
#4260=AXIS2_PLACEMENT_3D('',#6591,#5290,#5291);
#4261=AXIS2_PLACEMENT_3D('',#6592,#5292,#5293);
#4262=AXIS2_PLACEMENT_3D('',#6593,#5294,#5295);
#4263=AXIS2_PLACEMENT_3D('',#6596,#5296,#5297);
#4264=AXIS2_PLACEMENT_3D('',#6597,#5298,#5299);
#4265=AXIS2_PLACEMENT_3D('',#6598,#5300,#5301);
#4266=AXIS2_PLACEMENT_3D('',#6599,#5302,#5303);
#4267=AXIS2_PLACEMENT_3D('',#6602,#5304,#5305);
#4268=AXIS2_PLACEMENT_3D('',#6604,#5306,#5307);
#4269=AXIS2_PLACEMENT_3D('',#6605,#5308,#5309);
#4270=AXIS2_PLACEMENT_3D('',#6606,#5310,#5311);
#4271=AXIS2_PLACEMENT_3D('',#6609,#5314,#5315);
#4272=AXIS2_PLACEMENT_3D('',#6612,#5316,#5317);
#4273=AXIS2_PLACEMENT_3D('',#6613,#5318,#5319);
#4274=AXIS2_PLACEMENT_3D('',#6614,#5320,#5321);
#4275=AXIS2_PLACEMENT_3D('',#6615,#5322,#5323);
#4276=AXIS2_PLACEMENT_3D('',#6617,#5325,#5326);
#4277=AXIS2_PLACEMENT_3D('',#6620,#5327,#5328);
#4278=AXIS2_PLACEMENT_3D('',#6622,#5329,#5330);
#4279=AXIS2_PLACEMENT_3D('',#6623,#5331,#5332);
#4280=AXIS2_PLACEMENT_3D('',#6624,#5333,#5334);
#4281=AXIS2_PLACEMENT_3D('',#6627,#5337,#5338);
#4282=AXIS2_PLACEMENT_3D('',#6629,#5339,#5340);
#4283=AXIS2_PLACEMENT_3D('',#6631,#5341,#5342);
#4284=AXIS2_PLACEMENT_3D('',#6632,#5343,#5344);
#4285=AXIS2_PLACEMENT_3D('',#6633,#5345,#5346);
#4286=AXIS2_PLACEMENT_3D('',#6636,#5347,#5348);
#4287=AXIS2_PLACEMENT_3D('',#6638,#5349,#5350);
#4288=AXIS2_PLACEMENT_3D('',#6640,#5351,#5352);
#4289=AXIS2_PLACEMENT_3D('',#6641,#5353,#5354);
#4290=AXIS2_PLACEMENT_3D('',#6642,#5355,#5356);
#4291=AXIS2_PLACEMENT_3D('',#6645,#5359,#5360);
#4292=AXIS2_PLACEMENT_3D('',#6648,#5363,#5364);
#4293=AXIS2_PLACEMENT_3D('',#6651,#5365,#5366);
#4294=AXIS2_PLACEMENT_3D('',#6652,#5367,#5368);
#4295=AXIS2_PLACEMENT_3D('',#6653,#5369,#5370);
#4296=AXIS2_PLACEMENT_3D('',#6654,#5371,#5372);
#4297=AXIS2_PLACEMENT_3D('',#6656,#5374,#5375);
#4298=AXIS2_PLACEMENT_3D('',#6659,#5376,#5377);
#4299=AXIS2_PLACEMENT_3D('',#6661,#5378,#5379);
#4300=AXIS2_PLACEMENT_3D('',#6662,#5380,#5381);
#4301=AXIS2_PLACEMENT_3D('',#6663,#5382,#5383);
#4302=AXIS2_PLACEMENT_3D('',#6666,#5386,#5387);
#4303=AXIS2_PLACEMENT_3D('',#6668,#5388,#5389);
#4304=AXIS2_PLACEMENT_3D('',#6670,#5390,#5391);
#4305=AXIS2_PLACEMENT_3D('',#6671,#5392,#5393);
#4306=AXIS2_PLACEMENT_3D('',#6672,#5394,#5395);
#4307=AXIS2_PLACEMENT_3D('',#6675,#5396,#5397);
#4308=AXIS2_PLACEMENT_3D('',#6677,#5398,#5399);
#4309=AXIS2_PLACEMENT_3D('',#6679,#5400,#5401);
#4310=AXIS2_PLACEMENT_3D('',#6680,#5402,#5403);
#4311=AXIS2_PLACEMENT_3D('',#6681,#5404,#5405);
#4312=AXIS2_PLACEMENT_3D('',#6684,#5408,#5409);
#4313=AXIS2_PLACEMENT_3D('',#6687,#5412,#5413);
#4314=AXIS2_PLACEMENT_3D('',#6689,#5414,#5415);
#4315=AXIS2_PLACEMENT_3D('',#6691,#5416,#5417);
#4316=AXIS2_PLACEMENT_3D('',#6692,#5418,#5419);
#4317=AXIS2_PLACEMENT_3D('',#6693,#5420,#5421);
#4318=AXIS2_PLACEMENT_3D('',#6696,#5422,#5423);
#4319=AXIS2_PLACEMENT_3D('',#6698,#5424,#5425);
#4320=AXIS2_PLACEMENT_3D('',#6699,#5426,#5427);
#4321=AXIS2_PLACEMENT_3D('',#6700,#5428,#5429);
#4322=AXIS2_PLACEMENT_3D('',#6702,#5430,#5431);
#4323=AXIS2_PLACEMENT_3D('',#6704,#5432,#5433);
#4324=AXIS2_PLACEMENT_3D('',#6705,#5434,#5435);
#4325=AXIS2_PLACEMENT_3D('',#6706,#5436,#5437);
#4326=AXIS2_PLACEMENT_3D('',#6709,#5438,#5439);
#4327=AXIS2_PLACEMENT_3D('',#6711,#5440,#5441);
#4328=AXIS2_PLACEMENT_3D('',#6712,#5442,#5443);
#4329=AXIS2_PLACEMENT_3D('',#6713,#5444,#5445);
#4330=AXIS2_PLACEMENT_3D('',#6716,#5446,#5447);
#4331=AXIS2_PLACEMENT_3D('',#6717,#5448,#5449);
#4332=AXIS2_PLACEMENT_3D('',#6718,#5450,#5451);
#4333=AXIS2_PLACEMENT_3D('',#6719,#5452,#5453);
#4334=AXIS2_PLACEMENT_3D('',#6721,#5455,#5456);
#4335=AXIS2_PLACEMENT_3D('',#6724,#5457,#5458);
#4336=AXIS2_PLACEMENT_3D('',#6726,#5459,#5460);
#4337=AXIS2_PLACEMENT_3D('',#6727,#5461,#5462);
#4338=AXIS2_PLACEMENT_3D('',#6728,#5463,#5464);
#4339=AXIS2_PLACEMENT_3D('',#6731,#5465,#5466);
#4340=AXIS2_PLACEMENT_3D('',#6732,#5467,#5468);
#4341=AXIS2_PLACEMENT_3D('',#6733,#5469,#5470);
#4342=AXIS2_PLACEMENT_3D('',#6734,#5471,#5472);
#4343=AXIS2_PLACEMENT_3D('',#6737,#5473,#5474);
#4344=AXIS2_PLACEMENT_3D('',#6739,#5475,#5476);
#4345=AXIS2_PLACEMENT_3D('',#6740,#5477,#5478);
#4346=AXIS2_PLACEMENT_3D('',#6741,#5479,#5480);
#4347=AXIS2_PLACEMENT_3D('',#6744,#5483,#5484);
#4348=AXIS2_PLACEMENT_3D('',#6747,#5485,#5486);
#4349=AXIS2_PLACEMENT_3D('',#6748,#5487,#5488);
#4350=AXIS2_PLACEMENT_3D('',#6749,#5489,#5490);
#4351=AXIS2_PLACEMENT_3D('',#6750,#5491,#5492);
#4352=AXIS2_PLACEMENT_3D('',#6752,#5494,#5495);
#4353=AXIS2_PLACEMENT_3D('',#6755,#5496,#5497);
#4354=AXIS2_PLACEMENT_3D('',#6757,#5498,#5499);
#4355=AXIS2_PLACEMENT_3D('',#6758,#5500,#5501);
#4356=AXIS2_PLACEMENT_3D('',#6759,#5502,#5503);
#4357=AXIS2_PLACEMENT_3D('',#6762,#5506,#5507);
#4358=AXIS2_PLACEMENT_3D('',#6765,#5510,#5511);
#4359=AXIS2_PLACEMENT_3D('',#6767,#5512,#5513);
#4360=AXIS2_PLACEMENT_3D('',#6769,#5514,#5515);
#4361=AXIS2_PLACEMENT_3D('',#6770,#5516,#5517);
#4362=AXIS2_PLACEMENT_3D('',#6771,#5518,#5519);
#4363=AXIS2_PLACEMENT_3D('',#6774,#5520,#5521);
#4364=AXIS2_PLACEMENT_3D('',#6776,#5522,#5523);
#4365=AXIS2_PLACEMENT_3D('',#6778,#5524,#5525);
#4366=AXIS2_PLACEMENT_3D('',#6779,#5526,#5527);
#4367=AXIS2_PLACEMENT_3D('',#6780,#5528,#5529);
#4368=AXIS2_PLACEMENT_3D('',#6783,#5532,#5533);
#4369=AXIS2_PLACEMENT_3D('',#6786,#5536,#5537);
#4370=AXIS2_PLACEMENT_3D('',#6789,#5538,#5539);
#4371=AXIS2_PLACEMENT_3D('',#6790,#5540,#5541);
#4372=AXIS2_PLACEMENT_3D('',#6791,#5542,#5543);
#4373=AXIS2_PLACEMENT_3D('',#6792,#5544,#5545);
#4374=AXIS2_PLACEMENT_3D('',#6794,#5547,#5548);
#4375=AXIS2_PLACEMENT_3D('',#6797,#5549,#5550);
#4376=AXIS2_PLACEMENT_3D('',#6799,#5551,#5552);
#4377=AXIS2_PLACEMENT_3D('',#6800,#5553,#5554);
#4378=AXIS2_PLACEMENT_3D('',#6801,#5555,#5556);
#4379=AXIS2_PLACEMENT_3D('',#6804,#5559,#5560);
#4380=AXIS2_PLACEMENT_3D('',#6807,#5561,#5562);
#4381=AXIS2_PLACEMENT_3D('',#6808,#5563,#5564);
#4382=AXIS2_PLACEMENT_3D('',#6809,#5565,#5566);
#4383=AXIS2_PLACEMENT_3D('',#6810,#5567,#5568);
#4384=AXIS2_PLACEMENT_3D('',#6813,#5569,#5570);
#4385=AXIS2_PLACEMENT_3D('',#6815,#5571,#5572);
#4386=AXIS2_PLACEMENT_3D('',#6817,#5573,#5574);
#4387=AXIS2_PLACEMENT_3D('',#6818,#5575,#5576);
#4388=AXIS2_PLACEMENT_3D('',#6819,#5577,#5578);
#4389=AXIS2_PLACEMENT_3D('',#6822,#5581,#5582);
#4390=AXIS2_PLACEMENT_3D('',#6825,#5585,#5586);
#4391=AXIS2_PLACEMENT_3D('',#6827,#5587,#5588);
#4392=AXIS2_PLACEMENT_3D('',#6829,#5589,#5590);
#4393=AXIS2_PLACEMENT_3D('',#6830,#5591,#5592);
#4394=AXIS2_PLACEMENT_3D('',#6831,#5593,#5594);
#4395=AXIS2_PLACEMENT_3D('',#6834,#5595,#5596);
#4396=AXIS2_PLACEMENT_3D('',#6836,#5597,#5598);
#4397=AXIS2_PLACEMENT_3D('',#6838,#5599,#5600);
#4398=AXIS2_PLACEMENT_3D('',#6839,#5601,#5602);
#4399=AXIS2_PLACEMENT_3D('',#6840,#5603,#5604);
#4400=AXIS2_PLACEMENT_3D('',#6843,#5605,#5606);
#4401=AXIS2_PLACEMENT_3D('',#6844,#5607,#5608);
#4402=AXIS2_PLACEMENT_3D('',#6845,#5609,#5610);
#4403=AXIS2_PLACEMENT_3D('',#6846,#5611,#5612);
#4404=AXIS2_PLACEMENT_3D('',#6849,#5613,#5614);
#4405=AXIS2_PLACEMENT_3D('',#6851,#5615,#5616);
#4406=AXIS2_PLACEMENT_3D('',#6852,#5617,#5618);
#4407=AXIS2_PLACEMENT_3D('',#6853,#5619,#5620);
#4408=AXIS2_PLACEMENT_3D('',#6856,#5621,#5622);
#4409=AXIS2_PLACEMENT_3D('',#6857,#5623,#5624);
#4410=AXIS2_PLACEMENT_3D('',#6858,#5625,#5626);
#4411=AXIS2_PLACEMENT_3D('',#6859,#5627,#5628);
#4412=AXIS2_PLACEMENT_3D('',#6861,#5630,#5631);
#4413=AXIS2_PLACEMENT_3D('',#6863,#5633,#5634);
#4414=AXIS2_PLACEMENT_3D('',#6866,#5635,#5636);
#4415=AXIS2_PLACEMENT_3D('',#6868,#5637,#5638);
#4416=AXIS2_PLACEMENT_3D('',#6870,#5639,#5640);
#4417=AXIS2_PLACEMENT_3D('',#6871,#5641,#5642);
#4418=AXIS2_PLACEMENT_3D('',#6872,#5643,#5644);
#4419=AXIS2_PLACEMENT_3D('',#6875,#5645,#5646);
#4420=AXIS2_PLACEMENT_3D('',#6877,#5647,#5648);
#4421=AXIS2_PLACEMENT_3D('',#6878,#5649,#5650);
#4422=AXIS2_PLACEMENT_3D('',#6879,#5651,#5652);
#4423=AXIS2_PLACEMENT_3D('',#6882,#5655,#5656);
#4424=AXIS2_PLACEMENT_3D('',#6885,#5659,#5660);
#4425=AXIS2_PLACEMENT_3D('',#6888,#5663,#5664);
#4426=AXIS2_PLACEMENT_3D('',#6891,#5667,#5668);
#4427=AXIS2_PLACEMENT_3D('',#6894,#5671,#5672);
#4428=AXIS2_PLACEMENT_3D('',#6897,#5675,#5676);
#4429=AXIS2_PLACEMENT_3D('',#6900,#5679,#5680);
#4430=AXIS2_PLACEMENT_3D('',#6902,#5682,#5683);
#4431=AXIS2_PLACEMENT_3D('',#6905,#5686,#5687);
#4432=AXIS2_PLACEMENT_3D('',#6908,#5690,#5691);
#4433=AXIS2_PLACEMENT_3D('',#6910,#5693,#5694);
#4434=AXIS2_PLACEMENT_3D('',#6912,#5696,#5697);
#4435=AXIS2_PLACEMENT_3D('',#6915,#5700,#5701);
#4436=AXIS2_PLACEMENT_3D('',#6917,#5703,#5704);
#4437=AXIS2_PLACEMENT_3D('',#6920,#5707,#5708);
#4438=AXIS2_PLACEMENT_3D('',#6922,#5710,#5711);
#4439=AXIS2_PLACEMENT_3D('',#6925,#5714,#5715);
#4440=AXIS2_PLACEMENT_3D('',#6928,#5718,#5719);
#4441=AXIS2_PLACEMENT_3D('',#6931,#5722,#5723);
#4442=AXIS2_PLACEMENT_3D('',#6934,#5726,#5727);
#4443=AXIS2_PLACEMENT_3D('',#6936,#5729,#5730);
#4444=AXIS2_PLACEMENT_3D('',#6939,#5733,#5734);
#4445=AXIS2_PLACEMENT_3D('',#6942,#5737,#5738);
#4446=AXIS2_PLACEMENT_3D('',#6944,#5740,#5741);
#4447=AXIS2_PLACEMENT_3D('',#6946,#5743,#5744);
#4448=AXIS2_PLACEMENT_3D('',#6949,#5747,#5748);
#4449=AXIS2_PLACEMENT_3D('',#6951,#5750,#5751);
#4450=AXIS2_PLACEMENT_3D('',#6954,#5754,#5755);
#4451=AXIS2_PLACEMENT_3D('',#6957,#5758,#5759);
#4452=AXIS2_PLACEMENT_3D('',#6959,#5761,#5762);
#4453=AXIS2_PLACEMENT_3D('',#6962,#5765,#5766);
#4454=AXIS2_PLACEMENT_3D('',#6965,#5769,#5770);
#4455=AXIS2_PLACEMENT_3D('',#6968,#5773,#5774);
#4456=AXIS2_PLACEMENT_3D('',#6971,#5777,#5778);
#4457=AXIS2_PLACEMENT_3D('',#6973,#5780,#5781);
#4458=AXIS2_PLACEMENT_3D('',#6976,#5784,#5785);
#4459=AXIS2_PLACEMENT_3D('',#6979,#5788,#5789);
#4460=AXIS2_PLACEMENT_3D('',#6981,#5791,#5792);
#4461=AXIS2_PLACEMENT_3D('',#6983,#5794,#5795);
#4462=AXIS2_PLACEMENT_3D('',#6986,#5798,#5799);
#4463=AXIS2_PLACEMENT_3D('',#6988,#5801,#5802);
#4464=AXIS2_PLACEMENT_3D('',#6991,#5805,#5806);
#4465=AXIS2_PLACEMENT_3D('',#6994,#5809,#5810);
#4466=AXIS2_PLACEMENT_3D('',#6996,#5812,#5813);
#4467=AXIS2_PLACEMENT_3D('',#6999,#5816,#5817);
#4468=AXIS2_PLACEMENT_3D('',#7002,#5820,#5821);
#4469=AXIS2_PLACEMENT_3D('',#7005,#5824,#5825);
#4470=AXIS2_PLACEMENT_3D('',#7008,#5828,#5829);
#4471=AXIS2_PLACEMENT_3D('',#7010,#5831,#5832);
#4472=AXIS2_PLACEMENT_3D('',#7013,#5835,#5836);
#4473=AXIS2_PLACEMENT_3D('',#7016,#5839,#5840);
#4474=AXIS2_PLACEMENT_3D('',#7018,#5842,#5843);
#4475=AXIS2_PLACEMENT_3D('',#7020,#5845,#5846);
#4476=AXIS2_PLACEMENT_3D('',#7023,#5849,#5850);
#4477=AXIS2_PLACEMENT_3D('',#7025,#5852,#5853);
#4478=AXIS2_PLACEMENT_3D('',#7026,#5854,#5855);
#4479=AXIS2_PLACEMENT_3D('',#7027,#5856,#5857);
#4480=AXIS2_PLACEMENT_3D('',#7028,#5858,#5859);
#4481=AXIS2_PLACEMENT_3D('',#7029,#5860,#5861);
#4482=AXIS2_PLACEMENT_3D('',#7030,#5862,#5863);
#4483=AXIS2_PLACEMENT_3D('',#7031,#5864,#5865);
#4484=AXIS2_PLACEMENT_3D('',#7032,#5866,#5867);
#4485=AXIS2_PLACEMENT_3D('',#7033,#5868,#5869);
#4486=AXIS2_PLACEMENT_3D('',#7034,#5870,#5871);
#4487=AXIS2_PLACEMENT_3D('',#7035,#5872,#5873);
#4488=AXIS2_PLACEMENT_3D('',#7036,#5874,#5875);
#4489=AXIS2_PLACEMENT_3D('',#7037,#5876,#5877);
#4490=AXIS2_PLACEMENT_3D('',#7038,#5878,#5879);
#4491=AXIS2_PLACEMENT_3D('',#7039,#5880,#5881);
#4492=AXIS2_PLACEMENT_3D('',#7040,#5882,#5883);
#4493=AXIS2_PLACEMENT_3D('',#7041,#5884,#5885);
#4494=AXIS2_PLACEMENT_3D('',#7042,#5886,#5887);
#4495=AXIS2_PLACEMENT_3D('',#7043,#5888,#5889);
#4496=AXIS2_PLACEMENT_3D('',#7044,#5890,#5891);
#4497=AXIS2_PLACEMENT_3D('',#7045,#5892,#5893);
#4498=AXIS2_PLACEMENT_3D('',#7046,#5894,#5895);
#4499=AXIS2_PLACEMENT_3D('',#7047,#5896,#5897);
#4500=AXIS2_PLACEMENT_3D('',#7048,#5898,#5899);
#4501=AXIS2_PLACEMENT_3D('',#7049,#5900,#5901);
#4502=AXIS2_PLACEMENT_3D('',#7050,#5902,#5903);
#4503=AXIS2_PLACEMENT_3D('',#7051,#5904,#5905);
#4504=AXIS2_PLACEMENT_3D('',#7052,#5906,#5907);
#4505=AXIS2_PLACEMENT_3D('',#7053,#5908,#5909);
#4506=AXIS2_PLACEMENT_3D('',#7054,#5910,#5911);
#4507=AXIS2_PLACEMENT_3D('',#7055,#5912,#5913);
#4508=AXIS2_PLACEMENT_3D('',#7056,#5914,#5915);
#4509=AXIS2_PLACEMENT_3D('',#7057,#5916,#5917);
#4510=DIRECTION('axis',(0.,0.,1.));
#4511=DIRECTION('refdir',(1.,0.,0.));
#4512=DIRECTION('center_axis',(0.408248290463862,-0.408248290463858,-0.816496580927729));
#4513=DIRECTION('ref_axis',(-0.577350269189629,0.577350269189624,-0.577350269189624));
#4514=DIRECTION('center_axis',(-1.,0.,0.));
#4515=DIRECTION('ref_axis',(0.,0.,-1.));
#4516=DIRECTION('center_axis',(0.,1.,0.));
#4517=DIRECTION('ref_axis',(-1.,0.,0.));
#4518=DIRECTION('center_axis',(0.,0.,-1.));
#4519=DIRECTION('ref_axis',(0.,1.,0.));
#4520=DIRECTION('center_axis',(0.,0.,-1.));
#4521=DIRECTION('ref_axis',(-1.,0.,0.));
#4522=DIRECTION('center_axis',(0.,0.,-1.));
#4523=DIRECTION('ref_axis',(-0.707106781186548,0.707106781186547,0.));
#4524=DIRECTION('center_axis',(-1.,0.,0.));
#4525=DIRECTION('ref_axis',(0.,-1.,0.));
#4526=DIRECTION('center_axis',(0.,0.,1.));
#4527=DIRECTION('ref_axis',(-1.,0.,0.));
#4528=DIRECTION('center_axis',(0.,1.,0.));
#4529=DIRECTION('ref_axis',(0.,0.,1.));
#4530=DIRECTION('center_axis',(0.408248290463864,0.408248290463863,-0.816496580927726));
#4531=DIRECTION('ref_axis',(-0.577350269189626,-0.577350269189627,-0.577350269189624));
#4532=DIRECTION('center_axis',(0.,0.,-1.));
#4533=DIRECTION('ref_axis',(-1.,0.,0.));
#4534=DIRECTION('center_axis',(0.,-1.,0.));
#4535=DIRECTION('ref_axis',(0.,0.,-1.));
#4536=DIRECTION('center_axis',(-1.,0.,0.));
#4537=DIRECTION('ref_axis',(0.,-1.,0.));
#4538=DIRECTION('center_axis',(0.,1.,0.));
#4539=DIRECTION('ref_axis',(-0.707106781186549,0.,-0.707106781186546));
#4540=DIRECTION('',(0.,-1.,0.));
#4541=DIRECTION('',(0.,1.,0.));
#4542=DIRECTION('center_axis',(0.,-1.,0.));
#4543=DIRECTION('ref_axis',(0.,0.,-1.));
#4544=DIRECTION('center_axis',(0.,0.,-1.));
#4545=DIRECTION('ref_axis',(-1.,0.,0.));
#4546=DIRECTION('center_axis',(0.,-1.,0.));
#4547=DIRECTION('ref_axis',(0.,0.,1.));
#4548=DIRECTION('center_axis',(-1.,0.,0.));
#4549=DIRECTION('ref_axis',(0.,1.,0.));
#4550=DIRECTION('center_axis',(0.,1.,0.));
#4551=DIRECTION('ref_axis',(0.707106781186548,0.,0.707106781186548));
#4552=DIRECTION('center_axis',(0.,0.,-1.));
#4553=DIRECTION('ref_axis',(-1.,0.,0.));
#4554=DIRECTION('center_axis',(0.,0.,-1.));
#4555=DIRECTION('ref_axis',(-0.707106781186547,-0.707106781186548,0.));
#4556=DIRECTION('center_axis',(0.,-1.,0.));
#4557=DIRECTION('ref_axis',(1.,0.,0.));
#4558=DIRECTION('center_axis',(0.,0.,1.));
#4559=DIRECTION('ref_axis',(0.,-1.,0.));
#4560=DIRECTION('center_axis',(-1.,0.,0.));
#4561=DIRECTION('ref_axis',(0.,0.,1.));
#4562=DIRECTION('center_axis',(0.,1.,0.));
#4563=DIRECTION('ref_axis',(0.707106781186546,0.,0.707106781186549));
#4564=DIRECTION('',(0.,-1.,0.));
#4565=DIRECTION('',(0.,1.,0.));
#4566=DIRECTION('center_axis',(0.,0.,1.));
#4567=DIRECTION('ref_axis',(-0.707106781186546,-0.707106781186549,0.));
#4568=DIRECTION('',(0.,0.,-1.));
#4569=DIRECTION('',(0.,0.,1.));
#4570=DIRECTION('center_axis',(0.,0.,-1.));
#4571=DIRECTION('ref_axis',(-1.,0.,0.));
#4572=DIRECTION('center_axis',(0.,0.,-1.));
#4573=DIRECTION('ref_axis',(0.707106781186549,0.707106781186546,0.));
#4574=DIRECTION('center_axis',(0.,1.,0.));
#4575=DIRECTION('ref_axis',(-1.,0.,0.));
#4576=DIRECTION('center_axis',(0.,0.,1.));
#4577=DIRECTION('ref_axis',(0.,1.,0.));
#4578=DIRECTION('center_axis',(1.,0.,0.));
#4579=DIRECTION('ref_axis',(0.,0.,1.));
#4580=DIRECTION('center_axis',(0.,1.,0.));
#4581=DIRECTION('ref_axis',(0.,0.,1.));
#4582=DIRECTION('center_axis',(-1.,0.,0.));
#4583=DIRECTION('ref_axis',(0.,0.,-1.));
#4584=DIRECTION('center_axis',(0.,1.,0.));
#4585=DIRECTION('ref_axis',(1.,0.,0.));
#4586=DIRECTION('center_axis',(0.,0.,-1.));
#4587=DIRECTION('ref_axis',(0.,-1.,0.));
#4588=DIRECTION('center_axis',(0.,-1.,0.));
#4589=DIRECTION('ref_axis',(0.707106781186548,0.,0.707106781186548));
#4590=DIRECTION('center_axis',(0.,1.,0.));
#4591=DIRECTION('ref_axis',(0.707106781186548,0.,0.707106781186548));
#4592=DIRECTION('',(0.,-1.,0.));
#4593=DIRECTION('',(0.,1.,0.));
#4594=DIRECTION('center_axis',(-0.408248290463852,-0.816496580927733,-0.408248290463859));
#4595=DIRECTION('ref_axis',(-0.577350269189612,0.577350269189619,-0.577350269189647));
#4596=DIRECTION('center_axis',(-1.,0.,0.));
#4597=DIRECTION('ref_axis',(0.,0.,-1.));
#4598=DIRECTION('center_axis',(0.,1.,0.));
#4599=DIRECTION('ref_axis',(-1.,0.,0.));
#4600=DIRECTION('center_axis',(-1.77635683940026E-14,0.,-1.));
#4601=DIRECTION('ref_axis',(0.,1.,0.));
#4602=DIRECTION('center_axis',(0.,0.,1.));
#4603=DIRECTION('ref_axis',(1.,0.,0.));
#4604=DIRECTION('center_axis',(0.,0.,1.));
#4605=DIRECTION('ref_axis',(1.,0.,0.));
#4606=DIRECTION('center_axis',(0.,-1.,0.));
#4607=DIRECTION('ref_axis',(0.,0.,1.));
#4608=DIRECTION('center_axis',(0.,0.,-1.));
#4609=DIRECTION('ref_axis',(0.707106781186547,-0.707106781186547,0.));
#4610=DIRECTION('center_axis',(1.,0.,0.));
#4611=DIRECTION('ref_axis',(0.,1.,0.));
#4612=DIRECTION('center_axis',(0.,1.,0.));
#4613=DIRECTION('ref_axis',(-0.707106781186548,0.,0.707106781186548));
#4614=DIRECTION('',(0.,-1.,0.));
#4615=DIRECTION('',(0.,1.,0.));
#4616=DIRECTION('center_axis',(-1.,0.,0.));
#4617=DIRECTION('ref_axis',(0.,0.707106781186549,0.707106781186546));
#4618=DIRECTION('',(1.,0.,0.));
#4619=DIRECTION('',(-1.,0.,0.));
#4620=DIRECTION('center_axis',(0.,-1.,0.));
#4621=DIRECTION('ref_axis',(0.,0.,-1.));
#4622=DIRECTION('center_axis',(0.,0.,1.));
#4623=DIRECTION('ref_axis',(1.,0.,0.));
#4624=DIRECTION('center_axis',(0.,-1.,0.));
#4625=DIRECTION('ref_axis',(0.,0.,-1.));
#4626=DIRECTION('center_axis',(1.,0.,0.));
#4627=DIRECTION('ref_axis',(0.,1.,0.));
#4628=DIRECTION('center_axis',(0.,1.,0.));
#4629=DIRECTION('ref_axis',(-0.707106781186549,0.,-0.707106781186546));
#4630=DIRECTION('center_axis',(0.408248290463856,-0.816496580927733,0.408248290463856));
#4631=DIRECTION('ref_axis',(-0.577350269189619,-0.577350269189619,-0.57735026918964));
#4632=DIRECTION('center_axis',(0.,1.77635683940025E-14,-1.));
#4633=DIRECTION('ref_axis',(-1.,0.,0.));
#4634=DIRECTION('center_axis',(0.,-1.,0.));
#4635=DIRECTION('ref_axis',(0.,0.,-1.));
#4636=DIRECTION('center_axis',(-1.,0.,0.));
#4637=DIRECTION('ref_axis',(0.,-1.,0.));
#4638=DIRECTION('center_axis',(0.,1.,0.));
#4639=DIRECTION('ref_axis',(-0.707106781186541,0.,-0.707106781186554));
#4640=DIRECTION('',(0.,-1.,0.));
#4641=DIRECTION('',(0.,1.,0.));
#4642=DIRECTION('center_axis',(0.408248290463863,-0.816496580927726,-0.408248290463863));
#4643=DIRECTION('ref_axis',(0.577350269189621,0.577350269189635,-0.577350269189621));
#4644=DIRECTION('center_axis',(0.,0.,-1.));
#4645=DIRECTION('ref_axis',(1.,0.,0.));
#4646=DIRECTION('center_axis',(0.,1.,0.));
#4647=DIRECTION('ref_axis',(0.,0.,-1.));
#4648=DIRECTION('center_axis',(1.,0.,1.77635683940026E-14));
#4649=DIRECTION('ref_axis',(0.,1.,0.));
#4650=DIRECTION('center_axis',(0.,1.,0.));
#4651=DIRECTION('ref_axis',(0.,0.,1.));
#4652=DIRECTION('center_axis',(1.,0.,0.));
#4653=DIRECTION('ref_axis',(0.,0.,1.));
#4654=DIRECTION('center_axis',(0.,1.,0.));
#4655=DIRECTION('ref_axis',(-1.,0.,0.));
#4656=DIRECTION('center_axis',(0.,0.,1.));
#4657=DIRECTION('ref_axis',(0.,-1.,0.));
#4658=DIRECTION('center_axis',(0.,-1.,0.));
#4659=DIRECTION('ref_axis',(-0.707106781186549,0.,-0.707106781186546));
#4660=DIRECTION('center_axis',(0.,1.,0.));
#4661=DIRECTION('ref_axis',(-0.707106781186549,0.,-0.707106781186546));
#4662=DIRECTION('',(0.,-1.,0.));
#4663=DIRECTION('',(0.,1.,0.));
#4664=DIRECTION('center_axis',(0.,0.,-1.));
#4665=DIRECTION('ref_axis',(0.707106781186546,-0.707106781186549,0.));
#4666=DIRECTION('',(0.,0.,1.));
#4667=DIRECTION('',(0.,0.,-1.));
#4668=DIRECTION('center_axis',(0.408248290463863,-0.816496580927726,0.408248290463863));
#4669=DIRECTION('ref_axis',(0.577350269189626,0.577350269189626,0.577350269189626));
#4670=DIRECTION('center_axis',(1.,0.,0.));
#4671=DIRECTION('ref_axis',(0.,0.,1.));
#4672=DIRECTION('center_axis',(0.,1.,0.));
#4673=DIRECTION('ref_axis',(1.,0.,0.));
#4674=DIRECTION('center_axis',(0.,0.,1.));
#4675=DIRECTION('ref_axis',(0.,1.,0.));
#4676=DIRECTION('center_axis',(-0.408248290463867,-0.816496580927723,0.408248290463867));
#4677=DIRECTION('ref_axis',(0.577350269189609,-0.577350269189631,-0.577350269189638));
#4678=DIRECTION('center_axis',(1.,0.,0.));
#4679=DIRECTION('ref_axis',(0.,0.,-1.));
#4680=DIRECTION('center_axis',(0.,-1.,0.));
#4681=DIRECTION('ref_axis',(1.,0.,0.));
#4682=DIRECTION('center_axis',(0.,0.,-1.));
#4683=DIRECTION('ref_axis',(0.,-1.,0.));
#4684=DIRECTION('center_axis',(0.,1.,0.));
#4685=DIRECTION('ref_axis',(0.707106781186548,0.,-0.707106781186548));
#4686=DIRECTION('',(0.,-1.,0.));
#4687=DIRECTION('',(0.,1.,0.));
#4688=DIRECTION('center_axis',(0.408248290463863,-0.816496580927726,0.408248290463863));
#4689=DIRECTION('ref_axis',(0.577350269189626,0.577350269189626,0.577350269189626));
#4690=DIRECTION('center_axis',(1.,0.,0.));
#4691=DIRECTION('ref_axis',(0.,0.,1.));
#4692=DIRECTION('center_axis',(0.,1.,0.));
#4693=DIRECTION('ref_axis',(1.,0.,0.));
#4694=DIRECTION('center_axis',(0.,0.,1.));
#4695=DIRECTION('ref_axis',(0.,1.,0.));
#4696=DIRECTION('center_axis',(-0.816496580927728,-0.408248290463861,0.408248290463861));
#4697=DIRECTION('ref_axis',(0.577350269189625,-0.577350269189628,0.577350269189625));
#4698=DIRECTION('center_axis',(0.,0.,1.));
#4699=DIRECTION('ref_axis',(1.,0.,0.));
#4700=DIRECTION('center_axis',(0.,-1.,0.));
#4701=DIRECTION('ref_axis',(0.,0.,1.));
#4702=DIRECTION('center_axis',(1.,0.,0.));
#4703=DIRECTION('ref_axis',(0.,-1.,0.));
#4704=DIRECTION('center_axis',(0.,1.,0.));
#4705=DIRECTION('ref_axis',(0.707106781186548,0.,0.707106781186548));
#4706=DIRECTION('',(0.,-1.,0.));
#4707=DIRECTION('',(0.,1.,0.));
#4708=DIRECTION('center_axis',(1.,0.,0.));
#4709=DIRECTION('ref_axis',(0.,-0.707106781186551,0.707106781186544));
#4710=DIRECTION('',(-1.,0.,0.));
#4711=DIRECTION('',(1.,0.,0.));
#4712=DIRECTION('center_axis',(0.,-1.,0.));
#4713=DIRECTION('ref_axis',(0.,0.,-1.));
#4714=DIRECTION('center_axis',(0.,0.,1.));
#4715=DIRECTION('ref_axis',(1.,0.,0.));
#4716=DIRECTION('center_axis',(0.,-1.,0.));
#4717=DIRECTION('ref_axis',(0.,0.,-1.));
#4718=DIRECTION('center_axis',(1.,0.,0.));
#4719=DIRECTION('ref_axis',(0.,1.,0.));
#4720=DIRECTION('center_axis',(0.,1.,0.));
#4721=DIRECTION('ref_axis',(-0.707106781186548,0.,-0.707106781186548));
#4722=DIRECTION('center_axis',(0.408248290463864,-0.40824829046386,-0.816496580927727));
#4723=DIRECTION('ref_axis',(0.577350269189626,-0.577350269189626,0.577350269189626));
#4724=DIRECTION('center_axis',(0.,0.,1.));
#4725=DIRECTION('ref_axis',(1.,0.,0.));
#4726=DIRECTION('center_axis',(0.,-1.,0.));
#4727=DIRECTION('ref_axis',(0.,0.,1.));
#4728=DIRECTION('center_axis',(1.,0.,1.77635683940026E-14));
#4729=DIRECTION('ref_axis',(0.,-1.,0.));
#4730=DIRECTION('center_axis',(0.,1.,0.));
#4731=DIRECTION('ref_axis',(0.707106781186541,0.,0.707106781186554));
#4732=DIRECTION('',(0.,-1.,0.));
#4733=DIRECTION('',(0.,1.,0.));
#4734=DIRECTION('center_axis',(-0.408248290463863,-0.816496580927726,0.408248290463863));
#4735=DIRECTION('ref_axis',(-0.577350269189626,0.577350269189626,0.577350269189626));
#4736=DIRECTION('center_axis',(0.,0.,1.));
#4737=DIRECTION('ref_axis',(-1.,0.,0.));
#4738=DIRECTION('center_axis',(0.,1.,0.));
#4739=DIRECTION('ref_axis',(0.,0.,1.));
#4740=DIRECTION('center_axis',(-1.,0.,0.));
#4741=DIRECTION('ref_axis',(0.,1.,0.));
#4742=DIRECTION('center_axis',(0.,1.,0.));
#4743=DIRECTION('ref_axis',(0.,0.,1.));
#4744=DIRECTION('center_axis',(1.,0.,0.));
#4745=DIRECTION('ref_axis',(0.,0.,1.));
#4746=DIRECTION('center_axis',(0.,1.,0.));
#4747=DIRECTION('ref_axis',(-1.,0.,0.));
#4748=DIRECTION('center_axis',(0.,0.,1.));
#4749=DIRECTION('ref_axis',(0.,-1.,0.));
#4750=DIRECTION('center_axis',(0.,-1.,0.));
#4751=DIRECTION('ref_axis',(-0.707106781186541,0.,-0.707106781186554));
#4752=DIRECTION('center_axis',(0.,1.,0.));
#4753=DIRECTION('ref_axis',(-0.707106781186554,0.,-0.707106781186541));
#4754=DIRECTION('',(0.,-1.,0.));
#4755=DIRECTION('',(0.,1.,0.));
#4756=DIRECTION('center_axis',(0.,0.,-1.));
#4757=DIRECTION('ref_axis',(0.707106781186544,-0.707106781186551,0.));
#4758=DIRECTION('',(0.,0.,1.));
#4759=DIRECTION('',(0.,0.,-1.));
#4760=DIRECTION('center_axis',(0.,-1.,0.));
#4761=DIRECTION('ref_axis',(0.,0.,-1.));
#4762=DIRECTION('center_axis',(-1.,0.,0.));
#4763=DIRECTION('ref_axis',(0.,0.,1.));
#4764=DIRECTION('center_axis',(0.,-1.,0.));
#4765=DIRECTION('ref_axis',(1.,0.,0.));
#4766=DIRECTION('center_axis',(0.,0.,1.));
#4767=DIRECTION('ref_axis',(0.,1.,0.));
#4768=DIRECTION('center_axis',(0.,1.,0.));
#4769=DIRECTION('ref_axis',(0.707106781186541,0.,-0.707106781186554));
#4770=DIRECTION('center_axis',(-0.816496580927725,0.408248290463866,-0.408248290463862));
#4771=DIRECTION('ref_axis',(-0.577350269189625,-0.577350269189628,0.577350269189625));
#4772=DIRECTION('center_axis',(-1.,0.,0.));
#4773=DIRECTION('ref_axis',(0.,0.,1.));
#4774=DIRECTION('center_axis',(0.,-1.,0.));
#4775=DIRECTION('ref_axis',(-1.,0.,0.));
#4776=DIRECTION('center_axis',(0.,0.,1.));
#4777=DIRECTION('ref_axis',(0.,-1.,0.));
#4778=DIRECTION('center_axis',(0.,1.,0.));
#4779=DIRECTION('ref_axis',(-0.707106781186554,0.,0.707106781186541));
#4780=DIRECTION('',(0.,-1.,0.));
#4781=DIRECTION('',(0.,1.,0.));
#4782=DIRECTION('center_axis',(0.,1.,0.));
#4783=DIRECTION('ref_axis',(0.,0.,1.));
#4784=DIRECTION('center_axis',(0.,0.,1.));
#4785=DIRECTION('ref_axis',(-1.,0.,0.));
#4786=DIRECTION('center_axis',(0.,1.,0.));
#4787=DIRECTION('ref_axis',(0.,0.,-1.));
#4788=DIRECTION('center_axis',(-1.,0.,0.));
#4789=DIRECTION('ref_axis',(0.,-1.,0.));
#4790=DIRECTION('center_axis',(0.,-1.,0.));
#4791=DIRECTION('ref_axis',(0.707106781186541,0.,-0.707106781186554));
#4792=DIRECTION('center_axis',(0.,1.,0.));
#4793=DIRECTION('ref_axis',(0.707106781186548,0.,-0.707106781186548));
#4794=DIRECTION('',(0.,-1.,0.));
#4795=DIRECTION('',(0.,1.,0.));
#4796=DIRECTION('center_axis',(1.,0.,0.));
#4797=DIRECTION('ref_axis',(0.,-0.707106781186557,0.707106781186538));
#4798=DIRECTION('',(-1.,0.,0.));
#4799=DIRECTION('',(1.,0.,0.));
#4800=DIRECTION('center_axis',(0.,0.,1.));
#4801=DIRECTION('ref_axis',(-0.707106781186551,-0.707106781186544,0.));
#4802=DIRECTION('',(0.,0.,-1.));
#4803=DIRECTION('',(0.,0.,1.));
#4804=DIRECTION('center_axis',(1.,0.,0.));
#4805=DIRECTION('ref_axis',(0.,-0.707106781186551,0.707106781186544));
#4806=DIRECTION('',(-1.,0.,0.));
#4807=DIRECTION('',(1.,0.,0.));
#4808=DIRECTION('center_axis',(0.,0.,1.));
#4809=DIRECTION('ref_axis',(-0.707106781186554,0.707106781186541,0.));
#4810=DIRECTION('',(0.,0.,-1.));
#4811=DIRECTION('',(0.,0.,1.));
#4812=DIRECTION('center_axis',(1.,0.,0.));
#4813=DIRECTION('ref_axis',(0.,0.707106781186554,0.707106781186541));
#4814=DIRECTION('',(-1.,0.,0.));
#4815=DIRECTION('',(1.,0.,0.));
#4816=DIRECTION('center_axis',(1.,0.,0.));
#4817=DIRECTION('ref_axis',(0.,0.707106781186548,0.707106781186548));
#4818=DIRECTION('',(-1.,0.,0.));
#4819=DIRECTION('',(1.,0.,0.));
#4820=DIRECTION('center_axis',(-2.3373116307898E-16,0.,-1.));
#4821=DIRECTION('ref_axis',(0.707106781186538,-0.707106781186557,0.));
#4822=DIRECTION('',(2.3373116307898E-16,0.,1.));
#4823=DIRECTION('',(-2.3373116307898E-16,0.,-1.));
#4824=DIRECTION('center_axis',(0.,0.,-1.));
#4825=DIRECTION('ref_axis',(0.707106781186548,0.707106781186548,0.));
#4826=DIRECTION('',(0.,0.,1.));
#4827=DIRECTION('',(0.,0.,-1.));
#4828=DIRECTION('center_axis',(-2.3373116307898E-16,0.,-1.));
#4829=DIRECTION('ref_axis',(0.707106781186541,0.707106781186554,0.));
#4830=DIRECTION('',(2.3373116307898E-16,0.,1.));
#4831=DIRECTION('',(-2.3373116307898E-16,0.,-1.));
#4832=DIRECTION('center_axis',(-1.,0.,0.));
#4833=DIRECTION('ref_axis',(0.,-0.707106781186557,-0.707106781186538));
#4834=DIRECTION('',(1.,0.,0.));
#4835=DIRECTION('',(-1.,0.,0.));
#4836=DIRECTION('center_axis',(1.,0.,0.));
#4837=DIRECTION('ref_axis',(0.,0.707106781186548,0.707106781186548));
#4838=DIRECTION('',(-1.,0.,0.));
#4839=DIRECTION('',(1.,0.,0.));
#4840=DIRECTION('center_axis',(-1.,0.,0.));
#4841=DIRECTION('ref_axis',(0.,0.707106781186554,-0.707106781186541));
#4842=DIRECTION('',(1.,0.,0.));
#4843=DIRECTION('',(-1.,0.,0.));
#4844=DIRECTION('center_axis',(0.,0.,1.));
#4845=DIRECTION('ref_axis',(-0.707106781186544,-0.707106781186551,0.));
#4846=DIRECTION('',(0.,0.,-1.));
#4847=DIRECTION('',(0.,0.,1.));
#4848=DIRECTION('center_axis',(0.,0.,-1.));
#4849=DIRECTION('ref_axis',(0.707106781186549,0.707106781186546,0.));
#4850=DIRECTION('',(0.,0.,1.));
#4851=DIRECTION('',(0.,0.,-1.));
#4852=DIRECTION('center_axis',(0.,0.,1.));
#4853=DIRECTION('ref_axis',(-0.707106781186548,0.707106781186548,0.));
#4854=DIRECTION('',(0.,0.,-1.));
#4855=DIRECTION('',(0.,0.,1.));
#4856=DIRECTION('center_axis',(-1.,0.,0.));
#4857=DIRECTION('ref_axis',(0.,-0.707106781186551,-0.707106781186544));
#4858=DIRECTION('',(1.,0.,0.));
#4859=DIRECTION('',(-1.,0.,0.));
#4860=DIRECTION('center_axis',(1.,0.,0.));
#4861=DIRECTION('ref_axis',(0.,-0.70710678118654,0.707106781186555));
#4862=DIRECTION('',(-1.,0.,0.));
#4863=DIRECTION('',(1.,0.,0.));
#4864=DIRECTION('center_axis',(-1.,0.,0.));
#4865=DIRECTION('ref_axis',(0.,0.707106781186548,-0.707106781186548));
#4866=DIRECTION('',(1.,0.,0.));
#4867=DIRECTION('',(-1.,0.,0.));
#4868=DIRECTION('center_axis',(0.,0.,1.));
#4869=DIRECTION('ref_axis',(-0.707106781186549,0.707106781186546,0.));
#4870=DIRECTION('',(0.,0.,-1.));
#4871=DIRECTION('',(0.,0.,1.));
#4872=DIRECTION('center_axis',(-1.,0.,0.));
#4873=DIRECTION('ref_axis',(0.,0.,1.));
#4874=DIRECTION('center_axis',(0.,0.,-1.));
#4875=DIRECTION('ref_axis',(-1.,0.,0.));
#4876=DIRECTION('center_axis',(0.,0.,-1.));
#4877=DIRECTION('ref_axis',(-1.,0.,0.));
#4878=DIRECTION('',(0.,-1.,0.));
#4879=DIRECTION('',(-1.,0.,0.));
#4880=DIRECTION('center_axis',(0.,0.,-1.));
#4881=DIRECTION('ref_axis',(0.707106781186549,-0.707106781186546,0.));
#4882=DIRECTION('',(0.,-1.,0.));
#4883=DIRECTION('center_axis',(0.,0.,-1.));
#4884=DIRECTION('ref_axis',(0.707106781186548,0.707106781186547,0.));
#4885=DIRECTION('',(1.,0.,0.));
#4886=DIRECTION('',(0.,-1.,0.));
#4887=DIRECTION('',(-1.,0.,0.));
#4888=DIRECTION('center_axis',(0.,0.,-1.));
#4889=DIRECTION('ref_axis',(0.707106781186548,-0.707106781186547,0.));
#4890=DIRECTION('',(0.,-1.,0.));
#4891=DIRECTION('center_axis',(0.,0.,-1.));
#4892=DIRECTION('ref_axis',(0.707106781186547,0.707106781186548,0.));
#4893=DIRECTION('',(1.,0.,0.));
#4894=DIRECTION('',(0.,-1.,0.));
#4895=DIRECTION('',(-1.,0.,0.));
#4896=DIRECTION('center_axis',(0.,0.,-1.));
#4897=DIRECTION('ref_axis',(0.707106781186549,-0.707106781186546,0.));
#4898=DIRECTION('',(0.,-1.,0.));
#4899=DIRECTION('center_axis',(0.,0.,-1.));
#4900=DIRECTION('ref_axis',(0.70710678118655,0.707106781186545,0.));
#4901=DIRECTION('',(1.,0.,0.));
#4902=DIRECTION('',(0.,-1.,0.));
#4903=DIRECTION('',(-1.,0.,0.));
#4904=DIRECTION('center_axis',(0.,0.,-1.));
#4905=DIRECTION('ref_axis',(0.707106781186549,-0.707106781186546,0.));
#4906=DIRECTION('',(0.,-1.,0.));
#4907=DIRECTION('center_axis',(0.,0.,-1.));
#4908=DIRECTION('ref_axis',(0.707106781186542,0.707106781186553,0.));
#4909=DIRECTION('',(1.,0.,0.));
#4910=DIRECTION('',(0.,-1.,0.));
#4911=DIRECTION('',(-1.,0.,0.));
#4912=DIRECTION('center_axis',(0.,0.,-1.));
#4913=DIRECTION('ref_axis',(0.707106781186549,-0.707106781186546,0.));
#4914=DIRECTION('',(0.,-1.,0.));
#4915=DIRECTION('center_axis',(0.,0.,-1.));
#4916=DIRECTION('ref_axis',(0.707106781186542,0.707106781186553,0.));
#4917=DIRECTION('',(1.,0.,0.));
#4918=DIRECTION('',(0.,-1.,0.));
#4919=DIRECTION('',(-1.,0.,0.));
#4920=DIRECTION('center_axis',(0.,0.,-1.));
#4921=DIRECTION('ref_axis',(0.707106781186543,-0.707106781186552,0.));
#4922=DIRECTION('',(0.,-1.,0.));
#4923=DIRECTION('center_axis',(0.,0.,-1.));
#4924=DIRECTION('ref_axis',(0.707106781186542,0.707106781186553,0.));
#4925=DIRECTION('',(1.,0.,0.));
#4926=DIRECTION('',(0.,-1.,0.));
#4927=DIRECTION('',(-1.,0.,0.));
#4928=DIRECTION('',(0.,1.,0.));
#4929=DIRECTION('',(1.,0.,0.));
#4930=DIRECTION('',(0.,-1.,0.));
#4931=DIRECTION('',(-1.,0.,0.));
#4932=DIRECTION('center_axis',(0.,0.,-1.));
#4933=DIRECTION('ref_axis',(0.707106781186549,-0.707106781186546,0.));
#4934=DIRECTION('',(0.,-1.,0.));
#4935=DIRECTION('center_axis',(0.,0.,-1.));
#4936=DIRECTION('ref_axis',(0.707106781186542,0.707106781186553,0.));
#4937=DIRECTION('',(1.,0.,0.));
#4938=DIRECTION('center_axis',(-1.,0.,0.));
#4939=DIRECTION('ref_axis',(0.,0.,1.));
#4940=DIRECTION('center_axis',(1.,0.,0.));
#4941=DIRECTION('ref_axis',(0.,0.,-1.));
#4942=DIRECTION('center_axis',(0.,0.,-1.));
#4943=DIRECTION('ref_axis',(-1.,0.,0.));
#4944=DIRECTION('center_axis',(0.,0.,1.));
#4945=DIRECTION('ref_axis',(1.,0.,0.));
#4946=DIRECTION('center_axis',(1.,0.,-2.3373116307898E-16));
#4947=DIRECTION('ref_axis',(-2.3373116307898E-16,0.,-1.));
#4948=DIRECTION('center_axis',(1.,0.,0.));
#4949=DIRECTION('ref_axis',(0.,0.,-1.));
#4950=DIRECTION('center_axis',(0.,1.,0.));
#4951=DIRECTION('ref_axis',(0.,0.,1.));
#4952=DIRECTION('center_axis',(0.,0.,1.));
#4953=DIRECTION('ref_axis',(1.,0.,0.));
#4954=DIRECTION('center_axis',(0.,1.,0.));
#4955=DIRECTION('ref_axis',(1.,0.,0.));
#4956=DIRECTION('center_axis',(-1.,0.,0.));
#4957=DIRECTION('ref_axis',(0.,0.,1.));
#4958=DIRECTION('center_axis',(0.,0.,1.));
#4959=DIRECTION('ref_axis',(1.,0.,0.));
#4960=DIRECTION('center_axis',(0.408248290463861,-0.816496580927722,0.408248290463872));
#4961=DIRECTION('ref_axis',(-0.577350269189623,-0.577350269189623,-0.577350269189632));
#4962=DIRECTION('center_axis',(0.,0.,-1.));
#4963=DIRECTION('ref_axis',(-1.,0.,0.));
#4964=DIRECTION('center_axis',(0.,-1.,0.));
#4965=DIRECTION('ref_axis',(0.,0.,-1.));
#4966=DIRECTION('center_axis',(-1.,0.,1.77635683940025E-14));
#4967=DIRECTION('ref_axis',(0.,-1.,0.));
#4968=DIRECTION('center_axis',(0.,0.,1.));
#4969=DIRECTION('ref_axis',(1.,0.,0.));
#4970=DIRECTION('center_axis',(0.,0.,1.));
#4971=DIRECTION('ref_axis',(0.,1.,0.));
#4972=DIRECTION('center_axis',(-1.,0.,0.));
#4973=DIRECTION('ref_axis',(0.,0.,-1.));
#4974=DIRECTION('center_axis',(0.,-1.,0.));
#4975=DIRECTION('ref_axis',(-1.,0.,0.));
#4976=DIRECTION('center_axis',(-1.,0.,0.));
#4977=DIRECTION('ref_axis',(0.,-0.70710678118654,-0.707106781186555));
#4978=DIRECTION('',(-1.,0.,0.));
#4979=DIRECTION('center_axis',(-0.408248290463863,-0.408248290463849,-0.816496580927733));
#4980=DIRECTION('ref_axis',(-0.577350269189637,-0.577350269189623,0.577350269189618));
#4981=DIRECTION('center_axis',(0.,-1.,0.));
#4982=DIRECTION('ref_axis',(-1.,0.,0.));
#4983=DIRECTION('center_axis',(0.,0.,1.));
#4984=DIRECTION('ref_axis',(0.,-1.,0.));
#4985=DIRECTION('center_axis',(-1.,-1.77635683940026E-14,0.));
#4986=DIRECTION('ref_axis',(0.,0.,1.));
#4987=DIRECTION('center_axis',(0.,0.,1.));
#4988=DIRECTION('ref_axis',(-0.70710678118656,-0.707106781186535,0.));
#4989=DIRECTION('',(0.,0.,-1.));
#4990=DIRECTION('',(0.,0.,1.));
#4991=DIRECTION('center_axis',(-0.408248290463863,-0.816496580927725,-0.408248290463865));
#4992=DIRECTION('ref_axis',(-0.577350269189625,0.577350269189625,-0.577350269189628));
#4993=DIRECTION('center_axis',(0.,1.,0.));
#4994=DIRECTION('ref_axis',(-1.,0.,0.));
#4995=DIRECTION('center_axis',(0.,0.,-1.));
#4996=DIRECTION('ref_axis',(0.,1.,0.));
#4997=DIRECTION('center_axis',(-1.,0.,0.));
#4998=DIRECTION('ref_axis',(0.,0.,-1.));
#4999=DIRECTION('center_axis',(0.,0.,1.));
#5000=DIRECTION('ref_axis',(1.,0.,0.));
#5001=DIRECTION('center_axis',(0.,0.,1.));
#5002=DIRECTION('ref_axis',(0.707106781186542,0.707106781186553,0.));
#5003=DIRECTION('center_axis',(-1.,0.,0.));
#5004=DIRECTION('ref_axis',(0.,-1.,0.));
#5005=DIRECTION('center_axis',(0.,1.11022302462514E-15,-1.));
#5006=DIRECTION('ref_axis',(1.,0.,0.));
#5007=DIRECTION('center_axis',(0.,-1.,0.));
#5008=DIRECTION('ref_axis',(0.,0.,1.));
#5009=DIRECTION('center_axis',(1.,0.,0.));
#5010=DIRECTION('ref_axis',(0.,-0.70710678118654,0.707106781186555));
#5011=DIRECTION('',(-1.,0.,0.));
#5012=DIRECTION('',(1.,0.,0.));
#5013=DIRECTION('center_axis',(0.,0.,1.));
#5014=DIRECTION('ref_axis',(0.707106781186541,0.707106781186554,0.));
#5015=DIRECTION('',(0.,0.,-1.));
#5016=DIRECTION('',(0.,0.,1.));
#5017=DIRECTION('center_axis',(0.,0.,1.));
#5018=DIRECTION('ref_axis',(1.,0.,0.));
#5019=DIRECTION('center_axis',(0.,0.,1.));
#5020=DIRECTION('ref_axis',(1.,0.,0.));
#5021=DIRECTION('center_axis',(0.,1.,0.));
#5022=DIRECTION('ref_axis',(0.,0.,-1.));
#5023=DIRECTION('center_axis',(-1.,0.,0.));
#5024=DIRECTION('ref_axis',(0.,1.,0.));
#5025=DIRECTION('center_axis',(0.,1.,0.));
#5026=DIRECTION('ref_axis',(-0.707106781186548,0.,-0.707106781186548));
#5027=DIRECTION('',(0.,1.,0.));
#5028=DIRECTION('center_axis',(-0.408248290463862,-0.816496580927725,0.408248290463866));
#5029=DIRECTION('ref_axis',(-0.577350269189624,0.577350269189624,0.577350269189629));
#5030=DIRECTION('center_axis',(0.,0.,1.));
#5031=DIRECTION('ref_axis',(-1.,0.,0.));
#5032=DIRECTION('center_axis',(0.,1.,0.));
#5033=DIRECTION('ref_axis',(0.,0.,1.));
#5034=DIRECTION('center_axis',(-1.,0.,0.));
#5035=DIRECTION('ref_axis',(0.,1.,0.));
#5036=DIRECTION('center_axis',(0.,-1.,0.));
#5037=DIRECTION('ref_axis',(-0.70710678118654,0.,0.707106781186555));
#5038=DIRECTION('',(0.,1.,0.));
#5039=DIRECTION('',(0.,-1.,0.));
#5040=DIRECTION('center_axis',(0.,0.,1.));
#5041=DIRECTION('ref_axis',(1.,0.,0.));
#5042=DIRECTION('center_axis',(0.,0.,1.));
#5043=DIRECTION('ref_axis',(1.,0.,0.));
#5044=DIRECTION('center_axis',(0.,1.,0.));
#5045=DIRECTION('ref_axis',(0.,0.,-1.));
#5046=DIRECTION('center_axis',(-1.,0.,0.));
#5047=DIRECTION('ref_axis',(0.,1.,0.));
#5048=DIRECTION('center_axis',(0.,0.,1.));
#5049=DIRECTION('ref_axis',(1.,0.,0.));
#5050=DIRECTION('center_axis',(0.,0.,1.));
#5051=DIRECTION('ref_axis',(0.707106781186548,-0.707106781186547,0.));
#5052=DIRECTION('center_axis',(0.,1.,0.));
#5053=DIRECTION('ref_axis',(-1.,0.,0.));
#5054=DIRECTION('center_axis',(-1.11022302462516E-15,0.,-1.));
#5055=DIRECTION('ref_axis',(0.,-1.,0.));
#5056=DIRECTION('center_axis',(-1.,0.,0.));
#5057=DIRECTION('ref_axis',(0.,0.,1.));
#5058=DIRECTION('center_axis',(0.,-1.,0.));
#5059=DIRECTION('ref_axis',(-0.707106781186548,0.,0.707106781186548));
#5060=DIRECTION('',(0.,1.,0.));
#5061=DIRECTION('',(0.,-1.,0.));
#5062=DIRECTION('center_axis',(0.,0.,1.));
#5063=DIRECTION('ref_axis',(0.707106781186555,-0.70710678118654,0.));
#5064=DIRECTION('',(0.,0.,-1.));
#5065=DIRECTION('',(0.,0.,1.));
#5066=DIRECTION('center_axis',(-0.408248290463863,-0.816496580927725,-0.408248290463865));
#5067=DIRECTION('ref_axis',(-0.577350269189625,0.577350269189625,-0.577350269189628));
#5068=DIRECTION('center_axis',(0.,1.,0.));
#5069=DIRECTION('ref_axis',(-1.,0.,0.));
#5070=DIRECTION('center_axis',(0.,0.,-1.));
#5071=DIRECTION('ref_axis',(0.,1.,0.));
#5072=DIRECTION('center_axis',(-1.,0.,0.));
#5073=DIRECTION('ref_axis',(0.,0.,-1.));
#5074=DIRECTION('center_axis',(0.,0.,1.));
#5075=DIRECTION('ref_axis',(1.,0.,0.));
#5076=DIRECTION('center_axis',(0.,0.,1.));
#5077=DIRECTION('ref_axis',(0.707106781186548,-0.707106781186547,0.));
#5078=DIRECTION('center_axis',(0.,1.,0.));
#5079=DIRECTION('ref_axis',(-1.,0.,0.));
#5080=DIRECTION('center_axis',(-1.11022302462516E-15,0.,-1.));
#5081=DIRECTION('ref_axis',(0.,-1.,0.));
#5082=DIRECTION('center_axis',(-1.,0.,0.));
#5083=DIRECTION('ref_axis',(0.,0.,1.));
#5084=DIRECTION('center_axis',(0.,0.,1.));
#5085=DIRECTION('ref_axis',(1.,0.,0.));
#5086=DIRECTION('center_axis',(0.,0.,1.));
#5087=DIRECTION('ref_axis',(0.,1.,0.));
#5088=DIRECTION('center_axis',(-1.,0.,0.));
#5089=DIRECTION('ref_axis',(0.,0.,-1.));
#5090=DIRECTION('center_axis',(0.,-1.,0.));
#5091=DIRECTION('ref_axis',(-1.,0.,0.));
#5092=DIRECTION('center_axis',(-0.408248290463858,-0.81649658092773,0.408248290463861));
#5093=DIRECTION('ref_axis',(-0.577350269189624,0.577350269189624,0.577350269189629));
#5094=DIRECTION('center_axis',(0.,0.,1.));
#5095=DIRECTION('ref_axis',(-1.,0.,0.));
#5096=DIRECTION('center_axis',(0.,1.,0.));
#5097=DIRECTION('ref_axis',(0.,0.,1.));
#5098=DIRECTION('center_axis',(-1.,0.,0.));
#5099=DIRECTION('ref_axis',(0.,1.,0.));
#5100=DIRECTION('center_axis',(0.408248290463859,-0.816496580927725,0.40824829046387));
#5101=DIRECTION('ref_axis',(-0.577350269189621,-0.577350269189628,-0.577350269189629));
#5102=DIRECTION('center_axis',(0.,0.,-1.));
#5103=DIRECTION('ref_axis',(-1.,0.,0.));
#5104=DIRECTION('center_axis',(0.,-1.,0.));
#5105=DIRECTION('ref_axis',(0.,0.,-1.));
#5106=DIRECTION('center_axis',(-1.,0.,1.77635683940025E-14));
#5107=DIRECTION('ref_axis',(0.,-1.,0.));
#5108=DIRECTION('center_axis',(0.,1.,0.));
#5109=DIRECTION('ref_axis',(-0.70710678118654,0.,-0.707106781186555));
#5110=DIRECTION('',(0.,1.,0.));
#5111=DIRECTION('center_axis',(0.,0.,1.));
#5112=DIRECTION('ref_axis',(1.,0.,0.));
#5113=DIRECTION('center_axis',(0.,0.,1.));
#5114=DIRECTION('ref_axis',(0.707106781186542,0.707106781186553,0.));
#5115=DIRECTION('center_axis',(-1.,0.,0.));
#5116=DIRECTION('ref_axis',(0.,-1.,0.));
#5117=DIRECTION('center_axis',(0.,1.11022302462514E-15,-1.));
#5118=DIRECTION('ref_axis',(1.,0.,0.));
#5119=DIRECTION('center_axis',(0.,-1.,0.));
#5120=DIRECTION('ref_axis',(0.,0.,1.));
#5121=DIRECTION('center_axis',(-0.816496580927733,0.408248290463859,0.408248290463852));
#5122=DIRECTION('ref_axis',(-0.577350269189615,-0.577350269189629,-0.577350269189634));
#5123=DIRECTION('center_axis',(0.,0.,-1.));
#5124=DIRECTION('ref_axis',(-1.,0.,0.));
#5125=DIRECTION('center_axis',(0.,-1.,0.));
#5126=DIRECTION('ref_axis',(0.,0.,-1.));
#5127=DIRECTION('center_axis',(-1.,0.,1.77635683940025E-14));
#5128=DIRECTION('ref_axis',(0.,-1.,0.));
#5129=DIRECTION('center_axis',(0.408248290463859,-0.816496580927725,-0.408248290463869));
#5130=DIRECTION('ref_axis',(-0.577350269189621,-0.577350269189628,0.577350269189629));
#5131=DIRECTION('center_axis',(0.,0.,1.));
#5132=DIRECTION('ref_axis',(0.,-1.,0.));
#5133=DIRECTION('center_axis',(-1.,-1.77635683940026E-14,0.));
#5134=DIRECTION('ref_axis',(0.,0.,1.));
#5135=DIRECTION('center_axis',(0.,-1.,0.));
#5136=DIRECTION('ref_axis',(-1.,0.,0.));
#5137=DIRECTION('center_axis',(0.,0.,1.));
#5138=DIRECTION('ref_axis',(1.,0.,0.));
#5139=DIRECTION('center_axis',(0.,0.,1.));
#5140=DIRECTION('ref_axis',(0.,1.,0.));
#5141=DIRECTION('center_axis',(-1.,0.,0.));
#5142=DIRECTION('ref_axis',(0.,0.,-1.));
#5143=DIRECTION('center_axis',(0.,-1.,0.));
#5144=DIRECTION('ref_axis',(-1.,0.,0.));
#5145=DIRECTION('center_axis',(-1.,0.,0.));
#5146=DIRECTION('ref_axis',(0.,-0.707106781186546,-0.707106781186549));
#5147=DIRECTION('',(-1.,0.,0.));
#5148=DIRECTION('center_axis',(-0.408248290463855,-0.408248290463855,-0.816496580927734));
#5149=DIRECTION('ref_axis',(-0.577350269189635,-0.57735026918962,0.577350269189623));
#5150=DIRECTION('center_axis',(0.,-1.,0.));
#5151=DIRECTION('ref_axis',(-1.,0.,0.));
#5152=DIRECTION('center_axis',(0.,0.,1.));
#5153=DIRECTION('ref_axis',(0.,-1.,0.));
#5154=DIRECTION('center_axis',(-1.,-1.77635683940023E-14,0.));
#5155=DIRECTION('ref_axis',(0.,0.,1.));
#5156=DIRECTION('center_axis',(0.,0.,1.));
#5157=DIRECTION('ref_axis',(-0.707106781186548,-0.707106781186548,0.));
#5158=DIRECTION('',(0.,0.,-1.));
#5159=DIRECTION('',(0.,0.,1.));
#5160=DIRECTION('center_axis',(1.,0.,0.));
#5161=DIRECTION('ref_axis',(0.,-0.707106781186553,0.707106781186543));
#5162=DIRECTION('',(-1.,0.,0.));
#5163=DIRECTION('',(1.,0.,0.));
#5164=DIRECTION('center_axis',(-0.816496580927734,-0.408248290463853,0.408248290463857));
#5165=DIRECTION('ref_axis',(-0.577350269189613,0.577350269189642,-0.577350269189622));
#5166=DIRECTION('center_axis',(0.,1.,0.));
#5167=DIRECTION('ref_axis',(-1.,0.,0.));
#5168=DIRECTION('center_axis',(0.,0.,-1.));
#5169=DIRECTION('ref_axis',(0.,1.,0.));
#5170=DIRECTION('center_axis',(-1.,0.,0.));
#5171=DIRECTION('ref_axis',(0.,0.,-1.));
#5172=DIRECTION('center_axis',(0.,0.,1.));
#5173=DIRECTION('ref_axis',(1.,0.,0.));
#5174=DIRECTION('center_axis',(0.,0.,1.));
#5175=DIRECTION('ref_axis',(0.70710678118655,0.707106781186545,0.));
#5176=DIRECTION('center_axis',(-1.,0.,0.));
#5177=DIRECTION('ref_axis',(0.,-1.,0.));
#5178=DIRECTION('center_axis',(0.,1.11022302462516E-15,-1.));
#5179=DIRECTION('ref_axis',(1.,0.,0.));
#5180=DIRECTION('center_axis',(0.,-1.,0.));
#5181=DIRECTION('ref_axis',(0.,0.,1.));
#5182=DIRECTION('center_axis',(1.,0.,0.));
#5183=DIRECTION('ref_axis',(0.,-0.707106781186546,0.707106781186549));
#5184=DIRECTION('',(-1.,0.,0.));
#5185=DIRECTION('',(1.,0.,0.));
#5186=DIRECTION('center_axis',(0.,0.,1.));
#5187=DIRECTION('ref_axis',(0.707106781186551,0.707106781186544,0.));
#5188=DIRECTION('',(0.,0.,-1.));
#5189=DIRECTION('',(0.,0.,1.));
#5190=DIRECTION('center_axis',(0.,0.,1.));
#5191=DIRECTION('ref_axis',(1.,0.,0.));
#5192=DIRECTION('center_axis',(0.,0.,1.));
#5193=DIRECTION('ref_axis',(1.,0.,0.));
#5194=DIRECTION('center_axis',(0.,1.,0.));
#5195=DIRECTION('ref_axis',(0.,0.,-1.));
#5196=DIRECTION('center_axis',(-1.,0.,0.));
#5197=DIRECTION('ref_axis',(0.,1.,0.));
#5198=DIRECTION('center_axis',(0.,1.,0.));
#5199=DIRECTION('ref_axis',(-0.707106781186548,0.,-0.707106781186548));
#5200=DIRECTION('',(0.,1.,0.));
#5201=DIRECTION('center_axis',(-0.816496580927732,-0.408248290463859,-0.408248290463856));
#5202=DIRECTION('ref_axis',(-0.577350269189625,0.577350269189625,0.577350269189627));
#5203=DIRECTION('center_axis',(0.,0.,1.));
#5204=DIRECTION('ref_axis',(-1.,0.,0.));
#5205=DIRECTION('center_axis',(0.,1.,0.));
#5206=DIRECTION('ref_axis',(0.,0.,1.));
#5207=DIRECTION('center_axis',(-1.,0.,0.));
#5208=DIRECTION('ref_axis',(0.,1.,0.));
#5209=DIRECTION('center_axis',(0.,-1.,0.));
#5210=DIRECTION('ref_axis',(-0.70710678118654,0.,0.707106781186555));
#5211=DIRECTION('',(0.,1.,0.));
#5212=DIRECTION('',(0.,-1.,0.));
#5213=DIRECTION('center_axis',(0.,0.,1.));
#5214=DIRECTION('ref_axis',(1.,0.,0.));
#5215=DIRECTION('center_axis',(0.,0.,1.));
#5216=DIRECTION('ref_axis',(1.,0.,0.));
#5217=DIRECTION('center_axis',(0.,1.,0.));
#5218=DIRECTION('ref_axis',(0.,0.,-1.));
#5219=DIRECTION('center_axis',(-1.,0.,0.));
#5220=DIRECTION('ref_axis',(0.,1.,0.));
#5221=DIRECTION('center_axis',(0.,0.,1.));
#5222=DIRECTION('ref_axis',(1.,0.,0.));
#5223=DIRECTION('center_axis',(0.,0.,1.));
#5224=DIRECTION('ref_axis',(0.707106781186548,-0.707106781186547,0.));
#5225=DIRECTION('center_axis',(0.,1.,0.));
#5226=DIRECTION('ref_axis',(-1.,0.,0.));
#5227=DIRECTION('center_axis',(-1.11022302462516E-15,0.,-1.));
#5228=DIRECTION('ref_axis',(0.,-1.,0.));
#5229=DIRECTION('center_axis',(-1.,0.,0.));
#5230=DIRECTION('ref_axis',(0.,0.,1.));
#5231=DIRECTION('center_axis',(0.,-1.,0.));
#5232=DIRECTION('ref_axis',(-0.707106781186548,0.,0.707106781186548));
#5233=DIRECTION('',(0.,1.,0.));
#5234=DIRECTION('',(0.,-1.,0.));
#5235=DIRECTION('center_axis',(0.,0.,1.));
#5236=DIRECTION('ref_axis',(0.707106781186549,-0.707106781186546,0.));
#5237=DIRECTION('',(0.,0.,-1.));
#5238=DIRECTION('',(0.,0.,1.));
#5239=DIRECTION('center_axis',(-0.40824829046386,-0.816496580927728,-0.408248290463862));
#5240=DIRECTION('ref_axis',(-0.577350269189625,0.577350269189625,-0.577350269189628));
#5241=DIRECTION('center_axis',(0.,1.,0.));
#5242=DIRECTION('ref_axis',(-1.,0.,0.));
#5243=DIRECTION('center_axis',(0.,0.,-1.));
#5244=DIRECTION('ref_axis',(0.,1.,0.));
#5245=DIRECTION('center_axis',(-1.,0.,0.));
#5246=DIRECTION('ref_axis',(0.,0.,-1.));
#5247=DIRECTION('center_axis',(0.,0.,1.));
#5248=DIRECTION('ref_axis',(1.,0.,0.));
#5249=DIRECTION('center_axis',(0.,0.,1.));
#5250=DIRECTION('ref_axis',(0.707106781186542,-0.707106781186553,0.));
#5251=DIRECTION('center_axis',(0.,1.,0.));
#5252=DIRECTION('ref_axis',(-1.,0.,0.));
#5253=DIRECTION('center_axis',(-1.11022302462516E-15,0.,-1.));
#5254=DIRECTION('ref_axis',(0.,-1.,0.));
#5255=DIRECTION('center_axis',(-1.,0.,0.));
#5256=DIRECTION('ref_axis',(0.,0.,1.));
#5257=DIRECTION('center_axis',(0.,0.,1.));
#5258=DIRECTION('ref_axis',(1.,0.,0.));
#5259=DIRECTION('center_axis',(0.,0.,1.));
#5260=DIRECTION('ref_axis',(0.,1.,0.));
#5261=DIRECTION('center_axis',(-1.,0.,0.));
#5262=DIRECTION('ref_axis',(0.,0.,-1.));
#5263=DIRECTION('center_axis',(0.,-1.,0.));
#5264=DIRECTION('ref_axis',(-1.,0.,0.));
#5265=DIRECTION('center_axis',(-0.40824829046386,-0.816496580927727,0.408248290463864));
#5266=DIRECTION('ref_axis',(-0.577350269189624,0.577350269189624,0.577350269189629));
#5267=DIRECTION('center_axis',(0.,0.,1.));
#5268=DIRECTION('ref_axis',(-1.,0.,0.));
#5269=DIRECTION('center_axis',(0.,1.,0.));
#5270=DIRECTION('ref_axis',(0.,0.,1.));
#5271=DIRECTION('center_axis',(-1.,0.,0.));
#5272=DIRECTION('ref_axis',(0.,1.,0.));
#5273=DIRECTION('center_axis',(0.408248290463859,-0.816496580927724,0.40824829046387));
#5274=DIRECTION('ref_axis',(-0.577350269189621,-0.577350269189628,-0.577350269189628));
#5275=DIRECTION('center_axis',(0.,0.,-1.));
#5276=DIRECTION('ref_axis',(-1.,0.,0.));
#5277=DIRECTION('center_axis',(0.,-1.,0.));
#5278=DIRECTION('ref_axis',(0.,0.,-1.));
#5279=DIRECTION('center_axis',(-1.,0.,1.77635683940025E-14));
#5280=DIRECTION('ref_axis',(0.,-1.,0.));
#5281=DIRECTION('center_axis',(0.,1.,0.));
#5282=DIRECTION('ref_axis',(-0.70710678118654,0.,-0.707106781186555));
#5283=DIRECTION('',(0.,1.,0.));
#5284=DIRECTION('center_axis',(0.,0.,1.));
#5285=DIRECTION('ref_axis',(1.,0.,0.));
#5286=DIRECTION('center_axis',(0.,0.,1.));
#5287=DIRECTION('ref_axis',(0.707106781186542,0.707106781186553,0.));
#5288=DIRECTION('center_axis',(-1.,0.,0.));
#5289=DIRECTION('ref_axis',(0.,-1.,0.));
#5290=DIRECTION('center_axis',(0.,1.11022302462514E-15,-1.));
#5291=DIRECTION('ref_axis',(1.,0.,0.));
#5292=DIRECTION('center_axis',(0.,-1.,0.));
#5293=DIRECTION('ref_axis',(0.,0.,1.));
#5294=DIRECTION('center_axis',(-0.816496580927733,0.408248290463859,0.408248290463852));
#5295=DIRECTION('ref_axis',(-0.577350269189615,-0.577350269189629,-0.577350269189634));
#5296=DIRECTION('center_axis',(0.,0.,-1.));
#5297=DIRECTION('ref_axis',(-1.,0.,0.));
#5298=DIRECTION('center_axis',(0.,-1.,0.));
#5299=DIRECTION('ref_axis',(0.,0.,-1.));
#5300=DIRECTION('center_axis',(-1.,0.,1.77635683940025E-14));
#5301=DIRECTION('ref_axis',(0.,-1.,0.));
#5302=DIRECTION('center_axis',(-0.408248290463873,-0.408248290463851,-0.816496580927727));
#5303=DIRECTION('ref_axis',(-0.577350269189638,-0.577350269189616,0.577350269189623));
#5304=DIRECTION('center_axis',(0.,-1.,1.77635683940025E-14));
#5305=DIRECTION('ref_axis',(-1.,0.,0.));
#5306=DIRECTION('center_axis',(0.,0.,1.));
#5307=DIRECTION('ref_axis',(0.,-1.,0.));
#5308=DIRECTION('center_axis',(-1.,-1.77635683940024E-14,0.));
#5309=DIRECTION('ref_axis',(0.,0.,1.));
#5310=DIRECTION('center_axis',(0.,0.,1.));
#5311=DIRECTION('ref_axis',(-0.707106781186552,-0.707106781186543,0.));
#5312=DIRECTION('',(0.,0.,-1.));
#5313=DIRECTION('',(0.,0.,1.));
#5314=DIRECTION('center_axis',(0.,0.,1.));
#5315=DIRECTION('ref_axis',(1.,0.,0.));
#5316=DIRECTION('center_axis',(0.,0.,1.));
#5317=DIRECTION('ref_axis',(0.,1.,0.));
#5318=DIRECTION('center_axis',(-1.,0.,0.));
#5319=DIRECTION('ref_axis',(0.,0.,-1.));
#5320=DIRECTION('center_axis',(0.,-1.,0.));
#5321=DIRECTION('ref_axis',(-1.,0.,0.));
#5322=DIRECTION('center_axis',(-1.,0.,0.));
#5323=DIRECTION('ref_axis',(0.,-0.707106781186548,-0.707106781186548));
#5324=DIRECTION('',(-1.,0.,0.));
#5325=DIRECTION('center_axis',(-0.816496580927733,0.408248290463859,-0.408248290463852));
#5326=DIRECTION('ref_axis',(-0.577350269189615,-0.577350269189629,0.577350269189634));
#5327=DIRECTION('center_axis',(0.,0.,1.));
#5328=DIRECTION('ref_axis',(0.,-1.,0.));
#5329=DIRECTION('center_axis',(-1.,-1.77635683940023E-14,0.));
#5330=DIRECTION('ref_axis',(0.,0.,1.));
#5331=DIRECTION('center_axis',(0.,-1.,0.));
#5332=DIRECTION('ref_axis',(-1.,0.,0.));
#5333=DIRECTION('center_axis',(1.,0.,0.));
#5334=DIRECTION('ref_axis',(0.,-0.707106781186553,0.707106781186543));
#5335=DIRECTION('',(-1.,0.,0.));
#5336=DIRECTION('',(1.,0.,0.));
#5337=DIRECTION('center_axis',(-0.816496580927734,-0.408248290463853,0.408248290463857));
#5338=DIRECTION('ref_axis',(-0.577350269189613,0.577350269189642,-0.577350269189622));
#5339=DIRECTION('center_axis',(0.,1.,0.));
#5340=DIRECTION('ref_axis',(-1.,0.,0.));
#5341=DIRECTION('center_axis',(0.,0.,-1.));
#5342=DIRECTION('ref_axis',(0.,1.,0.));
#5343=DIRECTION('center_axis',(-1.,0.,0.));
#5344=DIRECTION('ref_axis',(0.,0.,-1.));
#5345=DIRECTION('center_axis',(0.,0.,1.));
#5346=DIRECTION('ref_axis',(1.,0.,0.));
#5347=DIRECTION('center_axis',(0.,0.,1.));
#5348=DIRECTION('ref_axis',(0.707106781186547,0.707106781186548,0.));
#5349=DIRECTION('center_axis',(-1.,0.,0.));
#5350=DIRECTION('ref_axis',(0.,-1.,0.));
#5351=DIRECTION('center_axis',(0.,1.11022302462516E-15,-1.));
#5352=DIRECTION('ref_axis',(1.,0.,0.));
#5353=DIRECTION('center_axis',(0.,-1.,0.));
#5354=DIRECTION('ref_axis',(0.,0.,1.));
#5355=DIRECTION('center_axis',(1.,0.,0.));
#5356=DIRECTION('ref_axis',(0.,-0.707106781186549,0.707106781186546));
#5357=DIRECTION('',(-1.,0.,0.));
#5358=DIRECTION('',(1.,0.,0.));
#5359=DIRECTION('center_axis',(0.,0.,1.));
#5360=DIRECTION('ref_axis',(0.707106781186547,0.707106781186548,0.));
#5361=DIRECTION('',(0.,0.,-1.));
#5362=DIRECTION('',(0.,0.,1.));
#5363=DIRECTION('center_axis',(0.,0.,1.));
#5364=DIRECTION('ref_axis',(1.,0.,0.));
#5365=DIRECTION('center_axis',(0.,0.,1.));
#5366=DIRECTION('ref_axis',(1.,0.,0.));
#5367=DIRECTION('center_axis',(0.,1.,0.));
#5368=DIRECTION('ref_axis',(0.,0.,-1.));
#5369=DIRECTION('center_axis',(-1.,0.,0.));
#5370=DIRECTION('ref_axis',(0.,1.,0.));
#5371=DIRECTION('center_axis',(0.,1.,0.));
#5372=DIRECTION('ref_axis',(-0.707106781186548,0.,-0.707106781186548));
#5373=DIRECTION('',(0.,1.,0.));
#5374=DIRECTION('center_axis',(-0.816496580927732,-0.408248290463859,-0.408248290463856));
#5375=DIRECTION('ref_axis',(-0.577350269189625,0.577350269189625,0.577350269189627));
#5376=DIRECTION('center_axis',(0.,0.,1.));
#5377=DIRECTION('ref_axis',(-1.,0.,0.));
#5378=DIRECTION('center_axis',(0.,1.,0.));
#5379=DIRECTION('ref_axis',(0.,0.,1.));
#5380=DIRECTION('center_axis',(-1.,0.,0.));
#5381=DIRECTION('ref_axis',(0.,1.,0.));
#5382=DIRECTION('center_axis',(0.,-1.,0.));
#5383=DIRECTION('ref_axis',(-0.70710678118654,0.,0.707106781186555));
#5384=DIRECTION('',(0.,1.,0.));
#5385=DIRECTION('',(0.,-1.,0.));
#5386=DIRECTION('center_axis',(-0.81649658092773,0.408248290463861,-0.408248290463858));
#5387=DIRECTION('ref_axis',(0.577350269189626,0.577350269189626,-0.577350269189626));
#5388=DIRECTION('center_axis',(1.,0.,0.));
#5389=DIRECTION('ref_axis',(0.,1.,0.));
#5390=DIRECTION('center_axis',(0.,0.,-1.));
#5391=DIRECTION('ref_axis',(1.,0.,0.));
#5392=DIRECTION('center_axis',(0.,1.,0.));
#5393=DIRECTION('ref_axis',(0.,0.,-1.));
#5394=DIRECTION('center_axis',(0.,0.,1.));
#5395=DIRECTION('ref_axis',(1.,0.,0.));
#5396=DIRECTION('center_axis',(0.,0.,1.));
#5397=DIRECTION('ref_axis',(0.707106781186548,-0.707106781186547,0.));
#5398=DIRECTION('center_axis',(0.,1.,0.));
#5399=DIRECTION('ref_axis',(-1.,0.,0.));
#5400=DIRECTION('center_axis',(-1.11022302462516E-15,0.,-1.));
#5401=DIRECTION('ref_axis',(0.,-1.,0.));
#5402=DIRECTION('center_axis',(-1.,0.,0.));
#5403=DIRECTION('ref_axis',(0.,0.,1.));
#5404=DIRECTION('center_axis',(0.,-1.,0.));
#5405=DIRECTION('ref_axis',(-0.707106781186548,0.,0.707106781186548));
#5406=DIRECTION('',(0.,1.,0.));
#5407=DIRECTION('',(0.,-1.,0.));
#5408=DIRECTION('center_axis',(0.,0.,1.));
#5409=DIRECTION('ref_axis',(0.707106781186548,-0.707106781186547,0.));
#5410=DIRECTION('',(0.,0.,-1.));
#5411=DIRECTION('',(0.,0.,1.));
#5412=DIRECTION('center_axis',(-0.408248290463861,-0.816496580927727,-0.408248290463863));
#5413=DIRECTION('ref_axis',(-0.577350269189625,0.577350269189625,-0.577350269189628));
#5414=DIRECTION('center_axis',(0.,1.,0.));
#5415=DIRECTION('ref_axis',(-1.,0.,0.));
#5416=DIRECTION('center_axis',(0.,0.,-1.));
#5417=DIRECTION('ref_axis',(0.,1.,0.));
#5418=DIRECTION('center_axis',(-1.,0.,0.));
#5419=DIRECTION('ref_axis',(0.,0.,-1.));
#5420=DIRECTION('center_axis',(-0.816496580927729,0.408248290463865,0.408248290463855));
#5421=DIRECTION('ref_axis',(0.577350269189618,0.577350269189632,0.577350269189628));
#5422=DIRECTION('center_axis',(1.,0.,0.));
#5423=DIRECTION('ref_axis',(0.,0.,1.));
#5424=DIRECTION('center_axis',(0.,1.,0.));
#5425=DIRECTION('ref_axis',(1.,0.,0.));
#5426=DIRECTION('center_axis',(0.,0.,1.));
#5427=DIRECTION('ref_axis',(0.,1.,0.));
#5428=DIRECTION('center_axis',(-0.408248290463862,-0.816496580927723,0.40824829046387));
#5429=DIRECTION('ref_axis',(0.577350269189619,-0.577350269189626,-0.577350269189633));
#5430=DIRECTION('center_axis',(0.,-1.,0.));
#5431=DIRECTION('ref_axis',(1.,0.,0.));
#5432=DIRECTION('center_axis',(0.,0.,-1.));
#5433=DIRECTION('ref_axis',(0.,-1.,0.));
#5434=DIRECTION('center_axis',(1.,1.77635683940026E-14,0.));
#5435=DIRECTION('ref_axis',(0.,0.,-1.));
#5436=DIRECTION('center_axis',(-0.40824829046386,-0.816496580927727,0.408248290463864));
#5437=DIRECTION('ref_axis',(-0.577350269189624,0.577350269189626,0.577350269189628));
#5438=DIRECTION('center_axis',(0.,0.,1.));
#5439=DIRECTION('ref_axis',(-1.,0.,0.));
#5440=DIRECTION('center_axis',(0.,1.,0.));
#5441=DIRECTION('ref_axis',(0.,0.,1.));
#5442=DIRECTION('center_axis',(-1.,0.,0.));
#5443=DIRECTION('ref_axis',(0.,1.,0.));
#5444=DIRECTION('center_axis',(0.40824829046386,-0.816496580927726,0.408248290463867));
#5445=DIRECTION('ref_axis',(-0.577350269189622,-0.577350269189622,-0.577350269189633));
#5446=DIRECTION('center_axis',(0.,0.,-1.));
#5447=DIRECTION('ref_axis',(-1.,0.,0.));
#5448=DIRECTION('center_axis',(-8.88178419700128E-15,-1.,0.));
#5449=DIRECTION('ref_axis',(0.,0.,-1.));
#5450=DIRECTION('center_axis',(-1.,0.,1.77635683940025E-14));
#5451=DIRECTION('ref_axis',(0.,-1.,0.));
#5452=DIRECTION('center_axis',(0.,1.,0.));
#5453=DIRECTION('ref_axis',(-0.70710678118654,0.,-0.707106781186555));
#5454=DIRECTION('',(0.,1.,0.));
#5455=DIRECTION('center_axis',(-0.816496580927733,-0.408248290463856,0.408248290463857));
#5456=DIRECTION('ref_axis',(0.577350269189622,-0.577350269189629,0.577350269189626));
#5457=DIRECTION('center_axis',(0.,-1.,0.));
#5458=DIRECTION('ref_axis',(0.,0.,1.));
#5459=DIRECTION('center_axis',(1.,0.,0.));
#5460=DIRECTION('ref_axis',(0.,-1.,0.));
#5461=DIRECTION('center_axis',(0.,0.,1.));
#5462=DIRECTION('ref_axis',(1.,0.,0.));
#5463=DIRECTION('center_axis',(0.408248290463857,-0.816496580927729,0.408248290463863));
#5464=DIRECTION('ref_axis',(-0.577350269189622,-0.577350269189622,-0.577350269189634));
#5465=DIRECTION('center_axis',(0.,0.,-1.));
#5466=DIRECTION('ref_axis',(-1.,0.,0.));
#5467=DIRECTION('center_axis',(-1.77635683940026E-14,-1.,0.));
#5468=DIRECTION('ref_axis',(0.,0.,-1.));
#5469=DIRECTION('center_axis',(-1.,0.,1.77635683940025E-14));
#5470=DIRECTION('ref_axis',(0.,-1.,0.));
#5471=DIRECTION('center_axis',(-0.408248290463871,-0.40824829046385,-0.816496580927729));
#5472=DIRECTION('ref_axis',(-0.577350269189635,-0.577350269189621,0.577350269189622));
#5473=DIRECTION('center_axis',(0.,-1.,0.));
#5474=DIRECTION('ref_axis',(-1.,0.,0.));
#5475=DIRECTION('center_axis',(0.,0.,1.));
#5476=DIRECTION('ref_axis',(0.,-1.,0.));
#5477=DIRECTION('center_axis',(-1.,-1.77635683940024E-14,0.));
#5478=DIRECTION('ref_axis',(0.,0.,1.));
#5479=DIRECTION('center_axis',(0.,0.,1.));
#5480=DIRECTION('ref_axis',(-0.707106781186551,-0.707106781186544,0.));
#5481=DIRECTION('',(0.,0.,-1.));
#5482=DIRECTION('',(0.,0.,1.));
#5483=DIRECTION('center_axis',(0.,0.,1.));
#5484=DIRECTION('ref_axis',(1.,0.,0.));
#5485=DIRECTION('center_axis',(0.,0.,1.));
#5486=DIRECTION('ref_axis',(0.,1.,0.));
#5487=DIRECTION('center_axis',(-1.,0.,0.));
#5488=DIRECTION('ref_axis',(0.,0.,-1.));
#5489=DIRECTION('center_axis',(0.,-1.,0.));
#5490=DIRECTION('ref_axis',(-1.,0.,0.));
#5491=DIRECTION('center_axis',(-1.,0.,0.));
#5492=DIRECTION('ref_axis',(0.,-0.707106781186549,-0.707106781186546));
#5493=DIRECTION('',(-1.,0.,0.));
#5494=DIRECTION('center_axis',(-0.408248290463855,-0.408248290463855,-0.816496580927734));
#5495=DIRECTION('ref_axis',(-0.57735026918963,-0.57735026918963,0.577350269189618));
#5496=DIRECTION('center_axis',(0.,-1.,0.));
#5497=DIRECTION('ref_axis',(-1.,0.,0.));
#5498=DIRECTION('center_axis',(0.,0.,1.));
#5499=DIRECTION('ref_axis',(0.,-1.,0.));
#5500=DIRECTION('center_axis',(-1.,-1.77635683940023E-14,0.));
#5501=DIRECTION('ref_axis',(0.,0.,1.));
#5502=DIRECTION('center_axis',(0.,0.,1.));
#5503=DIRECTION('ref_axis',(-0.707106781186548,-0.707106781186548,0.));
#5504=DIRECTION('',(0.,0.,-1.));
#5505=DIRECTION('',(0.,0.,1.));
#5506=DIRECTION('center_axis',(-1.,0.,0.));
#5507=DIRECTION('ref_axis',(0.,-0.707106781186553,0.707106781186543));
#5508=DIRECTION('',(1.,0.,0.));
#5509=DIRECTION('',(-1.,0.,0.));
#5510=DIRECTION('center_axis',(-0.816496580927731,-0.408248290463866,0.40824829046385));
#5511=DIRECTION('ref_axis',(-0.577350269189614,0.577350269189642,-0.577350269189621));
#5512=DIRECTION('center_axis',(0.,1.,1.77635683940025E-14));
#5513=DIRECTION('ref_axis',(-1.,0.,0.));
#5514=DIRECTION('center_axis',(0.,0.,-1.));
#5515=DIRECTION('ref_axis',(0.,1.,0.));
#5516=DIRECTION('center_axis',(-1.,0.,0.));
#5517=DIRECTION('ref_axis',(0.,0.,-1.));
#5518=DIRECTION('center_axis',(0.,0.,1.));
#5519=DIRECTION('ref_axis',(1.,0.,0.));
#5520=DIRECTION('center_axis',(0.,0.,1.));
#5521=DIRECTION('ref_axis',(0.707106781186547,0.707106781186548,0.));
#5522=DIRECTION('center_axis',(-1.,0.,0.));
#5523=DIRECTION('ref_axis',(0.,-1.,0.));
#5524=DIRECTION('center_axis',(0.,1.11022302462516E-15,-1.));
#5525=DIRECTION('ref_axis',(1.,0.,0.));
#5526=DIRECTION('center_axis',(0.,-1.,0.));
#5527=DIRECTION('ref_axis',(0.,0.,1.));
#5528=DIRECTION('center_axis',(1.,0.,0.));
#5529=DIRECTION('ref_axis',(0.,-0.707106781186549,0.707106781186546));
#5530=DIRECTION('',(-1.,0.,0.));
#5531=DIRECTION('',(1.,0.,0.));
#5532=DIRECTION('center_axis',(0.,0.,1.));
#5533=DIRECTION('ref_axis',(0.707106781186548,0.707106781186548,0.));
#5534=DIRECTION('',(0.,0.,-1.));
#5535=DIRECTION('',(0.,0.,1.));
#5536=DIRECTION('center_axis',(0.,0.,1.));
#5537=DIRECTION('ref_axis',(1.,0.,0.));
#5538=DIRECTION('center_axis',(0.,0.,1.));
#5539=DIRECTION('ref_axis',(1.,0.,0.));
#5540=DIRECTION('center_axis',(0.,1.,0.));
#5541=DIRECTION('ref_axis',(0.,0.,-1.));
#5542=DIRECTION('center_axis',(-1.,0.,0.));
#5543=DIRECTION('ref_axis',(0.,1.,0.));
#5544=DIRECTION('center_axis',(0.,1.,0.));
#5545=DIRECTION('ref_axis',(-0.707106781186548,0.,-0.707106781186548));
#5546=DIRECTION('',(0.,1.,0.));
#5547=DIRECTION('center_axis',(-0.816496580927732,-0.408248290463859,-0.408248290463856));
#5548=DIRECTION('ref_axis',(-0.577350269189621,0.577350269189635,0.577350269189622));
#5549=DIRECTION('center_axis',(0.,0.,1.));
#5550=DIRECTION('ref_axis',(-1.,0.,0.));
#5551=DIRECTION('center_axis',(0.,1.,0.));
#5552=DIRECTION('ref_axis',(0.,0.,1.));
#5553=DIRECTION('center_axis',(-1.,0.,0.));
#5554=DIRECTION('ref_axis',(0.,1.,0.));
#5555=DIRECTION('center_axis',(0.,-1.,0.));
#5556=DIRECTION('ref_axis',(-0.70710678118654,0.,0.707106781186555));
#5557=DIRECTION('',(0.,1.,0.));
#5558=DIRECTION('',(0.,-1.,0.));
#5559=DIRECTION('center_axis',(0.,0.,1.));
#5560=DIRECTION('ref_axis',(1.,0.,0.));
#5561=DIRECTION('center_axis',(0.,0.,1.));
#5562=DIRECTION('ref_axis',(1.,0.,0.));
#5563=DIRECTION('center_axis',(0.,1.,0.));
#5564=DIRECTION('ref_axis',(0.,0.,-1.));
#5565=DIRECTION('center_axis',(-1.,0.,0.));
#5566=DIRECTION('ref_axis',(0.,1.,0.));
#5567=DIRECTION('center_axis',(0.,0.,1.));
#5568=DIRECTION('ref_axis',(1.,0.,0.));
#5569=DIRECTION('center_axis',(0.,0.,1.));
#5570=DIRECTION('ref_axis',(0.707106781186548,-0.707106781186547,0.));
#5571=DIRECTION('center_axis',(0.,1.,0.));
#5572=DIRECTION('ref_axis',(-1.,0.,0.));
#5573=DIRECTION('center_axis',(-1.11022302462516E-15,0.,-1.));
#5574=DIRECTION('ref_axis',(0.,-1.,0.));
#5575=DIRECTION('center_axis',(-1.,0.,0.));
#5576=DIRECTION('ref_axis',(0.,0.,1.));
#5577=DIRECTION('center_axis',(0.,-1.,0.));
#5578=DIRECTION('ref_axis',(-0.707106781186548,0.,0.707106781186548));
#5579=DIRECTION('',(0.,1.,0.));
#5580=DIRECTION('',(0.,-1.,0.));
#5581=DIRECTION('center_axis',(0.,0.,1.));
#5582=DIRECTION('ref_axis',(0.707106781186549,-0.707106781186546,0.));
#5583=DIRECTION('',(0.,0.,-1.));
#5584=DIRECTION('',(0.,0.,1.));
#5585=DIRECTION('center_axis',(-0.40824829046386,-0.816496580927728,-0.408248290463862));
#5586=DIRECTION('ref_axis',(-0.577350269189625,0.577350269189625,-0.577350269189628));
#5587=DIRECTION('center_axis',(0.,1.,0.));
#5588=DIRECTION('ref_axis',(-1.,0.,0.));
#5589=DIRECTION('center_axis',(0.,0.,-1.));
#5590=DIRECTION('ref_axis',(0.,1.,0.));
#5591=DIRECTION('center_axis',(-1.,0.,0.));
#5592=DIRECTION('ref_axis',(0.,0.,-1.));
#5593=DIRECTION('center_axis',(0.,0.,1.));
#5594=DIRECTION('ref_axis',(1.,0.,0.));
#5595=DIRECTION('center_axis',(0.,0.,1.));
#5596=DIRECTION('ref_axis',(0.707106781186548,-0.707106781186547,0.));
#5597=DIRECTION('center_axis',(0.,1.,0.));
#5598=DIRECTION('ref_axis',(-1.,0.,0.));
#5599=DIRECTION('center_axis',(-1.11022302462516E-15,0.,-1.));
#5600=DIRECTION('ref_axis',(0.,-1.,0.));
#5601=DIRECTION('center_axis',(-1.,0.,0.));
#5602=DIRECTION('ref_axis',(0.,0.,1.));
#5603=DIRECTION('center_axis',(0.,0.,1.));
#5604=DIRECTION('ref_axis',(1.,0.,0.));
#5605=DIRECTION('center_axis',(0.,0.,1.));
#5606=DIRECTION('ref_axis',(0.,1.,0.));
#5607=DIRECTION('center_axis',(-1.,0.,0.));
#5608=DIRECTION('ref_axis',(0.,0.,-1.));
#5609=DIRECTION('center_axis',(0.,-1.,0.));
#5610=DIRECTION('ref_axis',(-1.,0.,0.));
#5611=DIRECTION('center_axis',(-0.816496580927732,-0.408248290463866,-0.408248290463848));
#5612=DIRECTION('ref_axis',(-0.57735026918962,0.577350269189641,0.577350269189616));
#5613=DIRECTION('center_axis',(0.,0.,1.));
#5614=DIRECTION('ref_axis',(-1.,0.,0.));
#5615=DIRECTION('center_axis',(1.77635683940026E-14,1.,0.));
#5616=DIRECTION('ref_axis',(0.,0.,1.));
#5617=DIRECTION('center_axis',(-1.,0.,0.));
#5618=DIRECTION('ref_axis',(0.,1.,0.));
#5619=DIRECTION('center_axis',(0.408248290463857,-0.816496580927729,0.408248290463863));
#5620=DIRECTION('ref_axis',(-0.577350269189622,-0.577350269189622,-0.577350269189634));
#5621=DIRECTION('center_axis',(0.,0.,-1.));
#5622=DIRECTION('ref_axis',(-1.,0.,0.));
#5623=DIRECTION('center_axis',(-1.77635683940026E-14,-1.,0.));
#5624=DIRECTION('ref_axis',(0.,0.,-1.));
#5625=DIRECTION('center_axis',(-1.,0.,1.77635683940025E-14));
#5626=DIRECTION('ref_axis',(0.,-1.,0.));
#5627=DIRECTION('center_axis',(0.,1.,0.));
#5628=DIRECTION('ref_axis',(-0.70710678118654,0.,-0.707106781186555));
#5629=DIRECTION('',(0.,1.,0.));
#5630=DIRECTION('center_axis',(-1.,0.,0.));
#5631=DIRECTION('ref_axis',(0.,-0.70710678118654,-0.707106781186555));
#5632=DIRECTION('',(-1.,0.,0.));
#5633=DIRECTION('center_axis',(0.,0.,1.));
#5634=DIRECTION('ref_axis',(1.,0.,0.));
#5635=DIRECTION('center_axis',(0.,0.,1.));
#5636=DIRECTION('ref_axis',(0.707106781186542,0.707106781186553,0.));
#5637=DIRECTION('center_axis',(-1.,0.,0.));
#5638=DIRECTION('ref_axis',(0.,-1.,0.));
#5639=DIRECTION('center_axis',(0.,1.11022302462514E-15,-1.));
#5640=DIRECTION('ref_axis',(1.,0.,0.));
#5641=DIRECTION('center_axis',(0.,-1.,0.));
#5642=DIRECTION('ref_axis',(0.,0.,1.));
#5643=DIRECTION('center_axis',(-0.816496580927733,0.408248290463859,-0.408248290463852));
#5644=DIRECTION('ref_axis',(-0.57735026918961,-0.577350269189638,0.577350269189629));
#5645=DIRECTION('center_axis',(0.,0.,1.));
#5646=DIRECTION('ref_axis',(0.,-1.,0.));
#5647=DIRECTION('center_axis',(-1.,-1.77635683940023E-14,0.));
#5648=DIRECTION('ref_axis',(0.,0.,1.));
#5649=DIRECTION('center_axis',(0.,-1.,0.));
#5650=DIRECTION('ref_axis',(-1.,0.,0.));
#5651=DIRECTION('center_axis',(1.,0.,0.));
#5652=DIRECTION('ref_axis',(0.,-0.707106781186553,0.707106781186543));
#5653=DIRECTION('',(-1.,0.,0.));
#5654=DIRECTION('',(1.,0.,0.));
#5655=DIRECTION('center_axis',(0.,-1.,0.));
#5656=DIRECTION('ref_axis',(-0.70710678118654,0.,0.707106781186555));
#5657=DIRECTION('',(0.,1.,0.));
#5658=DIRECTION('',(0.,-1.,0.));
#5659=DIRECTION('center_axis',(0.,0.,1.));
#5660=DIRECTION('ref_axis',(-0.707106781186548,-0.707106781186548,0.));
#5661=DIRECTION('',(0.,0.,-1.));
#5662=DIRECTION('',(0.,0.,1.));
#5663=DIRECTION('center_axis',(0.,0.,1.));
#5664=DIRECTION('ref_axis',(0.707106781186541,0.707106781186554,0.));
#5665=DIRECTION('',(0.,0.,-1.));
#5666=DIRECTION('',(0.,0.,1.));
#5667=DIRECTION('center_axis',(0.,-1.,0.));
#5668=DIRECTION('ref_axis',(-0.707106781186548,0.,0.707106781186548));
#5669=DIRECTION('',(0.,1.,0.));
#5670=DIRECTION('',(0.,-1.,0.));
#5671=DIRECTION('center_axis',(-1.,0.,0.));
#5672=DIRECTION('ref_axis',(0.,0.707106781186546,0.707106781186549));
#5673=DIRECTION('',(1.,0.,0.));
#5674=DIRECTION('',(-1.,0.,0.));
#5675=DIRECTION('center_axis',(0.,0.,-1.));
#5676=DIRECTION('ref_axis',(-0.707106781186541,0.707106781186554,0.));
#5677=DIRECTION('',(0.,0.,1.));
#5678=DIRECTION('',(0.,0.,-1.));
#5679=DIRECTION('center_axis',(0.,1.,0.));
#5680=DIRECTION('ref_axis',(-0.707106781186548,0.,-0.707106781186548));
#5681=DIRECTION('',(0.,1.,0.));
#5682=DIRECTION('center_axis',(0.,0.,1.));
#5683=DIRECTION('ref_axis',(0.707106781186555,-0.70710678118654,0.));
#5684=DIRECTION('',(0.,0.,-1.));
#5685=DIRECTION('',(0.,0.,1.));
#5686=DIRECTION('center_axis',(-1.,0.,0.));
#5687=DIRECTION('ref_axis',(0.,0.707106781186553,0.707106781186543));
#5688=DIRECTION('',(1.,0.,0.));
#5689=DIRECTION('',(-1.,0.,0.));
#5690=DIRECTION('center_axis',(1.,0.,0.));
#5691=DIRECTION('ref_axis',(0.,0.707106781186546,-0.707106781186549));
#5692=DIRECTION('',(1.,0.,0.));
#5693=DIRECTION('center_axis',(1.,0.,0.));
#5694=DIRECTION('ref_axis',(0.,0.70710678118654,-0.707106781186555));
#5695=DIRECTION('',(1.,0.,0.));
#5696=DIRECTION('center_axis',(0.,0.,-1.));
#5697=DIRECTION('ref_axis',(-0.707106781186535,0.70710678118656,0.));
#5698=DIRECTION('',(0.,0.,1.));
#5699=DIRECTION('',(0.,0.,-1.));
#5700=DIRECTION('center_axis',(0.,1.,0.));
#5701=DIRECTION('ref_axis',(-0.70710678118654,0.,-0.707106781186555));
#5702=DIRECTION('',(0.,1.,0.));
#5703=DIRECTION('center_axis',(0.,-1.,0.));
#5704=DIRECTION('ref_axis',(-0.70710678118654,0.,0.707106781186555));
#5705=DIRECTION('',(0.,1.,0.));
#5706=DIRECTION('',(0.,-1.,0.));
#5707=DIRECTION('center_axis',(-1.,0.,0.));
#5708=DIRECTION('ref_axis',(0.,-0.70710678118654,-0.707106781186555));
#5709=DIRECTION('',(-1.,0.,0.));
#5710=DIRECTION('center_axis',(0.,0.,-1.));
#5711=DIRECTION('ref_axis',(0.707106781186548,-0.707106781186548,0.));
#5712=DIRECTION('',(0.,0.,1.));
#5713=DIRECTION('',(0.,0.,-1.));
#5714=DIRECTION('center_axis',(0.,1.,0.));
#5715=DIRECTION('ref_axis',(0.70710678118654,0.,0.707106781186555));
#5716=DIRECTION('',(0.,-1.,0.));
#5717=DIRECTION('',(0.,1.,0.));
#5718=DIRECTION('center_axis',(-1.,0.,0.));
#5719=DIRECTION('ref_axis',(0.,0.707106781186546,0.707106781186549));
#5720=DIRECTION('',(1.,0.,0.));
#5721=DIRECTION('',(-1.,0.,0.));
#5722=DIRECTION('center_axis',(0.,0.,-1.));
#5723=DIRECTION('ref_axis',(-0.707106781186541,0.707106781186554,0.));
#5724=DIRECTION('',(0.,0.,1.));
#5725=DIRECTION('',(0.,0.,-1.));
#5726=DIRECTION('center_axis',(0.,1.,0.));
#5727=DIRECTION('ref_axis',(0.707106781186546,0.,-0.707106781186549));
#5728=DIRECTION('',(0.,-1.,0.));
#5729=DIRECTION('center_axis',(0.,0.,-1.));
#5730=DIRECTION('ref_axis',(0.707106781186541,0.707106781186554,0.));
#5731=DIRECTION('',(0.,0.,1.));
#5732=DIRECTION('',(0.,0.,-1.));
#5733=DIRECTION('center_axis',(-1.,0.,0.));
#5734=DIRECTION('ref_axis',(0.,0.707106781186553,0.707106781186543));
#5735=DIRECTION('',(1.,0.,0.));
#5736=DIRECTION('',(-1.,0.,0.));
#5737=DIRECTION('center_axis',(1.,0.,0.));
#5738=DIRECTION('ref_axis',(0.,0.707106781186547,-0.707106781186548));
#5739=DIRECTION('',(1.,0.,0.));
#5740=DIRECTION('center_axis',(1.,0.,0.));
#5741=DIRECTION('ref_axis',(0.,0.707106781186552,-0.707106781186543));
#5742=DIRECTION('',(1.,0.,0.));
#5743=DIRECTION('center_axis',(0.,0.,-1.));
#5744=DIRECTION('ref_axis',(-0.707106781186535,0.70710678118656,0.));
#5745=DIRECTION('',(0.,0.,1.));
#5746=DIRECTION('',(0.,0.,-1.));
#5747=DIRECTION('center_axis',(0.,1.,0.));
#5748=DIRECTION('ref_axis',(-0.70710678118654,0.,-0.707106781186555));
#5749=DIRECTION('',(0.,1.,0.));
#5750=DIRECTION('center_axis',(0.,0.,1.));
#5751=DIRECTION('ref_axis',(-0.707106781186548,-0.707106781186548,0.));
#5752=DIRECTION('',(0.,0.,-1.));
#5753=DIRECTION('',(0.,0.,1.));
#5754=DIRECTION('center_axis',(0.,-1.,0.));
#5755=DIRECTION('ref_axis',(-0.70710678118654,0.,0.707106781186555));
#5756=DIRECTION('',(0.,1.,0.));
#5757=DIRECTION('',(0.,-1.,0.));
#5758=DIRECTION('center_axis',(-1.,0.,0.));
#5759=DIRECTION('ref_axis',(0.,-0.707106781186552,-0.707106781186543));
#5760=DIRECTION('',(-1.,0.,0.));
#5761=DIRECTION('center_axis',(0.,0.,1.));
#5762=DIRECTION('ref_axis',(0.707106781186541,0.707106781186554,0.));
#5763=DIRECTION('',(0.,0.,-1.));
#5764=DIRECTION('',(0.,0.,1.));
#5765=DIRECTION('center_axis',(0.,-1.,0.));
#5766=DIRECTION('ref_axis',(-0.707106781186548,0.,0.707106781186548));
#5767=DIRECTION('',(0.,1.,0.));
#5768=DIRECTION('',(0.,-1.,0.));
#5769=DIRECTION('center_axis',(-1.,0.,0.));
#5770=DIRECTION('ref_axis',(0.,0.707106781186546,0.707106781186549));
#5771=DIRECTION('',(1.,0.,0.));
#5772=DIRECTION('',(-1.,0.,0.));
#5773=DIRECTION('center_axis',(0.,0.,-1.));
#5774=DIRECTION('ref_axis',(-0.707106781186541,0.707106781186554,0.));
#5775=DIRECTION('',(0.,0.,1.));
#5776=DIRECTION('',(0.,0.,-1.));
#5777=DIRECTION('center_axis',(0.,1.,0.));
#5778=DIRECTION('ref_axis',(-0.707106781186548,0.,-0.707106781186548));
#5779=DIRECTION('',(0.,1.,0.));
#5780=DIRECTION('center_axis',(0.,0.,1.));
#5781=DIRECTION('ref_axis',(0.707106781186543,-0.707106781186552,0.));
#5782=DIRECTION('',(0.,0.,-1.));
#5783=DIRECTION('',(0.,0.,1.));
#5784=DIRECTION('center_axis',(-1.,0.,0.));
#5785=DIRECTION('ref_axis',(0.,0.707106781186553,0.707106781186543));
#5786=DIRECTION('',(1.,0.,0.));
#5787=DIRECTION('',(-1.,0.,0.));
#5788=DIRECTION('center_axis',(1.,0.,0.));
#5789=DIRECTION('ref_axis',(0.,0.707106781186546,-0.707106781186549));
#5790=DIRECTION('',(1.,0.,0.));
#5791=DIRECTION('center_axis',(1.,0.,0.));
#5792=DIRECTION('ref_axis',(0.,0.707106781186552,-0.707106781186543));
#5793=DIRECTION('',(1.,0.,0.));
#5794=DIRECTION('center_axis',(0.,0.,-1.));
#5795=DIRECTION('ref_axis',(-0.707106781186535,0.70710678118656,0.));
#5796=DIRECTION('',(0.,0.,1.));
#5797=DIRECTION('',(0.,0.,-1.));
#5798=DIRECTION('center_axis',(0.,1.,0.));
#5799=DIRECTION('ref_axis',(-0.70710678118654,0.,-0.707106781186555));
#5800=DIRECTION('',(0.,1.,0.));
#5801=DIRECTION('center_axis',(0.,-1.,0.));
#5802=DIRECTION('ref_axis',(-0.70710678118654,0.,0.707106781186555));
#5803=DIRECTION('',(0.,1.,0.));
#5804=DIRECTION('',(0.,-1.,0.));
#5805=DIRECTION('center_axis',(0.,0.,1.));
#5806=DIRECTION('ref_axis',(-0.707106781186554,-0.707106781186541,0.));
#5807=DIRECTION('',(0.,0.,-1.));
#5808=DIRECTION('',(0.,0.,1.));
#5809=DIRECTION('center_axis',(-1.,0.,0.));
#5810=DIRECTION('ref_axis',(0.,-0.707106781186552,-0.707106781186543));
#5811=DIRECTION('',(-1.,0.,0.));
#5812=DIRECTION('center_axis',(0.,0.,1.));
#5813=DIRECTION('ref_axis',(0.707106781186541,0.707106781186554,0.));
#5814=DIRECTION('',(0.,0.,-1.));
#5815=DIRECTION('',(0.,0.,1.));
#5816=DIRECTION('center_axis',(0.,-1.,0.));
#5817=DIRECTION('ref_axis',(-0.707106781186548,0.,0.707106781186548));
#5818=DIRECTION('',(0.,1.,0.));
#5819=DIRECTION('',(0.,-1.,0.));
#5820=DIRECTION('center_axis',(-1.,0.,0.));
#5821=DIRECTION('ref_axis',(0.,0.70710678118654,0.707106781186555));
#5822=DIRECTION('',(1.,0.,0.));
#5823=DIRECTION('',(-1.,0.,0.));
#5824=DIRECTION('center_axis',(0.,0.,-1.));
#5825=DIRECTION('ref_axis',(-0.707106781186548,0.707106781186548,0.));
#5826=DIRECTION('',(0.,0.,1.));
#5827=DIRECTION('',(0.,0.,-1.));
#5828=DIRECTION('center_axis',(0.,1.,0.));
#5829=DIRECTION('ref_axis',(-0.707106781186548,0.,-0.707106781186548));
#5830=DIRECTION('',(0.,1.,0.));
#5831=DIRECTION('center_axis',(0.,0.,1.));
#5832=DIRECTION('ref_axis',(0.707106781186555,-0.70710678118654,0.));
#5833=DIRECTION('',(0.,0.,-1.));
#5834=DIRECTION('',(0.,0.,1.));
#5835=DIRECTION('center_axis',(-1.,0.,0.));
#5836=DIRECTION('ref_axis',(0.,0.70710678118654,0.707106781186555));
#5837=DIRECTION('',(1.,0.,0.));
#5838=DIRECTION('',(-1.,0.,0.));
#5839=DIRECTION('center_axis',(1.,0.,0.));
#5840=DIRECTION('ref_axis',(0.,0.70710678118654,-0.707106781186555));
#5841=DIRECTION('',(1.,0.,0.));
#5842=DIRECTION('center_axis',(1.,0.,0.));
#5843=DIRECTION('ref_axis',(0.,0.70710678118654,-0.707106781186555));
#5844=DIRECTION('',(1.,0.,0.));
#5845=DIRECTION('center_axis',(0.,0.,-1.));
#5846=DIRECTION('ref_axis',(-0.707106781186548,0.707106781186548,0.));
#5847=DIRECTION('',(0.,0.,1.));
#5848=DIRECTION('',(0.,0.,-1.));
#5849=DIRECTION('center_axis',(0.,1.,0.));
#5850=DIRECTION('ref_axis',(-0.70710678118654,0.,-0.707106781186555));
#5851=DIRECTION('',(0.,1.,0.));
#5852=DIRECTION('center_axis',(0.,1.,0.));
#5853=DIRECTION('ref_axis',(1.,0.,0.));
#5854=DIRECTION('center_axis',(-1.,0.,0.));
#5855=DIRECTION('ref_axis',(0.,1.,0.));
#5856=DIRECTION('center_axis',(1.,0.,0.));
#5857=DIRECTION('ref_axis',(0.,1.,0.));
#5858=DIRECTION('center_axis',(0.,-1.,0.));
#5859=DIRECTION('ref_axis',(-1.,0.,0.));
#5860=DIRECTION('center_axis',(-1.,0.,0.));
#5861=DIRECTION('ref_axis',(0.,1.,0.));
#5862=DIRECTION('center_axis',(0.,1.,0.));
#5863=DIRECTION('ref_axis',(1.,0.,0.));
#5864=DIRECTION('center_axis',(0.,1.,0.));
#5865=DIRECTION('ref_axis',(1.,0.,0.));
#5866=DIRECTION('center_axis',(1.,0.,0.));
#5867=DIRECTION('ref_axis',(0.,1.,0.));
#5868=DIRECTION('center_axis',(0.,-1.,0.));
#5869=DIRECTION('ref_axis',(-1.,0.,0.));
#5870=DIRECTION('center_axis',(-1.,0.,0.));
#5871=DIRECTION('ref_axis',(0.,1.,0.));
#5872=DIRECTION('center_axis',(0.,1.,0.));
#5873=DIRECTION('ref_axis',(1.,0.,0.));
#5874=DIRECTION('center_axis',(0.,1.,0.));
#5875=DIRECTION('ref_axis',(1.,0.,0.));
#5876=DIRECTION('center_axis',(1.,0.,0.));
#5877=DIRECTION('ref_axis',(0.,1.,0.));
#5878=DIRECTION('center_axis',(-1.,0.,0.));
#5879=DIRECTION('ref_axis',(0.,1.,0.));
#5880=DIRECTION('center_axis',(0.,-1.,0.));
#5881=DIRECTION('ref_axis',(-1.,0.,0.));
#5882=DIRECTION('center_axis',(-1.,0.,0.));
#5883=DIRECTION('ref_axis',(0.,1.,0.));
#5884=DIRECTION('center_axis',(0.,1.,0.));
#5885=DIRECTION('ref_axis',(1.,0.,0.));
#5886=DIRECTION('center_axis',(0.,1.,0.));
#5887=DIRECTION('ref_axis',(1.,0.,0.));
#5888=DIRECTION('center_axis',(-1.,0.,0.));
#5889=DIRECTION('ref_axis',(0.,1.,0.));
#5890=DIRECTION('center_axis',(1.,0.,0.));
#5891=DIRECTION('ref_axis',(0.,1.,0.));
#5892=DIRECTION('center_axis',(0.,-1.,0.));
#5893=DIRECTION('ref_axis',(-1.,0.,0.));
#5894=DIRECTION('center_axis',(0.,0.,1.));
#5895=DIRECTION('ref_axis',(1.,0.,0.));
#5896=DIRECTION('center_axis',(0.,1.,0.));
#5897=DIRECTION('ref_axis',(1.,0.,0.));
#5898=DIRECTION('center_axis',(-1.,0.,0.));
#5899=DIRECTION('ref_axis',(0.,1.,0.));
#5900=DIRECTION('center_axis',(1.,0.,0.));
#5901=DIRECTION('ref_axis',(0.,1.,0.));
#5902=DIRECTION('center_axis',(0.,-1.,0.));
#5903=DIRECTION('ref_axis',(-1.,0.,0.));
#5904=DIRECTION('center_axis',(1.,0.,0.));
#5905=DIRECTION('ref_axis',(0.,0.,-1.));
#5906=DIRECTION('center_axis',(0.,-1.,0.));
#5907=DIRECTION('ref_axis',(-1.,0.,0.));
#5908=DIRECTION('center_axis',(1.,0.,0.));
#5909=DIRECTION('ref_axis',(0.,1.,0.));
#5910=DIRECTION('center_axis',(0.,-1.,0.));
#5911=DIRECTION('ref_axis',(-1.,0.,0.));
#5912=DIRECTION('center_axis',(-1.,0.,0.));
#5913=DIRECTION('ref_axis',(0.,1.,0.));
#5914=DIRECTION('center_axis',(1.,0.,0.));
#5915=DIRECTION('ref_axis',(0.,1.,0.));
#5916=DIRECTION('center_axis',(0.,-1.,0.));
#5917=DIRECTION('ref_axis',(-1.,0.,0.));
#5918=CARTESIAN_POINT('',(0.,0.,0.));
#5919=CARTESIAN_POINT('Origin',(0.5,39.5,-37.5));
#5920=CARTESIAN_POINT('',(0.5,39.5,-38.));
#5921=CARTESIAN_POINT('',(0.5,40.,-37.5));
#5922=CARTESIAN_POINT('Origin',(0.5,39.5,-37.5));
#5923=CARTESIAN_POINT('',(0.,39.5,-37.5));
#5924=CARTESIAN_POINT('Origin',(0.5,39.5,-37.5));
#5925=CARTESIAN_POINT('Origin',(0.5,39.5,-37.5));
#5926=CARTESIAN_POINT('Origin',(0.5,39.5,-6.5));
#5927=CARTESIAN_POINT('',(-0.499999999999998,39.5,-6.));
#5928=CARTESIAN_POINT('',(0.5,40.5,-6.));
#5929=CARTESIAN_POINT('Origin',(0.5,39.5,-6.));
#5930=CARTESIAN_POINT('',(0.5,40.,-6.5));
#5931=CARTESIAN_POINT('Origin',(0.5,40.5,-6.5));
#5932=CARTESIAN_POINT('',(0.,39.5,-6.5));
#5933=CARTESIAN_POINT('Origin',(0.5,39.5,-6.5));
#5934=CARTESIAN_POINT('Origin',(-0.499999999999998,39.5,-6.5));
#5935=CARTESIAN_POINT('Origin',(0.5,15.5,-37.5));
#5936=CARTESIAN_POINT('',(0.,15.5,-37.5));
#5937=CARTESIAN_POINT('',(0.5,15.,-37.5));
#5938=CARTESIAN_POINT('Origin',(0.5,15.5,-37.5));
#5939=CARTESIAN_POINT('',(0.5,15.5,-38.));
#5940=CARTESIAN_POINT('Origin',(0.5,15.5,-37.5));
#5941=CARTESIAN_POINT('Origin',(0.5,15.5,-37.5));
#5942=CARTESIAN_POINT('Origin',(0.5,0.,-37.5));
#5943=CARTESIAN_POINT('',(0.5,0.,-38.));
#5944=CARTESIAN_POINT('',(0.,0.,-37.5));
#5945=CARTESIAN_POINT('Origin',(24.5,39.5,-38.5));
#5946=CARTESIAN_POINT('',(25.,39.5,-38.5));
#5947=CARTESIAN_POINT('',(25.5,40.,-38.5));
#5948=CARTESIAN_POINT('Origin',(25.5,39.5,-38.5));
#5949=CARTESIAN_POINT('',(24.5,39.5,-38.));
#5950=CARTESIAN_POINT('Origin',(24.5,39.5,-38.5));
#5951=CARTESIAN_POINT('',(24.5,40.,-37.5));
#5952=CARTESIAN_POINT('Origin',(24.5,39.5,-37.5));
#5953=CARTESIAN_POINT('Origin',(24.5,40.,-38.5));
#5954=CARTESIAN_POINT('Origin',(0.5,15.5,-6.5));
#5955=CARTESIAN_POINT('',(0.5,14.5,-6.));
#5956=CARTESIAN_POINT('',(-0.499999999999998,15.5,-6.));
#5957=CARTESIAN_POINT('Origin',(0.5,15.5,-6.));
#5958=CARTESIAN_POINT('',(0.,15.5,-6.5));
#5959=CARTESIAN_POINT('Origin',(-0.499999999999998,15.5,-6.5));
#5960=CARTESIAN_POINT('',(0.5,15.,-6.5));
#5961=CARTESIAN_POINT('Origin',(0.5,15.5,-6.5));
#5962=CARTESIAN_POINT('Origin',(0.5,14.5,-6.5));
#5963=CARTESIAN_POINT('Origin',(-0.499999999999998,0.,-6.5));
#5964=CARTESIAN_POINT('',(0.,0.,-6.5));
#5965=CARTESIAN_POINT('',(-0.499999999999998,0.,-6.));
#5966=CARTESIAN_POINT('Origin',(0.5,15.5,-19.));
#5967=CARTESIAN_POINT('',(0.,15.5,-19.));
#5968=CARTESIAN_POINT('',(0.5,15.,-19.));
#5969=CARTESIAN_POINT('Origin',(5.5,39.5,-6.5));
#5970=CARTESIAN_POINT('',(5.5,40.5,-6.));
#5971=CARTESIAN_POINT('',(6.5,39.5,-6.));
#5972=CARTESIAN_POINT('Origin',(5.5,39.5,-6.));
#5973=CARTESIAN_POINT('',(6.,39.5,-6.5));
#5974=CARTESIAN_POINT('Origin',(6.5,39.5,-6.5));
#5975=CARTESIAN_POINT('',(5.5,40.,-6.5));
#5976=CARTESIAN_POINT('Origin',(5.5,39.5,-6.5));
#5977=CARTESIAN_POINT('Origin',(5.5,40.5,-6.5));
#5978=CARTESIAN_POINT('Origin',(24.5,15.5,-38.5));
#5979=CARTESIAN_POINT('',(24.5,15.5,-38.));
#5980=CARTESIAN_POINT('',(24.5,15.,-37.5));
#5981=CARTESIAN_POINT('Origin',(24.5,15.5,-37.5));
#5982=CARTESIAN_POINT('',(25.,15.5,-38.5));
#5983=CARTESIAN_POINT('Origin',(24.5,15.5,-38.5));
#5984=CARTESIAN_POINT('',(25.5,15.,-38.5));
#5985=CARTESIAN_POINT('Origin',(25.5,15.5,-38.5));
#5986=CARTESIAN_POINT('Origin',(24.5,15.,-38.5));
#5987=CARTESIAN_POINT('Origin',(24.5,0.,-38.5));
#5988=CARTESIAN_POINT('',(25.,0.,-38.5));
#5989=CARTESIAN_POINT('',(24.5,0.,-38.));
#5990=CARTESIAN_POINT('Origin',(25.5,39.5,-69.5));
#5991=CARTESIAN_POINT('',(25.5,39.5,-70.));
#5992=CARTESIAN_POINT('',(25.5,40.,-69.5));
#5993=CARTESIAN_POINT('Origin',(25.5,39.5,-69.5));
#5994=CARTESIAN_POINT('',(25.,39.5,-69.5));
#5995=CARTESIAN_POINT('Origin',(25.5,39.5,-69.5));
#5996=CARTESIAN_POINT('Origin',(25.5,39.5,-69.5));
#5997=CARTESIAN_POINT('Origin',(5.5,15.5,-6.5));
#5998=CARTESIAN_POINT('',(6.,15.5,-6.5));
#5999=CARTESIAN_POINT('',(5.5,15.,-6.5));
#6000=CARTESIAN_POINT('Origin',(5.5,15.5,-6.5));
#6001=CARTESIAN_POINT('',(6.5,15.5,-6.));
#6002=CARTESIAN_POINT('Origin',(6.5,15.5,-6.5));
#6003=CARTESIAN_POINT('',(5.5,14.5,-6.));
#6004=CARTESIAN_POINT('Origin',(5.5,15.5,-6.));
#6005=CARTESIAN_POINT('Origin',(5.5,14.5,-6.5));
#6006=CARTESIAN_POINT('Origin',(6.5,0.,-6.5));
#6007=CARTESIAN_POINT('',(6.5,0.,-6.));
#6008=CARTESIAN_POINT('',(6.,0.,-6.5));
#6009=CARTESIAN_POINT('Origin',(15.5,14.5,-6.5));
#6010=CARTESIAN_POINT('',(15.5,15.,-6.5));
#6011=CARTESIAN_POINT('',(15.5,14.5,-6.));
#6012=CARTESIAN_POINT('Origin',(6.5,39.5,-31.5));
#6013=CARTESIAN_POINT('',(6.,39.5,-31.5));
#6014=CARTESIAN_POINT('',(5.5,40.,-31.5));
#6015=CARTESIAN_POINT('Origin',(5.5,39.5,-31.5));
#6016=CARTESIAN_POINT('',(6.5,39.5,-32.));
#6017=CARTESIAN_POINT('Origin',(6.5,39.5,-31.5));
#6018=CARTESIAN_POINT('',(6.5,40.,-32.5));
#6019=CARTESIAN_POINT('Origin',(6.5,39.5,-32.5));
#6020=CARTESIAN_POINT('Origin',(6.5,40.,-31.5));
#6021=CARTESIAN_POINT('Origin',(25.5,15.5,-69.5));
#6022=CARTESIAN_POINT('',(25.,15.5,-69.5));
#6023=CARTESIAN_POINT('',(25.5,15.,-69.5));
#6024=CARTESIAN_POINT('Origin',(25.5,15.5,-69.5));
#6025=CARTESIAN_POINT('',(25.5,15.5,-70.));
#6026=CARTESIAN_POINT('Origin',(25.5,15.5,-69.5));
#6027=CARTESIAN_POINT('Origin',(25.5,15.5,-69.5));
#6028=CARTESIAN_POINT('Origin',(25.5,0.,-69.5));
#6029=CARTESIAN_POINT('',(25.5,0.,-70.));
#6030=CARTESIAN_POINT('',(25.,0.,-69.5));
#6031=CARTESIAN_POINT('Origin',(67.5,39.5,-69.5));
#6032=CARTESIAN_POINT('',(68.,39.5,-69.5));
#6033=CARTESIAN_POINT('',(67.5,40.,-69.5));
#6034=CARTESIAN_POINT('Origin',(67.5,39.5,-69.5));
#6035=CARTESIAN_POINT('',(67.5,39.5,-70.));
#6036=CARTESIAN_POINT('Origin',(67.5,39.5,-69.5));
#6037=CARTESIAN_POINT('Origin',(67.5,39.5,-69.5));
#6038=CARTESIAN_POINT('Origin',(6.5,15.5,-31.5));
#6039=CARTESIAN_POINT('',(6.5,15.5,-32.));
#6040=CARTESIAN_POINT('',(6.5,15.,-32.5));
#6041=CARTESIAN_POINT('Origin',(6.5,15.5,-32.5));
#6042=CARTESIAN_POINT('',(6.,15.5,-31.5));
#6043=CARTESIAN_POINT('Origin',(6.5,15.5,-31.5));
#6044=CARTESIAN_POINT('',(5.5,15.,-31.5));
#6045=CARTESIAN_POINT('Origin',(5.5,15.5,-31.5));
#6046=CARTESIAN_POINT('Origin',(6.5,15.,-31.5));
#6047=CARTESIAN_POINT('Origin',(6.5,0.,-31.5));
#6048=CARTESIAN_POINT('',(6.,0.,-31.5));
#6049=CARTESIAN_POINT('',(6.5,0.,-32.));
#6050=CARTESIAN_POINT('Origin',(5.5,15.5,-3.));
#6051=CARTESIAN_POINT('',(6.,15.5,-3.));
#6052=CARTESIAN_POINT('',(5.5,15.,-3.));
#6053=CARTESIAN_POINT('Origin',(30.5,39.5,-32.5));
#6054=CARTESIAN_POINT('',(30.5,39.5,-32.));
#6055=CARTESIAN_POINT('',(30.5,40.,-32.5));
#6056=CARTESIAN_POINT('Origin',(30.5,39.5,-32.5));
#6057=CARTESIAN_POINT('',(31.,39.5,-32.5));
#6058=CARTESIAN_POINT('Origin',(30.5,39.5,-32.5));
#6059=CARTESIAN_POINT('Origin',(30.5,39.5,-32.5));
#6060=CARTESIAN_POINT('Origin',(67.5,15.5,-69.5));
#6061=CARTESIAN_POINT('',(67.5,15.5,-70.));
#6062=CARTESIAN_POINT('',(67.5,15.,-69.5));
#6063=CARTESIAN_POINT('Origin',(67.5,15.5,-69.5));
#6064=CARTESIAN_POINT('',(68.,15.5,-69.5));
#6065=CARTESIAN_POINT('Origin',(67.5,15.5,-69.5));
#6066=CARTESIAN_POINT('Origin',(67.5,15.5,-69.5));
#6067=CARTESIAN_POINT('Origin',(67.5,0.,-69.5));
#6068=CARTESIAN_POINT('',(68.,0.,-69.5));
#6069=CARTESIAN_POINT('',(67.5,0.,-70.));
#6070=CARTESIAN_POINT('Origin',(67.5,39.5,-32.5));
#6071=CARTESIAN_POINT('',(67.5,39.5,-32.));
#6072=CARTESIAN_POINT('',(67.5,40.,-32.5));
#6073=CARTESIAN_POINT('Origin',(67.5,39.5,-32.5));
#6074=CARTESIAN_POINT('',(68.,39.5,-32.5));
#6075=CARTESIAN_POINT('Origin',(67.5,39.5,-32.5));
#6076=CARTESIAN_POINT('Origin',(67.5,39.5,-32.5));
#6077=CARTESIAN_POINT('Origin',(30.5,15.5,-32.5));
#6078=CARTESIAN_POINT('',(31.,15.5,-32.5));
#6079=CARTESIAN_POINT('',(30.5,15.,-32.5));
#6080=CARTESIAN_POINT('Origin',(30.5,15.5,-32.5));
#6081=CARTESIAN_POINT('',(30.5,15.5,-32.));
#6082=CARTESIAN_POINT('Origin',(30.5,15.5,-32.5));
#6083=CARTESIAN_POINT('Origin',(30.5,15.5,-32.5));
#6084=CARTESIAN_POINT('Origin',(30.5,0.,-32.5));
#6085=CARTESIAN_POINT('',(30.5,0.,-32.));
#6086=CARTESIAN_POINT('',(31.,0.,-32.5));
#6087=CARTESIAN_POINT('Origin',(3.,15.5,-32.5));
#6088=CARTESIAN_POINT('',(3.,15.5,-32.));
#6089=CARTESIAN_POINT('',(3.,15.,-32.5));
#6090=CARTESIAN_POINT('Origin',(31.5,39.5,-63.5));
#6091=CARTESIAN_POINT('',(31.,39.5,-63.5));
#6092=CARTESIAN_POINT('',(30.5,40.,-63.5));
#6093=CARTESIAN_POINT('Origin',(30.5,39.5,-63.5));
#6094=CARTESIAN_POINT('',(31.5,39.5,-64.));
#6095=CARTESIAN_POINT('Origin',(31.5,39.5,-63.5));
#6096=CARTESIAN_POINT('',(31.5,40.,-64.5));
#6097=CARTESIAN_POINT('Origin',(31.5,39.5,-64.5));
#6098=CARTESIAN_POINT('Origin',(31.5,40.,-63.5));
#6099=CARTESIAN_POINT('Origin',(67.5,15.5,-32.5));
#6100=CARTESIAN_POINT('',(68.,15.5,-32.5));
#6101=CARTESIAN_POINT('',(67.5,15.,-32.5));
#6102=CARTESIAN_POINT('Origin',(67.5,15.5,-32.5));
#6103=CARTESIAN_POINT('',(67.5,15.5,-32.));
#6104=CARTESIAN_POINT('Origin',(67.5,15.5,-32.5));
#6105=CARTESIAN_POINT('Origin',(67.5,15.5,-32.5));
#6106=CARTESIAN_POINT('Origin',(67.5,0.,-32.5));
#6107=CARTESIAN_POINT('',(67.5,0.,-32.));
#6108=CARTESIAN_POINT('',(68.,0.,-32.5));
#6109=CARTESIAN_POINT('Origin',(62.5,39.5,-32.5));
#6110=CARTESIAN_POINT('',(62.,39.5,-32.5));
#6111=CARTESIAN_POINT('',(62.5,40.,-32.5));
#6112=CARTESIAN_POINT('Origin',(62.5,39.5,-32.5));
#6113=CARTESIAN_POINT('',(62.5,39.5,-32.));
#6114=CARTESIAN_POINT('Origin',(62.5,39.5,-32.5));
#6115=CARTESIAN_POINT('Origin',(62.5,39.5,-32.5));
#6116=CARTESIAN_POINT('Origin',(31.5,15.5,-63.5));
#6117=CARTESIAN_POINT('',(31.5,15.5,-64.));
#6118=CARTESIAN_POINT('',(31.5,15.,-64.5));
#6119=CARTESIAN_POINT('Origin',(31.5,15.5,-64.5));
#6120=CARTESIAN_POINT('',(31.,15.5,-63.5));
#6121=CARTESIAN_POINT('Origin',(31.5,15.5,-63.5));
#6122=CARTESIAN_POINT('',(30.5,15.,-63.5));
#6123=CARTESIAN_POINT('Origin',(30.5,15.5,-63.5));
#6124=CARTESIAN_POINT('Origin',(31.5,15.,-63.5));
#6125=CARTESIAN_POINT('Origin',(31.5,0.,-63.5));
#6126=CARTESIAN_POINT('',(31.,0.,-63.5));
#6127=CARTESIAN_POINT('',(31.5,0.,-64.));
#6128=CARTESIAN_POINT('Origin',(30.5,15.5,-16.));
#6129=CARTESIAN_POINT('',(31.,15.5,-16.));
#6130=CARTESIAN_POINT('',(30.5,15.,-16.));
#6131=CARTESIAN_POINT('Origin',(61.5,39.5,-63.5));
#6132=CARTESIAN_POINT('',(61.5,39.5,-64.));
#6133=CARTESIAN_POINT('',(61.5,40.,-64.5));
#6134=CARTESIAN_POINT('Origin',(61.5,39.5,-64.5));
#6135=CARTESIAN_POINT('',(62.,39.5,-63.5));
#6136=CARTESIAN_POINT('Origin',(61.5,39.5,-63.5));
#6137=CARTESIAN_POINT('',(62.5,40.,-63.5));
#6138=CARTESIAN_POINT('Origin',(62.5,39.5,-63.5));
#6139=CARTESIAN_POINT('Origin',(61.5,40.,-63.5));
#6140=CARTESIAN_POINT('Origin',(62.5,15.5,-32.5));
#6141=CARTESIAN_POINT('',(62.5,15.5,-32.));
#6142=CARTESIAN_POINT('',(62.5,15.,-32.5));
#6143=CARTESIAN_POINT('Origin',(62.5,15.5,-32.5));
#6144=CARTESIAN_POINT('',(62.,15.5,-32.5));
#6145=CARTESIAN_POINT('Origin',(62.5,15.5,-32.5));
#6146=CARTESIAN_POINT('Origin',(62.5,15.5,-32.5));
#6147=CARTESIAN_POINT('Origin',(62.5,0.,-32.5));
#6148=CARTESIAN_POINT('',(62.,0.,-32.5));
#6149=CARTESIAN_POINT('',(62.5,0.,-32.));
#6150=CARTESIAN_POINT('Origin',(61.5,15.5,-63.5));
#6151=CARTESIAN_POINT('',(62.,15.5,-63.5));
#6152=CARTESIAN_POINT('',(62.5,15.,-63.5));
#6153=CARTESIAN_POINT('Origin',(62.5,15.5,-63.5));
#6154=CARTESIAN_POINT('',(61.5,15.5,-64.));
#6155=CARTESIAN_POINT('Origin',(61.5,15.5,-63.5));
#6156=CARTESIAN_POINT('',(61.5,15.,-64.5));
#6157=CARTESIAN_POINT('Origin',(61.5,15.5,-64.5));
#6158=CARTESIAN_POINT('Origin',(61.5,15.,-63.5));
#6159=CARTESIAN_POINT('Origin',(61.5,0.,-63.5));
#6160=CARTESIAN_POINT('',(61.5,0.,-64.));
#6161=CARTESIAN_POINT('',(62.,0.,-63.5));
#6162=CARTESIAN_POINT('Origin',(15.5,15.5,-64.5));
#6163=CARTESIAN_POINT('',(15.5,15.5,-64.));
#6164=CARTESIAN_POINT('',(15.5,15.,-64.5));
#6165=CARTESIAN_POINT('Origin',(62.5,15.5,-32.));
#6166=CARTESIAN_POINT('',(62.,15.5,-32.));
#6167=CARTESIAN_POINT('',(62.5,15.,-32.));
#6168=CARTESIAN_POINT('Origin',(31.,15.5,-32.5));
#6169=CARTESIAN_POINT('',(31.,15.5,-32.));
#6170=CARTESIAN_POINT('',(31.,15.,-32.5));
#6171=CARTESIAN_POINT('Origin',(62.5,39.5,-49.5));
#6172=CARTESIAN_POINT('',(62.5,40.,-49.5));
#6173=CARTESIAN_POINT('',(62.,39.5,-49.5));
#6174=CARTESIAN_POINT('Origin',(17.5,39.5,-64.5));
#6175=CARTESIAN_POINT('',(17.5,40.,-64.5));
#6176=CARTESIAN_POINT('',(17.5,39.5,-64.));
#6177=CARTESIAN_POINT('Origin',(33.,39.5,-32.5));
#6178=CARTESIAN_POINT('',(33.,40.,-32.5));
#6179=CARTESIAN_POINT('',(33.,39.5,-32.));
#6180=CARTESIAN_POINT('Origin',(67.5,15.5,-16.));
#6181=CARTESIAN_POINT('',(68.,15.5,-16.));
#6182=CARTESIAN_POINT('',(67.5,15.,-16.));
#6183=CARTESIAN_POINT('Origin',(30.5,39.5,-33.5));
#6184=CARTESIAN_POINT('',(30.5,40.,-33.5));
#6185=CARTESIAN_POINT('',(31.,39.5,-33.5));
#6186=CARTESIAN_POINT('Origin',(67.5,39.5,-33.5));
#6187=CARTESIAN_POINT('',(67.5,40.,-33.5));
#6188=CARTESIAN_POINT('',(68.,39.5,-33.5));
#6189=CARTESIAN_POINT('Origin',(34.,15.5,-69.5));
#6190=CARTESIAN_POINT('',(34.,15.5,-70.));
#6191=CARTESIAN_POINT('',(34.,15.,-69.5));
#6192=CARTESIAN_POINT('Origin',(5.,39.5,-32.5));
#6193=CARTESIAN_POINT('',(5.,40.,-32.5));
#6194=CARTESIAN_POINT('',(5.,39.5,-32.));
#6195=CARTESIAN_POINT('Origin',(36.,39.5,-69.5));
#6196=CARTESIAN_POINT('',(36.,40.,-69.5));
#6197=CARTESIAN_POINT('',(36.,39.5,-70.));
#6198=CARTESIAN_POINT('Origin',(25.5,15.5,-35.));
#6199=CARTESIAN_POINT('',(25.,15.5,-35.));
#6200=CARTESIAN_POINT('',(25.5,15.,-35.));
#6201=CARTESIAN_POINT('Origin',(5.5,39.5,-20.5));
#6202=CARTESIAN_POINT('',(5.5,40.,-20.5));
#6203=CARTESIAN_POINT('',(6.,39.5,-20.5));
#6204=CARTESIAN_POINT('Origin',(25.5,39.5,-52.5));
#6205=CARTESIAN_POINT('',(25.5,40.,-52.5));
#6206=CARTESIAN_POINT('',(25.,39.5,-52.5));
#6207=CARTESIAN_POINT('Origin',(12.5,15.5,-37.5));
#6208=CARTESIAN_POINT('',(12.5,15.5,-38.));
#6209=CARTESIAN_POINT('',(12.5,15.,-37.5));
#6210=CARTESIAN_POINT('Origin',(17.5,40.5,-6.5));
#6211=CARTESIAN_POINT('',(17.5,40.,-6.5));
#6212=CARTESIAN_POINT('',(17.5,40.5,-6.));
#6213=CARTESIAN_POINT('Origin',(14.5,39.5,-37.5));
#6214=CARTESIAN_POINT('',(14.5,40.,-37.5));
#6215=CARTESIAN_POINT('',(14.5,39.5,-38.));
#6216=CARTESIAN_POINT('Origin',(0.5,39.5,-36.5));
#6217=CARTESIAN_POINT('',(0.5,40.,-36.5));
#6218=CARTESIAN_POINT('',(0.,39.5,-36.5));
#6219=CARTESIAN_POINT('Origin',(0.,0.,-38.));
#6220=CARTESIAN_POINT('Origin',(25.,0.,-38.));
#6221=CARTESIAN_POINT('Origin',(31.,0.,-6.));
#6222=CARTESIAN_POINT('',(-59.5,-25.5,-6.));
#6223=CARTESIAN_POINT('',(-59.5,-44.5,-6.));
#6224=CARTESIAN_POINT('',(-59.5,20.,-6.));
#6225=CARTESIAN_POINT('',(-0.5,-25.5,-6.));
#6226=CARTESIAN_POINT('',(8.,-25.5,-6.));
#6227=CARTESIAN_POINT('',(0.5,-24.5,-6.));
#6228=CARTESIAN_POINT('Origin',(-0.5,-24.5,-6.));
#6229=CARTESIAN_POINT('',(0.5,-20.5,-6.));
#6230=CARTESIAN_POINT('',(0.5,-12.5,-6.));
#6231=CARTESIAN_POINT('',(-0.499999999999998,-19.5,-6.));
#6232=CARTESIAN_POINT('Origin',(-0.499999999999998,-20.5,-6.));
#6233=CARTESIAN_POINT('',(-59.5,-19.5,-6.));
#6234=CARTESIAN_POINT('',(-14.5,-19.5,-6.));
#6235=CARTESIAN_POINT('',(-59.5,-0.499999999999998,-6.));
#6236=CARTESIAN_POINT('',(-59.5,20.,-6.));
#6237=CARTESIAN_POINT('',(-0.5,-0.5,-6.));
#6238=CARTESIAN_POINT('',(8.,-0.5,-6.));
#6239=CARTESIAN_POINT('',(0.5,0.5,-6.));
#6240=CARTESIAN_POINT('Origin',(-0.5,0.5,-6.));
#6241=CARTESIAN_POINT('',(0.5,4.5,-6.));
#6242=CARTESIAN_POINT('',(0.5,0.,-6.));
#6243=CARTESIAN_POINT('',(-0.499999999999998,5.5,-6.));
#6244=CARTESIAN_POINT('Origin',(-0.499999999999998,4.5,-6.));
#6245=CARTESIAN_POINT('',(-59.5,5.5,-6.));
#6246=CARTESIAN_POINT('',(-14.5,5.5,-6.));
#6247=CARTESIAN_POINT('',(-59.5,24.5,-6.));
#6248=CARTESIAN_POINT('',(-59.5,20.,-6.));
#6249=CARTESIAN_POINT('',(-5.5,24.5,-6.));
#6250=CARTESIAN_POINT('',(8.,24.5,-6.));
#6251=CARTESIAN_POINT('',(-4.5,25.5,-6.));
#6252=CARTESIAN_POINT('Origin',(-5.5,25.5,-6.));
#6253=CARTESIAN_POINT('',(-4.5,29.5,-6.));
#6254=CARTESIAN_POINT('',(-4.5,12.5,-6.));
#6255=CARTESIAN_POINT('',(-5.5,30.5,-6.));
#6256=CARTESIAN_POINT('Origin',(-5.5,29.5,-6.));
#6257=CARTESIAN_POINT('',(-59.5,30.5,-6.));
#6258=CARTESIAN_POINT('',(-14.5,30.5,-6.));
#6259=CARTESIAN_POINT('',(-59.5,49.5,-6.));
#6260=CARTESIAN_POINT('',(-59.5,20.,-6.));
#6261=CARTESIAN_POINT('',(-0.5,49.5,-6.));
#6262=CARTESIAN_POINT('',(8.,49.5,-6.));
#6263=CARTESIAN_POINT('',(0.5,50.5,-6.));
#6264=CARTESIAN_POINT('Origin',(-0.5,50.5,-6.));
#6265=CARTESIAN_POINT('',(0.5,54.5,-6.));
#6266=CARTESIAN_POINT('',(0.5,25.,-6.));
#6267=CARTESIAN_POINT('',(-0.499999999999998,55.5,-6.));
#6268=CARTESIAN_POINT('Origin',(-0.499999999999998,54.5,-6.));
#6269=CARTESIAN_POINT('',(-59.5,55.5,-6.));
#6270=CARTESIAN_POINT('',(-14.5,55.5,-6.));
#6271=CARTESIAN_POINT('',(-59.5,74.5,-6.));
#6272=CARTESIAN_POINT('',(-59.5,20.,-6.));
#6273=CARTESIAN_POINT('',(-0.5,74.5,-6.));
#6274=CARTESIAN_POINT('',(8.,74.5,-6.));
#6275=CARTESIAN_POINT('',(0.5,75.5,-6.));
#6276=CARTESIAN_POINT('Origin',(-0.5,75.5,-6.));
#6277=CARTESIAN_POINT('',(0.5,79.5,-6.));
#6278=CARTESIAN_POINT('',(0.5,37.5,-6.));
#6279=CARTESIAN_POINT('',(-0.499999999999998,80.5,-6.));
#6280=CARTESIAN_POINT('Origin',(-0.499999999999998,79.5,-6.));
#6281=CARTESIAN_POINT('',(-59.5,80.5,-6.));
#6282=CARTESIAN_POINT('',(-14.5,80.5,-6.));
#6283=CARTESIAN_POINT('',(-59.5,99.5,-6.));
#6284=CARTESIAN_POINT('',(-59.5,20.,-6.));
#6285=CARTESIAN_POINT('',(-0.5,99.5,-6.));
#6286=CARTESIAN_POINT('',(8.,99.5,-6.));
#6287=CARTESIAN_POINT('',(0.5,100.5,-6.));
#6288=CARTESIAN_POINT('Origin',(-0.5,100.5,-6.));
#6289=CARTESIAN_POINT('',(0.5,104.5,-6.));
#6290=CARTESIAN_POINT('',(0.5,50.,-6.));
#6291=CARTESIAN_POINT('',(-0.499999999999998,105.5,-6.));
#6292=CARTESIAN_POINT('Origin',(-0.499999999999998,104.5,-6.));
#6293=CARTESIAN_POINT('',(-59.5,105.5,-6.));
#6294=CARTESIAN_POINT('',(-14.5,105.5,-6.));
#6295=CARTESIAN_POINT('',(-59.5,114.5,-6.));
#6296=CARTESIAN_POINT('',(-59.5,20.,-6.));
#6297=CARTESIAN_POINT('',(30.5,114.5,-6.));
#6298=CARTESIAN_POINT('',(20.5,114.5,-6.));
#6299=CARTESIAN_POINT('',(30.5,-59.5,-6.));
#6300=CARTESIAN_POINT('',(30.5,0.,-6.));
#6301=CARTESIAN_POINT('',(-59.5,-59.5,-6.));
#6302=CARTESIAN_POINT('',(-17.,-59.5,-6.));
#6303=CARTESIAN_POINT('',(-59.5,-50.5,-6.));
#6304=CARTESIAN_POINT('',(-59.5,20.,-6.));
#6305=CARTESIAN_POINT('',(-0.5,-50.5,-6.));
#6306=CARTESIAN_POINT('',(8.,-50.5,-6.));
#6307=CARTESIAN_POINT('',(0.5,-49.5,-6.));
#6308=CARTESIAN_POINT('Origin',(-0.5,-49.5,-6.));
#6309=CARTESIAN_POINT('',(0.5,-45.5,-6.));
#6310=CARTESIAN_POINT('',(0.5,-25.,-6.));
#6311=CARTESIAN_POINT('',(-0.499999999999998,-44.5,-6.));
#6312=CARTESIAN_POINT('Origin',(-0.499999999999998,-45.5,-6.));
#6313=CARTESIAN_POINT('',(-14.5,-44.5,-6.));
#6314=CARTESIAN_POINT('Origin',(25.,0.,-70.));
#6315=CARTESIAN_POINT('Origin',(6.,0.,-6.));
#6316=CARTESIAN_POINT('Origin',(68.,0.,-70.));
#6317=CARTESIAN_POINT('Origin',(6.,0.,-32.));
#6318=CARTESIAN_POINT('Origin',(68.,0.,-32.));
#6319=CARTESIAN_POINT('Origin',(31.,0.,-32.));
#6320=CARTESIAN_POINT('Origin',(4.,40.,-35.));
#6321=CARTESIAN_POINT('Origin',(62.,0.,-32.));
#6322=CARTESIAN_POINT('Origin',(0.,15.,0.));
#6323=CARTESIAN_POINT('Origin',(62.,0.,-64.));
#6324=CARTESIAN_POINT('Origin',(31.,0.,-64.));
#6325=CARTESIAN_POINT('Origin',(-59.5,55.5,-5.5));
#6326=CARTESIAN_POINT('',(-60.,55.5,-5.5));
#6327=CARTESIAN_POINT('',(-59.5,55.,-5.5));
#6328=CARTESIAN_POINT('Origin',(-59.5,55.5,-5.5));
#6329=CARTESIAN_POINT('Origin',(-59.5,55.5,-5.5));
#6330=CARTESIAN_POINT('Origin',(-59.5,55.5,-5.5));
#6331=CARTESIAN_POINT('Origin',(-0.499999999999998,54.5,-5.5));
#6332=CARTESIAN_POINT('',(-0.499999999999998,55.,-5.5));
#6333=CARTESIAN_POINT('',(0.,54.5,-5.5));
#6334=CARTESIAN_POINT('Origin',(-0.499999999999998,54.5,-5.5));
#6335=CARTESIAN_POINT('Origin',(-0.499999999999998,55.5,-5.5));
#6336=CARTESIAN_POINT('Origin',(0.5,54.5,-5.5));
#6337=CARTESIAN_POINT('Origin',(-14.5,55.5,-5.5));
#6338=CARTESIAN_POINT('',(-14.5,55.,-5.5));
#6339=CARTESIAN_POINT('Origin',(-59.5,55.5,-0.5));
#6340=CARTESIAN_POINT('',(-60.,55.5,-0.5));
#6341=CARTESIAN_POINT('',(-59.5,55.5,0.));
#6342=CARTESIAN_POINT('Origin',(-59.5,55.5,-0.5));
#6343=CARTESIAN_POINT('',(-59.5,55.,-0.5));
#6344=CARTESIAN_POINT('Origin',(-59.5,55.5,-0.5));
#6345=CARTESIAN_POINT('Origin',(-59.5,55.5,-0.5));
#6346=CARTESIAN_POINT('Origin',(-59.5,55.5,0.));
#6347=CARTESIAN_POINT('',(-60.,55.5,0.));
#6348=CARTESIAN_POINT('',(-59.5,55.,0.));
#6349=CARTESIAN_POINT('Origin',(-59.5,74.5,-5.5));
#6350=CARTESIAN_POINT('',(-60.,74.5,-5.5));
#6351=CARTESIAN_POINT('Origin',(-59.5,74.5,-5.5));
#6352=CARTESIAN_POINT('',(-59.5,75.,-5.5));
#6353=CARTESIAN_POINT('Origin',(-59.5,74.5,-5.5));
#6354=CARTESIAN_POINT('Origin',(-59.5,74.5,-5.5));
#6355=CARTESIAN_POINT('Origin',(-0.499999999999998,54.5,-0.5));
#6356=CARTESIAN_POINT('',(0.5,54.5,0.));
#6357=CARTESIAN_POINT('',(-0.499999999999998,55.5,0.));
#6358=CARTESIAN_POINT('Origin',(-0.499999999999998,54.5,0.));
#6359=CARTESIAN_POINT('',(-0.499999999999998,55.,-0.5));
#6360=CARTESIAN_POINT('Origin',(-0.499999999999998,55.5,-0.5));
#6361=CARTESIAN_POINT('',(0.,54.5,-0.5));
#6362=CARTESIAN_POINT('Origin',(-0.499999999999998,54.5,-0.5));
#6363=CARTESIAN_POINT('Origin',(0.5,54.5,-0.5));
#6364=CARTESIAN_POINT('Origin',(-45.,55.5,-0.5));
#6365=CARTESIAN_POINT('',(-45.,55.5,0.));
#6366=CARTESIAN_POINT('',(-45.,55.,-0.5));
#6367=CARTESIAN_POINT('Origin',(-0.499999999999998,54.5,-3.));
#6368=CARTESIAN_POINT('',(-0.499999999999998,55.,-3.));
#6369=CARTESIAN_POINT('',(0.,54.5,-3.));
#6370=CARTESIAN_POINT('Origin',(-0.5,50.5,-5.5));
#6371=CARTESIAN_POINT('',(0.,50.5,-5.5));
#6372=CARTESIAN_POINT('',(-0.5,50.,-5.5));
#6373=CARTESIAN_POINT('Origin',(-0.5,50.5,-5.5));
#6374=CARTESIAN_POINT('Origin',(0.5,50.5,-5.5));
#6375=CARTESIAN_POINT('Origin',(-0.5,49.5,-5.5));
#6376=CARTESIAN_POINT('Origin',(0.5,25.,-5.5));
#6377=CARTESIAN_POINT('',(0.,25.,-5.5));
#6378=CARTESIAN_POINT('Origin',(-59.5,74.5,-0.5));
#6379=CARTESIAN_POINT('',(-60.,74.5,-0.5));
#6380=CARTESIAN_POINT('',(-59.5,75.,-0.5));
#6381=CARTESIAN_POINT('Origin',(-59.5,74.5,-0.5));
#6382=CARTESIAN_POINT('',(-59.5,74.5,0.));
#6383=CARTESIAN_POINT('Origin',(-59.5,74.5,-0.5));
#6384=CARTESIAN_POINT('Origin',(-59.5,74.5,-0.5));
#6385=CARTESIAN_POINT('Origin',(-59.5,52.5,-0.5));
#6386=CARTESIAN_POINT('',(-59.5,52.5,0.));
#6387=CARTESIAN_POINT('',(-60.,52.5,-0.5));
#6388=CARTESIAN_POINT('Origin',(-0.5,75.5,-5.5));
#6389=CARTESIAN_POINT('',(0.,75.5,-5.5));
#6390=CARTESIAN_POINT('',(-0.5,75.,-5.5));
#6391=CARTESIAN_POINT('Origin',(-0.5,75.5,-5.5));
#6392=CARTESIAN_POINT('Origin',(0.5,75.5,-5.5));
#6393=CARTESIAN_POINT('Origin',(-0.5,74.5,-5.5));
#6394=CARTESIAN_POINT('Origin',(-0.499999999999998,50.5,-0.5));
#6395=CARTESIAN_POINT('',(-0.499999999999998,49.5,0.));
#6396=CARTESIAN_POINT('',(0.5,50.5,0.));
#6397=CARTESIAN_POINT('Origin',(-0.499999999999998,50.5,0.));
#6398=CARTESIAN_POINT('',(0.,50.5,-0.5));
#6399=CARTESIAN_POINT('Origin',(0.5,50.5,-0.5));
#6400=CARTESIAN_POINT('',(-0.499999999999998,50.,-0.5));
#6401=CARTESIAN_POINT('Origin',(-0.5,50.5,-0.5));
#6402=CARTESIAN_POINT('Origin',(-0.499999999999998,49.5,-0.5));
#6403=CARTESIAN_POINT('Origin',(0.5,57.5,-0.5));
#6404=CARTESIAN_POINT('',(0.5,57.5,0.));
#6405=CARTESIAN_POINT('',(0.,57.5,-0.5));
#6406=CARTESIAN_POINT('Origin',(-0.5,50.5,-3.));
#6407=CARTESIAN_POINT('',(0.,50.5,-3.));
#6408=CARTESIAN_POINT('',(-0.5,50.,-3.));
#6409=CARTESIAN_POINT('Origin',(-59.5,49.5,-5.5));
#6410=CARTESIAN_POINT('',(-60.,49.5,-5.5));
#6411=CARTESIAN_POINT('Origin',(-59.5,49.5,-5.5));
#6412=CARTESIAN_POINT('',(-59.5,50.,-5.5));
#6413=CARTESIAN_POINT('Origin',(-59.5,49.5,-5.5));
#6414=CARTESIAN_POINT('Origin',(-59.5,49.5,-5.5));
#6415=CARTESIAN_POINT('Origin',(-0.499999999999998,75.5,-0.5));
#6416=CARTESIAN_POINT('',(-0.499999999999998,74.5,0.));
#6417=CARTESIAN_POINT('',(0.5,75.5,0.));
#6418=CARTESIAN_POINT('Origin',(-0.499999999999998,75.5,0.));
#6419=CARTESIAN_POINT('',(0.,75.5,-0.5));
#6420=CARTESIAN_POINT('Origin',(0.5,75.5,-0.5));
#6421=CARTESIAN_POINT('',(-0.499999999999998,75.,-0.5));
#6422=CARTESIAN_POINT('Origin',(-0.5,75.5,-0.5));
#6423=CARTESIAN_POINT('Origin',(-0.499999999999998,74.5,-0.5));
#6424=CARTESIAN_POINT('Origin',(-0.499999999999998,79.5,-5.5));
#6425=CARTESIAN_POINT('',(-0.499999999999998,80.,-5.5));
#6426=CARTESIAN_POINT('',(0.,79.5,-5.5));
#6427=CARTESIAN_POINT('Origin',(-0.499999999999998,79.5,-5.5));
#6428=CARTESIAN_POINT('Origin',(-0.499999999999998,80.5,-5.5));
#6429=CARTESIAN_POINT('Origin',(0.5,79.5,-5.5));
#6430=CARTESIAN_POINT('Origin',(-59.5,49.5,-0.5));
#6431=CARTESIAN_POINT('',(-60.,49.5,-0.5));
#6432=CARTESIAN_POINT('',(-59.5,50.,-0.5));
#6433=CARTESIAN_POINT('Origin',(-59.5,49.5,-0.5));
#6434=CARTESIAN_POINT('',(-59.5,49.5,0.));
#6435=CARTESIAN_POINT('Origin',(-59.5,49.5,-0.5));
#6436=CARTESIAN_POINT('Origin',(-59.5,49.5,-0.5));
#6437=CARTESIAN_POINT('Origin',(-59.5,30.5,-5.5));
#6438=CARTESIAN_POINT('',(-60.,30.5,-5.5));
#6439=CARTESIAN_POINT('',(-59.5,30.,-5.5));
#6440=CARTESIAN_POINT('Origin',(-59.5,30.5,-5.5));
#6441=CARTESIAN_POINT('Origin',(-59.5,30.5,-5.5));
#6442=CARTESIAN_POINT('Origin',(-59.5,30.5,-5.5));
#6443=CARTESIAN_POINT('Origin',(-59.5,20.,-5.5));
#6444=CARTESIAN_POINT('',(-60.,20.,-5.5));
#6445=CARTESIAN_POINT('Origin',(-0.499999999999998,79.5,-0.5));
#6446=CARTESIAN_POINT('',(0.5,79.5,0.));
#6447=CARTESIAN_POINT('',(-0.499999999999998,80.5,0.));
#6448=CARTESIAN_POINT('Origin',(-0.499999999999998,79.5,0.));
#6449=CARTESIAN_POINT('',(-0.499999999999998,80.,-0.5));
#6450=CARTESIAN_POINT('Origin',(-0.499999999999998,80.5,-0.5));
#6451=CARTESIAN_POINT('',(0.,79.5,-0.5));
#6452=CARTESIAN_POINT('Origin',(-0.499999999999998,79.5,-0.5));
#6453=CARTESIAN_POINT('Origin',(0.5,79.5,-0.5));
#6454=CARTESIAN_POINT('Origin',(-59.5,80.5,-5.5));
#6455=CARTESIAN_POINT('',(-60.,80.5,-5.5));
#6456=CARTESIAN_POINT('',(-59.5,80.,-5.5));
#6457=CARTESIAN_POINT('Origin',(-59.5,80.5,-5.5));
#6458=CARTESIAN_POINT('Origin',(-59.5,80.5,-5.5));
#6459=CARTESIAN_POINT('Origin',(-59.5,80.5,-5.5));
#6460=CARTESIAN_POINT('Origin',(-59.5,30.5,-0.5));
#6461=CARTESIAN_POINT('',(-59.5,30.,-0.5));
#6462=CARTESIAN_POINT('',(-60.,30.5,-0.5));
#6463=CARTESIAN_POINT('Origin',(-59.5,30.5,-0.5));
#6464=CARTESIAN_POINT('',(-59.5,30.5,0.));
#6465=CARTESIAN_POINT('Origin',(-59.5,30.5,-0.5));
#6466=CARTESIAN_POINT('Origin',(-59.5,30.5,-0.5));
#6467=CARTESIAN_POINT('Origin',(-5.5,29.5,-5.5));
#6468=CARTESIAN_POINT('',(-5.5,30.,-5.5));
#6469=CARTESIAN_POINT('',(-5.,29.5,-5.5));
#6470=CARTESIAN_POINT('Origin',(-5.5,29.5,-5.5));
#6471=CARTESIAN_POINT('Origin',(-5.5,30.5,-5.5));
#6472=CARTESIAN_POINT('Origin',(-4.5,29.5,-5.5));
#6473=CARTESIAN_POINT('Origin',(-14.5,30.5,-5.5));
#6474=CARTESIAN_POINT('',(-14.5,30.,-5.5));
#6475=CARTESIAN_POINT('Origin',(-59.5,80.5,-0.5));
#6476=CARTESIAN_POINT('',(-60.,80.5,-0.5));
#6477=CARTESIAN_POINT('',(-59.5,80.5,0.));
#6478=CARTESIAN_POINT('Origin',(-59.5,80.5,-0.5));
#6479=CARTESIAN_POINT('',(-59.5,80.,-0.5));
#6480=CARTESIAN_POINT('Origin',(-59.5,80.5,-0.5));
#6481=CARTESIAN_POINT('Origin',(-59.5,80.5,-0.5));
#6482=CARTESIAN_POINT('Origin',(-59.5,80.5,0.));
#6483=CARTESIAN_POINT('',(-60.,80.5,0.));
#6484=CARTESIAN_POINT('',(-59.5,80.,0.));
#6485=CARTESIAN_POINT('Origin',(-45.,80.5,-0.5));
#6486=CARTESIAN_POINT('',(-45.,80.5,0.));
#6487=CARTESIAN_POINT('',(-45.,80.,-0.5));
#6488=CARTESIAN_POINT('Origin',(-59.5,99.5,-5.5));
#6489=CARTESIAN_POINT('',(-60.,99.5,-5.5));
#6490=CARTESIAN_POINT('Origin',(-59.5,99.5,-5.5));
#6491=CARTESIAN_POINT('',(-59.5,100.,-5.5));
#6492=CARTESIAN_POINT('Origin',(-59.5,99.5,-5.5));
#6493=CARTESIAN_POINT('Origin',(-59.5,99.5,-5.5));
#6494=CARTESIAN_POINT('Origin',(-5.5,29.5,-0.5));
#6495=CARTESIAN_POINT('',(-4.5,29.5,0.));
#6496=CARTESIAN_POINT('',(-5.5,30.5,0.));
#6497=CARTESIAN_POINT('Origin',(-5.5,29.5,0.));
#6498=CARTESIAN_POINT('',(-5.5,30.,-0.5));
#6499=CARTESIAN_POINT('Origin',(-5.5,30.5,-0.5));
#6500=CARTESIAN_POINT('',(-5.,29.5,-0.5));
#6501=CARTESIAN_POINT('Origin',(-5.5,29.5,-0.5));
#6502=CARTESIAN_POINT('Origin',(-4.5,29.5,-0.5));
#6503=CARTESIAN_POINT('Origin',(-45.,30.5,-0.5));
#6504=CARTESIAN_POINT('',(-45.,30.5,0.));
#6505=CARTESIAN_POINT('',(-45.,30.,-0.5));
#6506=CARTESIAN_POINT('Origin',(-5.5,29.5,-3.));
#6507=CARTESIAN_POINT('',(-5.5,30.,-3.));
#6508=CARTESIAN_POINT('',(-5.,29.5,-3.));
#6509=CARTESIAN_POINT('Origin',(-5.5,25.5,-5.5));
#6510=CARTESIAN_POINT('',(-5.,25.5,-5.5));
#6511=CARTESIAN_POINT('',(-5.5,25.,-5.5));
#6512=CARTESIAN_POINT('Origin',(-5.5,25.5,-5.5));
#6513=CARTESIAN_POINT('Origin',(-4.5,25.5,-5.5));
#6514=CARTESIAN_POINT('Origin',(-5.5,24.5,-5.5));
#6515=CARTESIAN_POINT('Origin',(-4.5,12.5,-5.5));
#6516=CARTESIAN_POINT('',(-5.,12.5,-5.5));
#6517=CARTESIAN_POINT('Origin',(-59.5,99.5,-0.5));
#6518=CARTESIAN_POINT('',(-60.,99.5,-0.5));
#6519=CARTESIAN_POINT('',(-59.5,100.,-0.5));
#6520=CARTESIAN_POINT('Origin',(-59.5,99.5,-0.5));
#6521=CARTESIAN_POINT('',(-59.5,99.5,0.));
#6522=CARTESIAN_POINT('Origin',(-59.5,99.5,-0.5));
#6523=CARTESIAN_POINT('Origin',(-59.5,99.5,-0.5));
#6524=CARTESIAN_POINT('Origin',(-59.5,52.5,-0.5));
#6525=CARTESIAN_POINT('',(-59.5,52.5,0.));
#6526=CARTESIAN_POINT('',(-60.,52.5,-0.5));
#6527=CARTESIAN_POINT('Origin',(-0.5,100.5,-5.5));
#6528=CARTESIAN_POINT('',(0.,100.5,-5.5));
#6529=CARTESIAN_POINT('',(-0.5,100.,-5.5));
#6530=CARTESIAN_POINT('Origin',(-0.5,100.5,-5.5));
#6531=CARTESIAN_POINT('Origin',(0.5,100.5,-5.5));
#6532=CARTESIAN_POINT('Origin',(-0.5,99.5,-5.5));
#6533=CARTESIAN_POINT('Origin',(-5.5,25.5,-0.5));
#6534=CARTESIAN_POINT('',(-5.5,24.5,0.));
#6535=CARTESIAN_POINT('',(-4.5,25.5,0.));
#6536=CARTESIAN_POINT('Origin',(-5.5,25.5,0.));
#6537=CARTESIAN_POINT('',(-5.,25.5,-0.5));
#6538=CARTESIAN_POINT('Origin',(-4.5,25.5,-0.5));
#6539=CARTESIAN_POINT('',(-5.5,25.,-0.5));
#6540=CARTESIAN_POINT('Origin',(-5.5,25.5,-0.5));
#6541=CARTESIAN_POINT('Origin',(-5.5,24.5,-0.5));
#6542=CARTESIAN_POINT('Origin',(-4.5,45.,-0.5));
#6543=CARTESIAN_POINT('',(-4.5,45.,0.));
#6544=CARTESIAN_POINT('',(-5.,45.,-0.5));
#6545=CARTESIAN_POINT('Origin',(-5.5,25.5,-3.));
#6546=CARTESIAN_POINT('',(-5.,25.5,-3.));
#6547=CARTESIAN_POINT('',(-5.5,25.,-3.));
#6548=CARTESIAN_POINT('Origin',(-59.5,24.5,-5.5));
#6549=CARTESIAN_POINT('',(-60.,24.5,-5.5));
#6550=CARTESIAN_POINT('Origin',(-59.5,24.5,-5.5));
#6551=CARTESIAN_POINT('',(-59.5,25.,-5.5));
#6552=CARTESIAN_POINT('Origin',(-59.5,24.5,-5.5));
#6553=CARTESIAN_POINT('Origin',(-59.5,24.5,-5.5));
#6554=CARTESIAN_POINT('Origin',(-0.499999999999998,100.5,-0.5));
#6555=CARTESIAN_POINT('',(-0.499999999999998,99.5,0.));
#6556=CARTESIAN_POINT('',(0.5,100.5,0.));
#6557=CARTESIAN_POINT('Origin',(-0.499999999999998,100.5,0.));
#6558=CARTESIAN_POINT('',(0.,100.5,-0.5));
#6559=CARTESIAN_POINT('Origin',(0.5,100.5,-0.5));
#6560=CARTESIAN_POINT('',(-0.499999999999998,100.,-0.5));
#6561=CARTESIAN_POINT('Origin',(-0.5,100.5,-0.5));
#6562=CARTESIAN_POINT('Origin',(-0.499999999999998,99.5,-0.5));
#6563=CARTESIAN_POINT('Origin',(-0.499999999999998,104.5,-5.5));
#6564=CARTESIAN_POINT('',(-0.499999999999998,105.,-5.5));
#6565=CARTESIAN_POINT('',(0.,104.5,-5.5));
#6566=CARTESIAN_POINT('Origin',(-0.499999999999998,104.5,-5.5));
#6567=CARTESIAN_POINT('Origin',(-0.499999999999998,105.5,-5.5));
#6568=CARTESIAN_POINT('Origin',(0.5,104.5,-5.5));
#6569=CARTESIAN_POINT('Origin',(-59.5,24.5,-0.5));
#6570=CARTESIAN_POINT('',(-60.,24.5,-0.5));
#6571=CARTESIAN_POINT('',(-59.5,25.,-0.5));
#6572=CARTESIAN_POINT('Origin',(-59.5,24.5,-0.5));
#6573=CARTESIAN_POINT('',(-59.5,24.5,0.));
#6574=CARTESIAN_POINT('Origin',(-59.5,24.5,-0.5));
#6575=CARTESIAN_POINT('Origin',(-59.5,24.5,-0.5));
#6576=CARTESIAN_POINT('Origin',(-59.5,5.5,-5.5));
#6577=CARTESIAN_POINT('',(-60.,5.5,-5.5));
#6578=CARTESIAN_POINT('',(-59.5,5.,-5.5));
#6579=CARTESIAN_POINT('Origin',(-59.5,5.5,-5.5));
#6580=CARTESIAN_POINT('Origin',(-59.5,5.5,-5.5));
#6581=CARTESIAN_POINT('Origin',(-59.5,5.5,-5.5));
#6582=CARTESIAN_POINT('Origin',(-59.5,20.,-5.5));
#6583=CARTESIAN_POINT('',(-60.,20.,-5.5));
#6584=CARTESIAN_POINT('Origin',(-0.499999999999998,104.5,-0.5));
#6585=CARTESIAN_POINT('',(0.5,104.5,0.));
#6586=CARTESIAN_POINT('',(-0.499999999999998,105.5,0.));
#6587=CARTESIAN_POINT('Origin',(-0.499999999999998,104.5,0.));
#6588=CARTESIAN_POINT('',(-0.499999999999998,105.,-0.5));
#6589=CARTESIAN_POINT('Origin',(-0.499999999999998,105.5,-0.5));
#6590=CARTESIAN_POINT('',(0.,104.5,-0.5));
#6591=CARTESIAN_POINT('Origin',(-0.499999999999998,104.5,-0.5));
#6592=CARTESIAN_POINT('Origin',(0.5,104.5,-0.5));
#6593=CARTESIAN_POINT('Origin',(-59.5,105.5,-5.5));
#6594=CARTESIAN_POINT('',(-60.,105.5,-5.5));
#6595=CARTESIAN_POINT('',(-59.5,105.,-5.5));
#6596=CARTESIAN_POINT('Origin',(-59.5,105.5,-5.5));
#6597=CARTESIAN_POINT('Origin',(-59.5,105.5,-5.5));
#6598=CARTESIAN_POINT('Origin',(-59.5,105.5,-5.5));
#6599=CARTESIAN_POINT('Origin',(-59.5,5.5,-0.5));
#6600=CARTESIAN_POINT('',(-60.,5.5,-0.5));
#6601=CARTESIAN_POINT('',(-59.5,5.50000000000001,0.));
#6602=CARTESIAN_POINT('Origin',(-59.5,5.5,-0.5));
#6603=CARTESIAN_POINT('',(-59.5,5.,-0.5));
#6604=CARTESIAN_POINT('Origin',(-59.5,5.5,-0.5));
#6605=CARTESIAN_POINT('Origin',(-59.5,5.5,-0.5));
#6606=CARTESIAN_POINT('Origin',(-59.5,5.5,0.));
#6607=CARTESIAN_POINT('',(-60.,5.5,0.));
#6608=CARTESIAN_POINT('',(-59.5,5.,0.));
#6609=CARTESIAN_POINT('Origin',(-0.499999999999998,4.5,-5.5));
#6610=CARTESIAN_POINT('',(-0.499999999999998,5.,-5.5));
#6611=CARTESIAN_POINT('',(0.,4.5,-5.5));
#6612=CARTESIAN_POINT('Origin',(-0.499999999999998,4.5,-5.5));
#6613=CARTESIAN_POINT('Origin',(-0.499999999999998,5.5,-5.5));
#6614=CARTESIAN_POINT('Origin',(0.5,4.5,-5.5));
#6615=CARTESIAN_POINT('Origin',(-14.5,5.5,-5.5));
#6616=CARTESIAN_POINT('',(-14.5,5.,-5.5));
#6617=CARTESIAN_POINT('Origin',(-59.5,105.5,-0.5));
#6618=CARTESIAN_POINT('',(-59.5,105.,-0.5));
#6619=CARTESIAN_POINT('',(-60.,105.5,-0.5));
#6620=CARTESIAN_POINT('Origin',(-59.5,105.5,-0.5));
#6621=CARTESIAN_POINT('',(-59.5,105.5,0.));
#6622=CARTESIAN_POINT('Origin',(-59.5,105.5,-0.5));
#6623=CARTESIAN_POINT('Origin',(-59.5,105.5,-0.5));
#6624=CARTESIAN_POINT('Origin',(-45.,105.5,-0.5));
#6625=CARTESIAN_POINT('',(-45.,105.5,0.));
#6626=CARTESIAN_POINT('',(-45.,105.,-0.5));
#6627=CARTESIAN_POINT('Origin',(-59.5,114.5,-5.5));
#6628=CARTESIAN_POINT('',(-60.,114.5,-5.5));
#6629=CARTESIAN_POINT('Origin',(-59.5,114.5,-5.5));
#6630=CARTESIAN_POINT('',(-59.5,115.,-5.5));
#6631=CARTESIAN_POINT('Origin',(-59.5,114.5,-5.5));
#6632=CARTESIAN_POINT('Origin',(-59.5,114.5,-5.5));
#6633=CARTESIAN_POINT('Origin',(-0.499999999999998,4.5,-0.5));
#6634=CARTESIAN_POINT('',(0.5,4.5,0.));
#6635=CARTESIAN_POINT('',(-0.499999999999998,5.5,0.));
#6636=CARTESIAN_POINT('Origin',(-0.499999999999998,4.5,0.));
#6637=CARTESIAN_POINT('',(-0.499999999999998,5.,-0.5));
#6638=CARTESIAN_POINT('Origin',(-0.499999999999998,5.5,-0.5));
#6639=CARTESIAN_POINT('',(0.,4.5,-0.5));
#6640=CARTESIAN_POINT('Origin',(-0.499999999999998,4.5,-0.5));
#6641=CARTESIAN_POINT('Origin',(0.5,4.5,-0.5));
#6642=CARTESIAN_POINT('Origin',(-45.,5.5,-0.5));
#6643=CARTESIAN_POINT('',(-45.,5.5,0.));
#6644=CARTESIAN_POINT('',(-45.,5.,-0.5));
#6645=CARTESIAN_POINT('Origin',(-0.499999999999998,4.5,-3.));
#6646=CARTESIAN_POINT('',(-0.499999999999998,5.,-3.));
#6647=CARTESIAN_POINT('',(0.,4.5,-3.));
#6648=CARTESIAN_POINT('Origin',(-0.5,0.5,-5.5));
#6649=CARTESIAN_POINT('',(0.,0.5,-5.5));
#6650=CARTESIAN_POINT('',(-0.5,0.,-5.5));
#6651=CARTESIAN_POINT('Origin',(-0.5,0.5,-5.5));
#6652=CARTESIAN_POINT('Origin',(0.5,0.5,-5.5));
#6653=CARTESIAN_POINT('Origin',(-0.5,-0.5,-5.5));
#6654=CARTESIAN_POINT('Origin',(0.5,0.,-5.5));
#6655=CARTESIAN_POINT('',(0.,0.,-5.5));
#6656=CARTESIAN_POINT('Origin',(-59.5,114.5,-0.5));
#6657=CARTESIAN_POINT('',(-60.,114.5,-0.5));
#6658=CARTESIAN_POINT('',(-59.5,115.,-0.5));
#6659=CARTESIAN_POINT('Origin',(-59.5,114.5,-0.5));
#6660=CARTESIAN_POINT('',(-59.5,114.5,0.));
#6661=CARTESIAN_POINT('Origin',(-59.5,114.5,-0.5));
#6662=CARTESIAN_POINT('Origin',(-59.5,114.5,-0.5));
#6663=CARTESIAN_POINT('Origin',(-59.5,52.5,-0.5));
#6664=CARTESIAN_POINT('',(-59.5,52.5,0.));
#6665=CARTESIAN_POINT('',(-60.,52.5,-0.5));
#6666=CARTESIAN_POINT('Origin',(30.5,114.5,-5.5));
#6667=CARTESIAN_POINT('',(30.5,115.,-5.5));
#6668=CARTESIAN_POINT('Origin',(30.5,114.5,-5.5));
#6669=CARTESIAN_POINT('',(31.,114.5,-5.5));
#6670=CARTESIAN_POINT('Origin',(30.5,114.5,-5.5));
#6671=CARTESIAN_POINT('Origin',(30.5,114.5,-5.5));
#6672=CARTESIAN_POINT('Origin',(-0.499999999999998,0.499999999999998,-0.5));
#6673=CARTESIAN_POINT('',(-0.499999999999998,-0.499999999999998,0.));
#6674=CARTESIAN_POINT('',(0.5,0.499999999999998,0.));
#6675=CARTESIAN_POINT('Origin',(-0.499999999999998,0.499999999999998,0.));
#6676=CARTESIAN_POINT('',(0.,0.5,-0.5));
#6677=CARTESIAN_POINT('Origin',(0.5,0.499999999999998,-0.5));
#6678=CARTESIAN_POINT('',(-0.499999999999998,0.,-0.5));
#6679=CARTESIAN_POINT('Origin',(-0.5,0.5,-0.5));
#6680=CARTESIAN_POINT('Origin',(-0.499999999999998,-0.499999999999998,-0.5));
#6681=CARTESIAN_POINT('Origin',(0.5,32.5,-0.5));
#6682=CARTESIAN_POINT('',(0.5,32.5,0.));
#6683=CARTESIAN_POINT('',(0.,32.5,-0.5));
#6684=CARTESIAN_POINT('Origin',(-0.5,0.5,-3.));
#6685=CARTESIAN_POINT('',(0.,0.5,-3.));
#6686=CARTESIAN_POINT('',(-0.5,0.,-3.));
#6687=CARTESIAN_POINT('Origin',(-59.5,-0.499999999999998,-5.5));
#6688=CARTESIAN_POINT('',(-60.,-0.499999999999998,-5.5));
#6689=CARTESIAN_POINT('Origin',(-59.5,-0.499999999999998,-5.5));
#6690=CARTESIAN_POINT('',(-59.5,0.,-5.5));
#6691=CARTESIAN_POINT('Origin',(-59.5,-0.499999999999998,-5.5));
#6692=CARTESIAN_POINT('Origin',(-59.5,-0.5,-5.5));
#6693=CARTESIAN_POINT('Origin',(30.5,114.5,-0.5));
#6694=CARTESIAN_POINT('',(30.5,114.5,0.));
#6695=CARTESIAN_POINT('',(30.5,115.,-0.5));
#6696=CARTESIAN_POINT('Origin',(30.5,114.5,-0.5));
#6697=CARTESIAN_POINT('',(31.,114.5,-0.5));
#6698=CARTESIAN_POINT('Origin',(30.5,114.5,-0.5));
#6699=CARTESIAN_POINT('Origin',(30.5,114.5,-0.5));
#6700=CARTESIAN_POINT('Origin',(30.5,-59.5,-5.5));
#6701=CARTESIAN_POINT('',(31.,-59.5,-5.5));
#6702=CARTESIAN_POINT('Origin',(30.5,-59.5,-5.5));
#6703=CARTESIAN_POINT('',(30.5,-60.,-5.5));
#6704=CARTESIAN_POINT('Origin',(30.5,-59.5,-5.5));
#6705=CARTESIAN_POINT('Origin',(30.5,-59.5,-5.5));
#6706=CARTESIAN_POINT('Origin',(-59.5,-0.499999999999998,-0.5));
#6707=CARTESIAN_POINT('',(-60.,-0.499999999999998,-0.5));
#6708=CARTESIAN_POINT('',(-59.5,0.,-0.5));
#6709=CARTESIAN_POINT('Origin',(-59.5,-0.499999999999998,-0.5));
#6710=CARTESIAN_POINT('',(-59.5,-0.499999999999998,0.));
#6711=CARTESIAN_POINT('Origin',(-59.5,-0.499999999999998,-0.5));
#6712=CARTESIAN_POINT('Origin',(-59.5,-0.499999999999998,-0.5));
#6713=CARTESIAN_POINT('Origin',(-59.5,-19.5,-5.5));
#6714=CARTESIAN_POINT('',(-60.,-19.5,-5.5));
#6715=CARTESIAN_POINT('',(-59.5,-20.,-5.5));
#6716=CARTESIAN_POINT('Origin',(-59.5,-19.5,-5.5));
#6717=CARTESIAN_POINT('Origin',(-59.5,-19.5,-5.5));
#6718=CARTESIAN_POINT('Origin',(-59.5,-19.5,-5.5));
#6719=CARTESIAN_POINT('Origin',(-59.5,20.,-5.5));
#6720=CARTESIAN_POINT('',(-60.,20.,-5.5));
#6721=CARTESIAN_POINT('Origin',(30.5,-59.5,-0.5));
#6722=CARTESIAN_POINT('',(30.5,-59.5,0.));
#6723=CARTESIAN_POINT('',(31.,-59.5,-0.5));
#6724=CARTESIAN_POINT('Origin',(30.5,-59.5,-0.5));
#6725=CARTESIAN_POINT('',(30.5,-60.,-0.5));
#6726=CARTESIAN_POINT('Origin',(30.5,-59.5,-0.5));
#6727=CARTESIAN_POINT('Origin',(30.5,-59.5,-0.5));
#6728=CARTESIAN_POINT('Origin',(-59.5,-59.5,-5.5));
#6729=CARTESIAN_POINT('',(-60.,-59.5,-5.5));
#6730=CARTESIAN_POINT('',(-59.5,-60.,-5.5));
#6731=CARTESIAN_POINT('Origin',(-59.5,-59.5,-5.5));
#6732=CARTESIAN_POINT('Origin',(-59.5,-59.5,-5.5));
#6733=CARTESIAN_POINT('Origin',(-59.5,-59.5,-5.5));
#6734=CARTESIAN_POINT('Origin',(-59.5,-19.5,-0.5));
#6735=CARTESIAN_POINT('',(-60.,-19.5,-0.5));
#6736=CARTESIAN_POINT('',(-59.5,-19.5,0.));
#6737=CARTESIAN_POINT('Origin',(-59.5,-19.5,-0.5));
#6738=CARTESIAN_POINT('',(-59.5,-20.,-0.5));
#6739=CARTESIAN_POINT('Origin',(-59.5,-19.5,-0.5));
#6740=CARTESIAN_POINT('Origin',(-59.5,-19.5,-0.5));
#6741=CARTESIAN_POINT('Origin',(-59.5,-19.5,0.));
#6742=CARTESIAN_POINT('',(-60.,-19.5,0.));
#6743=CARTESIAN_POINT('',(-59.5,-20.,0.));
#6744=CARTESIAN_POINT('Origin',(-0.499999999999998,-20.5,-5.5));
#6745=CARTESIAN_POINT('',(-0.499999999999998,-20.,-5.5));
#6746=CARTESIAN_POINT('',(0.,-20.5,-5.5));
#6747=CARTESIAN_POINT('Origin',(-0.499999999999998,-20.5,-5.5));
#6748=CARTESIAN_POINT('Origin',(-0.499999999999998,-19.5,-5.5));
#6749=CARTESIAN_POINT('Origin',(0.5,-20.5,-5.5));
#6750=CARTESIAN_POINT('Origin',(-14.5,-19.5,-5.5));
#6751=CARTESIAN_POINT('',(-14.5,-20.,-5.5));
#6752=CARTESIAN_POINT('Origin',(-59.5,-59.5,-0.5));
#6753=CARTESIAN_POINT('',(-60.,-59.5,-0.5));
#6754=CARTESIAN_POINT('',(-59.5,-59.5,0.));
#6755=CARTESIAN_POINT('Origin',(-59.5,-59.5,-0.5));
#6756=CARTESIAN_POINT('',(-59.5,-60.,-0.5));
#6757=CARTESIAN_POINT('Origin',(-59.5,-59.5,-0.5));
#6758=CARTESIAN_POINT('Origin',(-59.5,-59.5,-0.5));
#6759=CARTESIAN_POINT('Origin',(-59.5,-59.5,0.));
#6760=CARTESIAN_POINT('',(-60.,-59.5,0.));
#6761=CARTESIAN_POINT('',(-59.5,-60.,0.));
#6762=CARTESIAN_POINT('Origin',(-47.5,-59.5,-0.5));
#6763=CARTESIAN_POINT('',(-47.5,-60.,-0.5));
#6764=CARTESIAN_POINT('',(-47.5,-59.5,0.));
#6765=CARTESIAN_POINT('Origin',(-59.5,-50.5,-5.5));
#6766=CARTESIAN_POINT('',(-60.,-50.5,-5.5));
#6767=CARTESIAN_POINT('Origin',(-59.5,-50.5,-5.5));
#6768=CARTESIAN_POINT('',(-59.5,-50.,-5.5));
#6769=CARTESIAN_POINT('Origin',(-59.5,-50.5,-5.5));
#6770=CARTESIAN_POINT('Origin',(-59.5,-50.5,-5.5));
#6771=CARTESIAN_POINT('Origin',(-0.499999999999998,-20.5,-0.5));
#6772=CARTESIAN_POINT('',(0.5,-20.5,0.));
#6773=CARTESIAN_POINT('',(-0.499999999999998,-19.5,0.));
#6774=CARTESIAN_POINT('Origin',(-0.499999999999998,-20.5,0.));
#6775=CARTESIAN_POINT('',(-0.499999999999998,-20.,-0.5));
#6776=CARTESIAN_POINT('Origin',(-0.499999999999998,-19.5,-0.5));
#6777=CARTESIAN_POINT('',(0.,-20.5,-0.5));
#6778=CARTESIAN_POINT('Origin',(-0.499999999999998,-20.5,-0.5));
#6779=CARTESIAN_POINT('Origin',(0.5,-20.5,-0.5));
#6780=CARTESIAN_POINT('Origin',(-45.,-19.5,-0.5));
#6781=CARTESIAN_POINT('',(-45.,-19.5,0.));
#6782=CARTESIAN_POINT('',(-45.,-20.,-0.5));
#6783=CARTESIAN_POINT('Origin',(-0.499999999999998,-20.5,-3.));
#6784=CARTESIAN_POINT('',(-0.499999999999998,-20.,-3.));
#6785=CARTESIAN_POINT('',(0.,-20.5,-3.));
#6786=CARTESIAN_POINT('Origin',(-0.5,-24.5,-5.5));
#6787=CARTESIAN_POINT('',(0.,-24.5,-5.5));
#6788=CARTESIAN_POINT('',(-0.5,-25.,-5.5));
#6789=CARTESIAN_POINT('Origin',(-0.5,-24.5,-5.5));
#6790=CARTESIAN_POINT('Origin',(0.5,-24.5,-5.5));
#6791=CARTESIAN_POINT('Origin',(-0.5,-25.5,-5.5));
#6792=CARTESIAN_POINT('Origin',(0.5,-12.5,-5.5));
#6793=CARTESIAN_POINT('',(0.,-12.5,-5.5));
#6794=CARTESIAN_POINT('Origin',(-59.5,-50.5,-0.5));
#6795=CARTESIAN_POINT('',(-60.,-50.5,-0.5));
#6796=CARTESIAN_POINT('',(-59.5,-50.,-0.5));
#6797=CARTESIAN_POINT('Origin',(-59.5,-50.5,-0.5));
#6798=CARTESIAN_POINT('',(-59.5,-50.5,0.));
#6799=CARTESIAN_POINT('Origin',(-59.5,-50.5,-0.5));
#6800=CARTESIAN_POINT('Origin',(-59.5,-50.5,-0.5));
#6801=CARTESIAN_POINT('Origin',(-59.5,52.5,-0.5));
#6802=CARTESIAN_POINT('',(-59.5,52.5,0.));
#6803=CARTESIAN_POINT('',(-60.,52.5,-0.5));
#6804=CARTESIAN_POINT('Origin',(-0.5,-49.5,-5.5));
#6805=CARTESIAN_POINT('',(0.,-49.5,-5.5));
#6806=CARTESIAN_POINT('',(-0.5,-50.,-5.5));
#6807=CARTESIAN_POINT('Origin',(-0.5,-49.5,-5.5));
#6808=CARTESIAN_POINT('Origin',(0.5,-49.5,-5.5));
#6809=CARTESIAN_POINT('Origin',(-0.5,-50.5,-5.5));
#6810=CARTESIAN_POINT('Origin',(-0.499999999999998,-24.5,-0.5));
#6811=CARTESIAN_POINT('',(-0.499999999999998,-25.5,0.));
#6812=CARTESIAN_POINT('',(0.5,-24.5,0.));
#6813=CARTESIAN_POINT('Origin',(-0.499999999999998,-24.5,0.));
#6814=CARTESIAN_POINT('',(0.,-24.5,-0.5));
#6815=CARTESIAN_POINT('Origin',(0.5,-24.5,-0.5));
#6816=CARTESIAN_POINT('',(-0.499999999999998,-25.,-0.5));
#6817=CARTESIAN_POINT('Origin',(-0.5,-24.5,-0.5));
#6818=CARTESIAN_POINT('Origin',(-0.499999999999998,-25.5,-0.5));
#6819=CARTESIAN_POINT('Origin',(0.5,20.,-0.5));
#6820=CARTESIAN_POINT('',(0.5,20.,0.));
#6821=CARTESIAN_POINT('',(0.,20.,-0.5));
#6822=CARTESIAN_POINT('Origin',(-0.5,-24.5,-3.));
#6823=CARTESIAN_POINT('',(0.,-24.5,-3.));
#6824=CARTESIAN_POINT('',(-0.5,-25.,-3.));
#6825=CARTESIAN_POINT('Origin',(-59.5,-25.5,-5.5));
#6826=CARTESIAN_POINT('',(-60.,-25.5,-5.5));
#6827=CARTESIAN_POINT('Origin',(-59.5,-25.5,-5.5));
#6828=CARTESIAN_POINT('',(-59.5,-25.,-5.5));
#6829=CARTESIAN_POINT('Origin',(-59.5,-25.5,-5.5));
#6830=CARTESIAN_POINT('Origin',(-59.5,-25.5,-5.5));
#6831=CARTESIAN_POINT('Origin',(-0.499999999999998,-49.5,-0.5));
#6832=CARTESIAN_POINT('',(-0.499999999999998,-50.5,0.));
#6833=CARTESIAN_POINT('',(0.5,-49.5,0.));
#6834=CARTESIAN_POINT('Origin',(-0.499999999999998,-49.5,0.));
#6835=CARTESIAN_POINT('',(0.,-49.5,-0.5));
#6836=CARTESIAN_POINT('Origin',(0.5,-49.5,-0.5));
#6837=CARTESIAN_POINT('',(-0.499999999999998,-50.,-0.5));
#6838=CARTESIAN_POINT('Origin',(-0.5,-49.5,-0.5));
#6839=CARTESIAN_POINT('Origin',(-0.499999999999998,-50.5,-0.5));
#6840=CARTESIAN_POINT('Origin',(-0.499999999999998,-45.5,-5.5));
#6841=CARTESIAN_POINT('',(-0.499999999999998,-45.,-5.5));
#6842=CARTESIAN_POINT('',(0.,-45.5,-5.5));
#6843=CARTESIAN_POINT('Origin',(-0.499999999999998,-45.5,-5.5));
#6844=CARTESIAN_POINT('Origin',(-0.499999999999998,-44.5,-5.5));
#6845=CARTESIAN_POINT('Origin',(0.5,-45.5,-5.5));
#6846=CARTESIAN_POINT('Origin',(-59.5,-25.5,-0.5));
#6847=CARTESIAN_POINT('',(-60.,-25.5,-0.5));
#6848=CARTESIAN_POINT('',(-59.5,-25.,-0.5));
#6849=CARTESIAN_POINT('Origin',(-59.5,-25.5,-0.5));
#6850=CARTESIAN_POINT('',(-59.5,-25.5,0.));
#6851=CARTESIAN_POINT('Origin',(-59.5,-25.5,-0.5));
#6852=CARTESIAN_POINT('Origin',(-59.5,-25.5,-0.5));
#6853=CARTESIAN_POINT('Origin',(-59.5,-44.5,-5.5));
#6854=CARTESIAN_POINT('',(-60.,-44.5,-5.5));
#6855=CARTESIAN_POINT('',(-59.5,-45.,-5.5));
#6856=CARTESIAN_POINT('Origin',(-59.5,-44.5,-5.5));
#6857=CARTESIAN_POINT('Origin',(-59.5,-44.5,-5.5));
#6858=CARTESIAN_POINT('Origin',(-59.5,-44.5,-5.5));
#6859=CARTESIAN_POINT('Origin',(-59.5,20.,-5.5));
#6860=CARTESIAN_POINT('',(-60.,20.,-5.5));
#6861=CARTESIAN_POINT('Origin',(-14.5,-44.5,-5.5));
#6862=CARTESIAN_POINT('',(-14.5,-45.,-5.5));
#6863=CARTESIAN_POINT('Origin',(-0.499999999999998,-45.5,-0.5));
#6864=CARTESIAN_POINT('',(0.5,-45.5,0.));
#6865=CARTESIAN_POINT('',(-0.499999999999998,-44.5,0.));
#6866=CARTESIAN_POINT('Origin',(-0.499999999999998,-45.5,0.));
#6867=CARTESIAN_POINT('',(-0.499999999999998,-45.,-0.5));
#6868=CARTESIAN_POINT('Origin',(-0.499999999999998,-44.5,-0.5));
#6869=CARTESIAN_POINT('',(0.,-45.5,-0.5));
#6870=CARTESIAN_POINT('Origin',(-0.499999999999998,-45.5,-0.5));
#6871=CARTESIAN_POINT('Origin',(0.5,-45.5,-0.5));
#6872=CARTESIAN_POINT('Origin',(-59.5,-44.5,-0.5));
#6873=CARTESIAN_POINT('',(-59.5,-45.,-0.5));
#6874=CARTESIAN_POINT('',(-60.,-44.5,-0.5));
#6875=CARTESIAN_POINT('Origin',(-59.5,-44.5,-0.5));
#6876=CARTESIAN_POINT('',(-59.5,-44.5,0.));
#6877=CARTESIAN_POINT('Origin',(-59.5,-44.5,-0.5));
#6878=CARTESIAN_POINT('Origin',(-59.5,-44.5,-0.5));
#6879=CARTESIAN_POINT('Origin',(-45.,-44.5,-0.5));
#6880=CARTESIAN_POINT('',(-45.,-44.5,0.));
#6881=CARTESIAN_POINT('',(-45.,-45.,-0.5));
#6882=CARTESIAN_POINT('Origin',(-59.5,52.5,-0.5));
#6883=CARTESIAN_POINT('',(-59.5,52.5,0.));
#6884=CARTESIAN_POINT('',(-60.,52.5,-0.5));
#6885=CARTESIAN_POINT('Origin',(-59.5,-44.5,0.));
#6886=CARTESIAN_POINT('',(-60.,-44.5,0.));
#6887=CARTESIAN_POINT('',(-59.5,-45.,0.));
#6888=CARTESIAN_POINT('Origin',(-0.499999999999998,-45.5,-3.));
#6889=CARTESIAN_POINT('',(-0.499999999999998,-45.,-3.));
#6890=CARTESIAN_POINT('',(0.,-45.5,-3.));
#6891=CARTESIAN_POINT('Origin',(0.5,7.5,-0.5));
#6892=CARTESIAN_POINT('',(0.5,7.5,0.));
#6893=CARTESIAN_POINT('',(0.,7.5,-0.5));
#6894=CARTESIAN_POINT('Origin',(-22.5,-25.5,-0.5));
#6895=CARTESIAN_POINT('',(-22.5,-25.5,0.));
#6896=CARTESIAN_POINT('',(-22.5,-25.,-0.5));
#6897=CARTESIAN_POINT('Origin',(-59.5,-25.5,0.));
#6898=CARTESIAN_POINT('',(-60.,-25.5,0.));
#6899=CARTESIAN_POINT('',(-59.5,-25.,0.));
#6900=CARTESIAN_POINT('Origin',(0.5,-25.,-5.5));
#6901=CARTESIAN_POINT('',(0.,-25.,-5.5));
#6902=CARTESIAN_POINT('Origin',(-0.5,-49.5,-3.));
#6903=CARTESIAN_POINT('',(0.,-49.5,-3.));
#6904=CARTESIAN_POINT('',(-0.5,-50.,-3.));
#6905=CARTESIAN_POINT('Origin',(-22.5,-50.5,-0.5));
#6906=CARTESIAN_POINT('',(-22.5,-50.5,0.));
#6907=CARTESIAN_POINT('',(-22.5,-50.,-0.5));
#6908=CARTESIAN_POINT('Origin',(8.,-25.5,-5.5));
#6909=CARTESIAN_POINT('',(8.,-25.,-5.5));
#6910=CARTESIAN_POINT('Origin',(8.,-50.5,-5.5));
#6911=CARTESIAN_POINT('',(8.,-50.,-5.5));
#6912=CARTESIAN_POINT('Origin',(-59.5,-50.5,0.));
#6913=CARTESIAN_POINT('',(-60.,-50.5,0.));
#6914=CARTESIAN_POINT('',(-59.5,-50.,0.));
#6915=CARTESIAN_POINT('Origin',(-59.5,20.,-5.5));
#6916=CARTESIAN_POINT('',(-60.,20.,-5.5));
#6917=CARTESIAN_POINT('Origin',(-59.5,52.5,-0.5));
#6918=CARTESIAN_POINT('',(-59.5,52.5,0.));
#6919=CARTESIAN_POINT('',(-60.,52.5,-0.5));
#6920=CARTESIAN_POINT('Origin',(-17.,-59.5,-5.5));
#6921=CARTESIAN_POINT('',(-17.,-60.,-5.5));
#6922=CARTESIAN_POINT('Origin',(30.5,-59.5,0.));
#6923=CARTESIAN_POINT('',(31.,-59.5,0.));
#6924=CARTESIAN_POINT('',(30.5,-60.,0.));
#6925=CARTESIAN_POINT('Origin',(30.5,32.5,-0.5));
#6926=CARTESIAN_POINT('',(30.5,32.5,0.));
#6927=CARTESIAN_POINT('',(31.,32.5,-0.5));
#6928=CARTESIAN_POINT('Origin',(-22.5,-0.499999999999998,-0.5));
#6929=CARTESIAN_POINT('',(-22.5,-0.499999999999998,0.));
#6930=CARTESIAN_POINT('',(-22.5,0.,-0.5));
#6931=CARTESIAN_POINT('Origin',(-59.5,-0.499999999999998,0.));
#6932=CARTESIAN_POINT('',(-60.,-0.499999999999998,0.));
#6933=CARTESIAN_POINT('',(-59.5,0.,0.));
#6934=CARTESIAN_POINT('Origin',(30.5,0.,-5.5));
#6935=CARTESIAN_POINT('',(31.,0.,-5.5));
#6936=CARTESIAN_POINT('Origin',(30.5,114.5,0.));
#6937=CARTESIAN_POINT('',(30.5,115.,0.));
#6938=CARTESIAN_POINT('',(31.,114.5,0.));
#6939=CARTESIAN_POINT('Origin',(-10.,114.5,-0.5));
#6940=CARTESIAN_POINT('',(-10.,114.5,0.));
#6941=CARTESIAN_POINT('',(-10.,115.,-0.5));
#6942=CARTESIAN_POINT('Origin',(8.,-0.5,-5.5));
#6943=CARTESIAN_POINT('',(8.,0.,-5.5));
#6944=CARTESIAN_POINT('Origin',(20.5,114.5,-5.5));
#6945=CARTESIAN_POINT('',(20.5,115.,-5.5));
#6946=CARTESIAN_POINT('Origin',(-59.5,114.5,0.));
#6947=CARTESIAN_POINT('',(-60.,114.5,0.));
#6948=CARTESIAN_POINT('',(-59.5,115.,0.));
#6949=CARTESIAN_POINT('Origin',(-59.5,20.,-5.5));
#6950=CARTESIAN_POINT('',(-60.,20.,-5.5));
#6951=CARTESIAN_POINT('Origin',(-59.5,105.5,0.));
#6952=CARTESIAN_POINT('',(-60.,105.5,0.));
#6953=CARTESIAN_POINT('',(-59.5,105.,0.));
#6954=CARTESIAN_POINT('Origin',(-59.5,52.5,-0.5));
#6955=CARTESIAN_POINT('',(-59.5,52.5,0.));
#6956=CARTESIAN_POINT('',(-60.,52.5,-0.5));
#6957=CARTESIAN_POINT('Origin',(-14.5,105.5,-5.5));
#6958=CARTESIAN_POINT('',(-14.5,105.,-5.5));
#6959=CARTESIAN_POINT('Origin',(-0.499999999999998,104.5,-3.));
#6960=CARTESIAN_POINT('',(-0.499999999999998,105.,-3.));
#6961=CARTESIAN_POINT('',(0.,104.5,-3.));
#6962=CARTESIAN_POINT('Origin',(0.5,82.5,-0.5));
#6963=CARTESIAN_POINT('',(0.5,82.5,0.));
#6964=CARTESIAN_POINT('',(0.,82.5,-0.5));
#6965=CARTESIAN_POINT('Origin',(-22.5,24.5,-0.5));
#6966=CARTESIAN_POINT('',(-22.5,24.5,0.));
#6967=CARTESIAN_POINT('',(-22.5,25.,-0.5));
#6968=CARTESIAN_POINT('Origin',(-59.5,24.5,0.));
#6969=CARTESIAN_POINT('',(-60.,24.5,0.));
#6970=CARTESIAN_POINT('',(-59.5,25.,0.));
#6971=CARTESIAN_POINT('Origin',(0.5,50.,-5.5));
#6972=CARTESIAN_POINT('',(0.,50.,-5.5));
#6973=CARTESIAN_POINT('Origin',(-0.5,100.5,-3.));
#6974=CARTESIAN_POINT('',(0.,100.5,-3.));
#6975=CARTESIAN_POINT('',(-0.5,100.,-3.));
#6976=CARTESIAN_POINT('Origin',(-22.5,99.5,-0.5));
#6977=CARTESIAN_POINT('',(-22.5,99.5,0.));
#6978=CARTESIAN_POINT('',(-22.5,100.,-0.5));
#6979=CARTESIAN_POINT('Origin',(8.,24.5,-5.5));
#6980=CARTESIAN_POINT('',(8.,25.,-5.5));
#6981=CARTESIAN_POINT('Origin',(8.,99.5,-5.5));
#6982=CARTESIAN_POINT('',(8.,100.,-5.5));
#6983=CARTESIAN_POINT('Origin',(-59.5,99.5,0.));
#6984=CARTESIAN_POINT('',(-60.,99.5,0.));
#6985=CARTESIAN_POINT('',(-59.5,100.,0.));
#6986=CARTESIAN_POINT('Origin',(-59.5,20.,-5.5));
#6987=CARTESIAN_POINT('',(-60.,20.,-5.5));
#6988=CARTESIAN_POINT('Origin',(-59.5,52.5,-0.5));
#6989=CARTESIAN_POINT('',(-59.5,52.5,0.));
#6990=CARTESIAN_POINT('',(-60.,52.5,-0.5));
#6991=CARTESIAN_POINT('Origin',(-59.5,30.5,0.));
#6992=CARTESIAN_POINT('',(-60.,30.5,0.));
#6993=CARTESIAN_POINT('',(-59.5,30.,0.));
#6994=CARTESIAN_POINT('Origin',(-14.5,80.5,-5.5));
#6995=CARTESIAN_POINT('',(-14.5,80.,-5.5));
#6996=CARTESIAN_POINT('Origin',(-0.499999999999998,79.5,-3.));
#6997=CARTESIAN_POINT('',(-0.499999999999998,80.,-3.));
#6998=CARTESIAN_POINT('',(0.,79.5,-3.));
#6999=CARTESIAN_POINT('Origin',(0.5,70.,-0.5));
#7000=CARTESIAN_POINT('',(0.5,70.,0.));
#7001=CARTESIAN_POINT('',(0.,70.,-0.5));
#7002=CARTESIAN_POINT('Origin',(-22.5,49.5,-0.5));
#7003=CARTESIAN_POINT('',(-22.5,49.5,0.));
#7004=CARTESIAN_POINT('',(-22.5,50.,-0.5));
#7005=CARTESIAN_POINT('Origin',(-59.5,49.5,0.));
#7006=CARTESIAN_POINT('',(-60.,49.5,0.));
#7007=CARTESIAN_POINT('',(-59.5,50.,0.));
#7008=CARTESIAN_POINT('Origin',(0.5,37.5,-5.5));
#7009=CARTESIAN_POINT('',(0.,37.5,-5.5));
#7010=CARTESIAN_POINT('Origin',(-0.5,75.5,-3.));
#7011=CARTESIAN_POINT('',(0.,75.5,-3.));
#7012=CARTESIAN_POINT('',(-0.5,75.,-3.));
#7013=CARTESIAN_POINT('Origin',(-22.5,74.5,-0.5));
#7014=CARTESIAN_POINT('',(-22.5,74.5,0.));
#7015=CARTESIAN_POINT('',(-22.5,75.,-0.5));
#7016=CARTESIAN_POINT('Origin',(8.,49.5,-5.5));
#7017=CARTESIAN_POINT('',(8.,50.,-5.5));
#7018=CARTESIAN_POINT('Origin',(8.,74.5,-5.5));
#7019=CARTESIAN_POINT('',(8.,75.,-5.5));
#7020=CARTESIAN_POINT('Origin',(-59.5,74.5,0.));
#7021=CARTESIAN_POINT('',(-60.,74.5,0.));
#7022=CARTESIAN_POINT('',(-59.5,75.,0.));
#7023=CARTESIAN_POINT('Origin',(-59.5,20.,-5.5));
#7024=CARTESIAN_POINT('',(-60.,20.,-5.5));
#7025=CARTESIAN_POINT('Origin',(-60.,55.,0.));
#7026=CARTESIAN_POINT('Origin',(-60.,40.,0.));
#7027=CARTESIAN_POINT('Origin',(0.,50.,-6.));
#7028=CARTESIAN_POINT('Origin',(-15.,50.,0.));
#7029=CARTESIAN_POINT('Origin',(-60.,40.,0.));
#7030=CARTESIAN_POINT('Origin',(-60.,80.,0.));
#7031=CARTESIAN_POINT('Origin',(-60.,30.,0.));
#7032=CARTESIAN_POINT('Origin',(-5.,25.,-6.));
#7033=CARTESIAN_POINT('Origin',(-15.,25.,0.));
#7034=CARTESIAN_POINT('Origin',(-60.,40.,0.));
#7035=CARTESIAN_POINT('Origin',(-60.,5.,0.));
#7036=CARTESIAN_POINT('Origin',(-60.,105.,0.));
#7037=CARTESIAN_POINT('Origin',(0.,0.,-6.));
#7038=CARTESIAN_POINT('Origin',(-60.,40.,0.));
#7039=CARTESIAN_POINT('Origin',(-15.,0.,0.));
#7040=CARTESIAN_POINT('Origin',(-60.,40.,0.));
#7041=CARTESIAN_POINT('Origin',(-60.,-20.,0.));
#7042=CARTESIAN_POINT('Origin',(-65.,-60.,0.));
#7043=CARTESIAN_POINT('Origin',(-60.,40.,0.));
#7044=CARTESIAN_POINT('Origin',(0.,-25.,-6.));
#7045=CARTESIAN_POINT('Origin',(-15.,-25.,0.));
#7046=CARTESIAN_POINT('Origin',(-30.,65.,0.));
#7047=CARTESIAN_POINT('Origin',(-60.,-45.,0.));
#7048=CARTESIAN_POINT('Origin',(-60.,40.,0.));
#7049=CARTESIAN_POINT('Origin',(0.,-50.,-6.));
#7050=CARTESIAN_POINT('Origin',(-15.,-50.,0.));
#7051=CARTESIAN_POINT('Origin',(31.,0.,0.));
#7052=CARTESIAN_POINT('Origin',(10.,115.,0.));
#7053=CARTESIAN_POINT('Origin',(0.,100.,-6.));
#7054=CARTESIAN_POINT('Origin',(-15.,100.,0.));
#7055=CARTESIAN_POINT('Origin',(-60.,40.,0.));
#7056=CARTESIAN_POINT('Origin',(0.,75.,-6.));
#7057=CARTESIAN_POINT('Origin',(-15.,75.,0.));
#7058=UNCERTAINTY_MEASURE_WITH_UNIT(LENGTH_MEASURE(0.01),#7062,
'DISTANCE_ACCURACY_VALUE',
'Maximum model space distance between geometric entities at asserted c
onnectivities');
#7059=UNCERTAINTY_MEASURE_WITH_UNIT(LENGTH_MEASURE(0.01),#7062,
'DISTANCE_ACCURACY_VALUE',
'Maximum model space distance between geometric entities at asserted c
onnectivities');
#7060=(
GEOMETRIC_REPRESENTATION_CONTEXT(3)
GLOBAL_UNCERTAINTY_ASSIGNED_CONTEXT((#7058))
GLOBAL_UNIT_ASSIGNED_CONTEXT((#7062,#7064,#7065))
REPRESENTATION_CONTEXT('','3D')
);
#7061=(
GEOMETRIC_REPRESENTATION_CONTEXT(3)
GLOBAL_UNCERTAINTY_ASSIGNED_CONTEXT((#7059))
GLOBAL_UNIT_ASSIGNED_CONTEXT((#7062,#7064,#7065))
REPRESENTATION_CONTEXT('','3D')
);
#7062=(
LENGTH_UNIT()
NAMED_UNIT(*)
SI_UNIT(.MILLI.,.METRE.)
);
#7063=(
LENGTH_UNIT()
NAMED_UNIT(*)
SI_UNIT($,.METRE.)
);
#7064=(
NAMED_UNIT(*)
PLANE_ANGLE_UNIT()
SI_UNIT($,.RADIAN.)
);
#7065=(
NAMED_UNIT(*)
SI_UNIT($,.STERADIAN.)
SOLID_ANGLE_UNIT()
);
#7066=SHAPE_DEFINITION_REPRESENTATION(#7067,#7068);
#7067=PRODUCT_DEFINITION_SHAPE('',$,#7070);
#7068=SHAPE_REPRESENTATION('',(#3938),#7060);
#7069=PRODUCT_DEFINITION_CONTEXT('part definition',#7074,'design');
#7070=PRODUCT_DEFINITION('2026-02-16-19-51-09-006','headphone_holder',#7071,
#7069);
#7071=PRODUCT_DEFINITION_FORMATION('',$,#7076);
#7072=PRODUCT_RELATED_PRODUCT_CATEGORY('headphone_holder',
'headphone_holder',(#7076));
#7073=APPLICATION_PROTOCOL_DEFINITION('international standard',
'automotive_design',2009,#7074);
#7074=APPLICATION_CONTEXT(
'Core Data for Automotive Mechanical Design Process');
#7075=PRODUCT_CONTEXT('part definition',#7074,'mechanical');
#7076=PRODUCT('2026-02-16-19-51-09-006','headphone_holder',$,(#7075));
#7077=PRESENTATION_STYLE_ASSIGNMENT((#7078));
#7078=SURFACE_STYLE_USAGE(.BOTH.,#7079);
#7079=SURFACE_SIDE_STYLE('',(#7080));
#7080=SURFACE_STYLE_FILL_AREA(#7081);
#7081=FILL_AREA_STYLE('Steel - Satin',(#7082));
#7082=FILL_AREA_STYLE_COLOUR('Steel - Satin',#7083);
#7083=COLOUR_RGB('Steel - Satin',0.627450980392157,0.627450980392157,0.627450980392157);
ENDSEC;
END-ISO-10303-21;
